UniProt ID	Gene	pLDDT	UniProt Annotation	Swiss-Prot	UniProt	AlphaFold-Proteomes	Most frequent hit	Most frequent hit n
A0A644EY58	GL50803_61578	83.1	Kinase, NEK	Serine/threonine-protein kinase Nek7	KIDINS220 protein	NIMA related kinase 4	Protein kinase domain-containing protein	515
A0A644EXS9	GL50803_33037	80.58	Zinc finger domain-containing protein	Zinc finger MYND domain-containing protein 12	MYND-type domain-containing protein	Zinc finger, MYND domain-containing 12	Tetratricopeptide repeat protein	84
A0A644EWZ5	GL50803_61458	85.52	Solute carrier family 35	Solute carrier family 35 member F6	PALP domain-containing protein	Solute carrier family 35 member F6	TPT domain-containing protein	171
A0A644EXW8	GL50803_50375	85.44	VSP	Variant-specific surface protein VSP4A1	Variant-specific surface protein VSP4A1	Proprotein convertase subtilisin/kexin type 6	Variant-specific surface protein	177
A0A644EY20	GL50803_13342	74.71	EF-hand domain-containing protein	Calcyphosin	Calcyphosine	Unplaced genomic scaffold supercont1.5, whole genome shotgun sequence	Calmodulin	248
A0A644EY49	GL50803_7035	62.26	Uncharacterized protein	None	SJCHGC03514 protein	None	SJCHGC03514 protein	1
A0A644EY08	GL50803_50379	87.27	VSP	R-spondin-3	VSP	Proprotein convertase subtilisin/kexin type 6	Variant-specific surface protein	263
A0A644EXT8	GL50803_40517	41.13	Uncharacterized protein	None	None	None	None	0
A0A644EXU2	GL50803_137612	85.43	VSP	Major surface-labeled trophozoite antigen 417	VSP	None	Variant-specific surface protein	202
A0A644EXR3	GL50803_102542	79.29	Kinase, NEK	Serine/threonine-protein kinase Nek7	Protein kinase domain-containing protein	Serine/threonine-protein kinase Nek7	Protein kinase domain-containing protein	492
A0A644EY15	GL50803_50380	83.81	High cysteine membrane protein Group 5	None	IMPG2	None	Chondroitin sulfate proteoglycan 5	4
A0A644EXU7	GL50803_40521	92.82	Shwachman-Bodian-Diamond protein	Ribosome maturation protein SDO1 homolog	Shwachman-Bodian-Diamond protein-like protein	Ribosome maturation protein SBDS	Elongation factor G	585
A0A644EWT4	GL50803_137614	84.34	VSP	Variant-specific surface protein VSP4A1	Variant-specific surface protein VSP4A1	R-spondin-1	Variant-specific surface protein	155
A0A644EXS6	GL50803_27308	85.8	Dynein light chain LC4	Dynein axonemal light chain 4	Dynein light chain	Dynein light chain	Dynein light chain	862
A0A644EXP1	GL50803_112932	97.04	Cell motility MEMO family protein	Protein MEMO1 homolog	Cell motility MEMO family protein	AmmeMemoRadiSam system protein B	AmmeMemoRadiSam system protein B	268
A0A644EY77	GL50803_101805	85.98	High cysteine membrane protein Group 1	None	High cysteine membrane protein Group 1	None	Variant-specific surface protein	173
A0A644EY87	GL50803_2902	81.55	Argonaute	Protein argonaute	Protein argonaute	Piwi-like protein	Piwi domain-containing protein	194
A0A644EXM4	GL50803_7655	65.44	Tubulin binding cofactor C	Protein XRP2	C-CAP/cofactor C-like domain-containing protein	Protein XRP2	Tubulin-folding cofactor C	313
A0A644EY12	GL50803_61550	82.13	Superoxide reductase (Desulfoferredoxin)	Superoxide reductase	Superoxide reductase (Desulfoferredoxin)	Arylsulfotransferase	Desulfoferrodoxin	19
A0A644EXZ4	GL50803_41227	87.2	VSP	Surface antigen CRP170	VSP	None	Variant-specific surface protein	182
A0A644EXT6	GL50803_16006	88.96	Leucine-rich repeat protein	Protein phosphatase 1 regulatory subunit 42	Protein phosphatase 1 regulatory subunit 42	Protein phosphatase 1 regulatory subunit 42	Por_Secre_tail domain-containing protein	33
A0A644EXM5	GL50803_50443	37.44	High cysteine protein	None	None	None	None	0
A0A644EXQ8	GL50803_39210	42.4	Uncharacterized protein	Thyroid adenoma-associated protein homolog	Armadillo-like helical	None	Thyroid adenoma-associated protein homolog	1
A0A644EY73	GL50803_16581	34.24	Uncharacterized protein	None	None	None	None	0
A0A644EXP6	GL50803_221689	88.83	Xenobiotic-transporting ATPase	ABC transporter C family member 13	Multidrug resistance-associated protein 7	ABC transporter C family member 13	ABC transporter ATP-binding protein	219
A0A644EXN3	GL50803_16205	86.19	Kinase, NEK	Serine/threonine-protein kinase Nek6	Protein kinase domain-containing protein	Serine/threonine-protein kinase Nek6	Protein kinase domain-containing protein	406
A0A644EXS1	GL50803_61478	45.11	Vps4 C terminal oligomerization domain-containing protein	None	None	None	None	0
A0A644EZN0	GL50803_16639	85	Elongator complex protein 3	Elongator complex protein 3	Elongator complex protein 3	Elongator complex protein 3	Radical SAM protein	254
A0A644EYZ4	GL50803_15064	75.62	Kinase, NEK	Serine/threonine-protein kinase Nek7	Predicted protein	Serine/threonine-protein kinase Nek7	Protein kinase domain-containing protein	214
A0A644EYV3	GL50803_61575	78.32	Dolichyl-diphosphooligosaccharide--protein glycosyltransferase subunit 1	Dolichyl-diphosphooligosaccharide--protein glycosyltransferase subunit 1B	DNA-dependent RNA polymerase beta' subunit/160 kD subunit	Dolichyl-diphosphooligosaccharide--protein glycosyltransferase subunit 1	Dolichyl-diphosphooligosaccharide--protein glycosyltransferase subunit 1	494
A0A644EZR6	GL50803_6584	80.68	Cyclin family protein	Cyclin-U4-3	Cyclin-U4-3	Cyclin-U4-3	Cyclin N-terminal domain-containing protein	171
A0A644EZ26	GL50803_61641	88.22	Ankyrin repeat protein 1	Ankyrin repeat, PH and SEC7 domain containing protein secG	Ankyrin repeat protein	S-acyltransferase	Ankyrin_rpt-contain_dom domain-containing protein	98
A0A644EZP5	GL50803_17502	83.22	GPI mannosyltransferase 1	GPI mannosyltransferase 1	GPI mannosyltransferase 1	GPI mannosyltransferase 1	GPI mannosyltransferase 1	300
A0A644EZK6	GL50803_10444	38.82	Uncharacterized protein	None	None	None	None	0
A0A644EYQ9	GL50803_17346	74.9	Ribonuclease H2 subunit B wHTH domain-containing protein	Ribonuclease H2 subunit B	Ribonuclease H2 subunit B	Ribonuclease H2 subunit B	Ribonuclease H2 subunit B	165
A0A644EYH3	GL50803_13926	75.88	Ribonucloprotein	H/ACA ribonucleoprotein complex subunit 2-like protein	Ribonucloprotein	Ribonucloprotein	40S ribosomal protein S12	254
A0A644EYB1	GL50803_14800	78.29	Ankyrin repeat protein 3	KN motif and ankyrin repeat domain-containing protein 2	ankyrin repeat and SAM domain-containing protein 1A-like isoform X2	Ankyrin repeat domain 6b	Ankyrin_rpt-contain_dom domain-containing protein	53
A0A644EYZ8	GL50803_61646	62.65	Uncharacterized protein	Dynamin-binding protein	Ni_hydr_CYTB domain-containing protein	Dynamin-binding protein	Katanin p60 ATPase-containing subunit A1	29
A0A644EZ60	GL50803_12828	34.67	Uncharacterized protein	None	None	None	None	0
A0A644EYK7	GL50803_17045	27.06	Uncharacterized protein	None	None	None	None	0
A0A644EYQ1	GL50803_112937	80.59	Ankyrin repeat protein 1	Protein fem-1 homolog C	Protein 21.1	Protein fem-1 homolog B	Ankyrin repeat protein 1	185
A0A644EYF0	GL50803_61593	80.07	Uncharacterized protein	None	R3H domain-containing protein	RE54994p	DUF4804 domain-containing protein	15
A0A644EZT4	GL50803_13310	54.45	TFIIS N-terminal domain-containing protein	None	None	None	None	0
A0A644EYK1	GL50803_61472	81.38	Ankyrin repeat protein 2	26S proteasome non-ATPase regulatory subunit 10	Ankyrin repeat protein	ANK_REP_REGION domain-containing protein	Ankyrin repeat protein 1	230
A0A644EZE9	GL50803_14003	41.28	Nuclear pore protein	Tetratricopeptide repeat protein 19, mitochondrial	Tetratricopeptide repeat protein	TPR_REGION domain-containing protein	Tetratricopeptide repeat protein	6
A0A644EZQ3	GL50803_61724	87.19	Ankyrin repeat protein 1	Receptor-interacting serine/threonine-protein kinase 4	Ankyrin repeat protein	S-acyltransferase	Protein 21.1	109
A0A644EZT7	GL50803_14622	55.7	60S ribosomal protein L13	60S ribosomal protein L13	60S ribosomal protein L13	60S ribosomal protein L13	60S ribosomal protein L13	220
A0A644EYZ3	GL50803_7524	52.09	Uncharacterized protein	Charged multivesicular body protein 7	TIR domain-containing protein	SNF7 family protein	Probable [Fe-S]-dependent transcriptional repressor	32
A0A644EYW9	GL50803_87202	87.31	TPR repeat family protein	Tetratricopeptide repeat protein 30A2	Tetratricopeptide repeat protein 30	Tetratricopeptide repeat protein 30A2	Tetratricopeptide repeat protein	230
A0A644EYS0	GL50803_61489	81.11	Ankyrin repeat protein 2	DNA-binding protein RFXANK	Ankyrin repeat protein	ANK_REP_REGION domain-containing protein	Ankyrin repeat protein 1	228
A0A644EZ43	GL50803_7511	93.97	Inosine triphosphate pyrophosphatase	Inosine triphosphate pyrophosphatase	Inosine triphosphate pyrophosphatase	Inosine triphosphate pyrophosphatase	dITP/XTP pyrophosphatase	681
A0A644EYB0	GL50803_14818	48.69	Spindle pole protein	None	None	None	None	0
A0A644EYW8	GL50803_15063	87.61	Long chain fatty acid CoA ligase 5	Long-chain-fatty-acid--CoA ligase 1	AMP-binding domain-containing protein	Long-chain-fatty-acid--CoA ligase 1	Acetyl-coenzyme A synthetase	227
A0A644EZM8	GL50803_32399	39.35	CYRIA/CYRIB Rac1 binding domain-containing protein	None	None	None	None	0
A0A644EZQ5	GL50803_8377	84.05	TM nitroreductase	FMN reductase [NAD(P)H]	TM1586_NiRdase domain-containing protein	Nitroreductase domain containing protein	Nitroreductase family protein	263
A0A644EZ47	GL50803_115694	73.52	SprT-like family protein	DNA-dependent metalloprotease dvc-1	SprT-like domain-containing protein	DNA-dependent metalloprotease dvc-1	SprT-like domain-containing protein	384
A0A644EZT8	GL50803_8064	88.39	Protein disulfide isomerase PDI5	Thioredoxin domain-containing protein 5 homolog	Protein disulfide-isomerase	Thioredoxin domain-containing protein 5 homolog	Thioredoxin	556
A0A644EZX7	GL50803_15413	53.19	RER1-like protein-retention of ER protein	None	RER1-like protein-retention of ER protein	None	RER1-like protein-retention of ER protein	1
A0A644EYL3	GL50803_17165	69.24	ABC transporter, ATP-binding protein	Phospholipid-transporting ATPase ABCA3	Int-abc_transporter_10	Phospholipid-transporting ATPase ABCA3	ABC transporter ATP-binding protein	298
A0A644EYW7	GL50803_15062	54.02	Uncharacterized protein	Eukaryotic translation initiation factor 3 subunit A	DUF4297 domain-containing protein	Eukaryotic translation initiation factor 3 subunit A	Eukaryotic translation initiation factor 3 subunit A	15
A0A644EZ44	GL50803_13651	52.43	Uncharacterized protein	None	Sorting nexin-41	None	Sorting nexin-41	1
A0A644EZI1	GL50803_61626	43.59	Uncharacterized protein	None	None	None	None	0
A0A644EZI2	GL50803_10856	93.19	Alpha-snap	Gamma-soluble NSF attachment protein	CSON005978 protein	N-ethylmaleimide-sensitive factor attachment protein, gamma a	Tetratricopeptide repeat protein	144
A0A644EZZ4	GL50803_5659	87.38	methionine adenosyltransferase	Probable S-adenosylmethionine synthase 3	S-adenosylmethionine synthase	S-adenosylmethionine synthase	S-adenosylmethionine synthase	1188
A0A644EYM0	GL50803_50444	38.69	High cysteine protein	None	None	None	None	0
A0A644EZ37	GL50803_7521	49.55	Uncharacterized protein	None	None	None	None	0
A0A644EYH9	GL50803_5116	32.75	Uncharacterized protein	None	None	None	None	0
A0A644EZE6	GL50803_16722	78.48	Xaa-Pro dipeptidase	Xaa-Pro dipeptidase	Xaa-Pro dipeptidase	Aminopeptidase P	Aminopeptidase P family protein	324
A0A644EYQ3	GL50803_94143	49.18	Uncharacterized protein	None	GPDPase_memb domain-containing protein	None	GPDPase_memb domain-containing protein	1
A0A644EYX5	GL50803_4270	82.74	FERM domain-containing protein	Myosin-I heavy chain	FERM domain-containing protein	Si:ch73-194h10.2	FERM domain-containing protein	155
A0A644EZ00	GL50803_3598	52.95	Nup53/35/40-type RNA recognition motif-containing protein	Nucleoporin NUP35	Nucleoporin	Nucleoporin NUP35	RRM domain-containing protein	221
A0A644EZH0	GL50803_61708	53.27	Las1-like protein	Ribosomal biogenesis protein LAS1L	Las1-like protein	Unplaced genomic scaffold supercont1.1, whole genome shotgun sequence	Las1-domain-containing protein	35
A0A644EZK1	GL50803_16641	63.25	Ataxin-10 domain-containing protein	Copper transport protein 86	Atx10homo_assoc domain-containing protein	Atx10homo assoc domain containing protein	Copper transport protein 86	122
A0A644EZW7	GL50803_16862	91.37	Kinase, NEK	Serine/threonine-protein kinase Nek3	Protein kinase domain-containing protein	Serine/threonine-protein kinase Nek2	Protein kinase domain-containing protein	495
A0A644EZ07	GL50803_8860	84.95	Kinase, NEK	Serine/threonine-protein kinase Nek8	Ankrd17 protein	Serine/threonine-protein kinase Nek8	Protein kinase domain-containing protein	563
A0A644EYW6	GL50803_61549	81.24	Ankyrin repeat protein 1	Ankyrin repeat domain-containing protein 6	Transient receptor potential cation channel subfamily A member 1	Ankyrin repeat-containing protein ITN1	Ankyrin_rpt-contain_dom domain-containing protein	57
A0A644EYA9	GL50803_61589	51.82	Spec3 membrane protein	None	Spec3 membrane protein	None	Spec3 membrane protein	2
A0A644EYA2	GL50803_61590	73.74	LSM domain-containing protein	U6 snRNA-associated Sm-like protein LSm1	Sm domain-containing protein	U6 snRNA-associated Sm-like protein LSm1	U6 snRNA-associated Sm-like protein LSm1	344
A0A644EZB9	GL50803_60191	62.29	Ribosomal protein L39	None	None	None	None	0
A0A644EYV6	GL50803_9858	36.85	Uncharacterized protein	None	None	None	None	0
A0A644EZ50	GL50803_61606	57.42	Uncharacterized protein	None	FGE-sulfatase domain-containing protein	None	FGE-sulfatase domain-containing protein	1
A0A644EYN4	GL50803_1875	74.72	Uncharacterized protein	Docking protein 6	Ran-binding protein 3 (Trinotate prediction)	BMA-AEX-3	FACT complex subunit SSRP1	106
A0A644EZP8	GL50803_10270	48.36	Uncharacterized protein	Branchpoint-bridging protein	splicing factor-like protein 1	Branchpoint-bridging protein	KH domain-containing protein	298
A0A644EZ96	GL50803_61675	82.99	Papain family peptidase	Cathepsin B-like CP3	Cathepsin B	Cathepsin B-like protease 2	Pept_C1 domain-containing protein	303
A0A644EZ98	GL50803_16761	53.35	Spindle pole protein	None	10 kDa culture filtrate antigen EsxB (LHP) (CFP10) [Mycobacterium tuberculosis H37Rv]	None	10 kDa culture filtrate antigen EsxB (LHP) (CFP10) [Mycobacterium tuberculosis H37Rv]	1
A0A644EYZ7	GL50803_16675	84.64	Geranylgeranyl transferase type-2 subunit alpha	Geranylgeranyl transferase type-2 subunit alpha	Geranylgeranyl transferase type-2 subunit alpha	Geranylgeranyl transferase type-2 subunit alpha	Tetratricopeptide repeat protein	169
A0A644EYX3	GL50803_61627	71.7	Uncharacterized protein	None	None	None	None	0
A0A644EYH1	GL50803_5462	84.2	Delta-tubulin	Tubulin delta chain	Delta-tubulin	Delta-tubulin	Tubulin beta chain	477
A0A644EZE4	GL50803_2012	89.8	Uncharacterized protein	Peroxisome biogenesis protein 22	peroxisome biogenesis protein 22	Peroxisome biogenesis protein 22	GDP-Man:Man(3)GlcNAc(2)-PP-Dol alpha-1,2-mannosyltransferase	54
A0A644EZR8	GL50803_112647	83.04	VSP	Major surface-labeled trophozoite antigen 417	VSP	Furin	Variant-specific surface protein	233
A0A644EYQ0	GL50803_112113	85.98	VSP	Variant-specific surface protein VSP4A1	Variant-specific surface protein VSP4A1	Proprotein convertase subtilisin/kexin type 6	Variant-specific surface protein	175
A0A644EYY6	GL50803_3599	73.4	Ankyrin repeat protein 1	Ankyrin repeat and SAM domain-containing protein 4B	Ankyrin_rpt-contain_dom domain-containing protein	Ankyrin repeat and SAM domain-containing protein 4B	Ankyrin_rpt-contain_dom domain-containing protein	228
A0A644EZW6	GL50803_9132	37.94	Uncharacterized protein	Transcription factor bHLH118	BHLH domain-containing protein	BHLH domain-containing protein	BHLH domain-containing protein	6
A0A644EZU0	GL50803_5927	83.43	Qc-SNARE 1	Syntaxin-6	t-SNARE coiled-coil homology domain-containing protein	Syntaxin-6	t-SNARE coiled-coil homology domain-containing protein	56
A0A644EZZ2	GL50803_7416	87.77	Methyltransferase	tRNA (carboxymethyluridine(34)-5-O)-methyltransferase	Methyltransf_11 domain-containing protein	tRNA (carboxymethyluridine(34)-5-O)-methyltransferase	Ubiquinone/menaquinone biosynthesis C-methyltransferase UbiE	274
A0A644EZX6	GL50803_8322	52.4	Uncharacterized protein	Pre-mRNA-processing factor 19	Pre-mRNA-processing factor 19	Pre-mRNA-processing factor 19	Striatin domain-containing protein	9
A0A644EYY1	GL50803_33769	95.8	NADH oxidase	NADH oxidase	SidA/IucD/PvdA family monooxygenase	NADH dehydrogenase	Dihydrolipoyl dehydrogenase	132
A0A644EZP4	GL50803_15154	48.9	Uncharacterized protein	RNA binding protein fox-1 homolog 1	RRM domain-containing protein	Elav (Embryonic lethal, abnormal vision,drosophila)-like protein	RRM domain-containing protein	162
A0A644EZF2	GL50803_10846	89.85	P21-C-terminal region-binding protein	Protein bcp1	p21-C-terminal region-binding protein	Protein BCCIP homolog	N-acetyltransferase domain-containing protein	116
A0A644EZ80	GL50803_17166	59.08	Nucleotidyltransferase domain protein	Poly(A) RNA polymerase GLD2	Terminal nucleotidyltransferase 4A	None	Polynucleotide adenylyltransferase	6
A0A644EYU5	GL50803_17330	38.59	Uncharacterized protein	None	None	None	None	0
A0A644EYY9	GL50803_14636	79.35	Ankyrin repeat protein 1	Serine/threonine-protein kinase Nek6	Ankyrin repeat	NimA-like kinase	Protein kinase domain-containing protein	549
A0A644EZ99	GL50803_14168	94.14	Amino acid transporter system N2	Probable sodium-coupled neutral amino acid transporter 6	Sodium-coupled neutral amino acid transporter 3	Aa_trans domain-containing protein	Aa_trans domain-containing protein	217
A0A644EZ89	GL50803_14068	85.36	Trafficking protein particle complex subunit	Trafficking protein particle complex subunit 4	Trafficking protein particle complex subunit	Trafficking protein particle complex subunit	Trafficking protein particle complex subunit	422
A0A644EYU0	GL50803_17336	75.56	Uncharacterized protein	NAD-capped RNA hydrolase ndx-9	NAD(+) diphosphatase	NAD-capped RNA hydrolase ndx-9	NAD(+) diphosphatase	578
A0A644F070	GL50803_15410	87.68	Ankyrin repeat protein 1	Ankyrin repeat and SAM domain-containing protein 3	Serine/threonine protein kinase	Ankyrin repeat and SAM domain-containing protein 3	Ankyrin_rpt-contain_dom domain-containing protein	119
A0A644F0S8	GL50803_12999	50.12	Uncharacterized protein	None	Phosphatidylserine decarboxylase family protein	None	Phosphatidylserine decarboxylase family protein	1
A0A644F065	GL50803_14679	90.99	Ankyrin repeat protein 1	Serine/threonine-protein phosphatase 6 regulatory ankyrin repeat subunit C	Protein 21.1	Serine/threonine-protein phosphatase 6 regulatory ankyrin repeat subunit C	Protein 21.1	116
A0A644F182	GL50803_8388	60.3	Ankyrin repeat protein 1	Cortactin-binding protein 2	Unplaced genomic scaffold supercont1.3, whole genome shotgun sequence	Ankyrin repeat domain-containing protein 24	Ankyrin_rpt-contain_dom domain-containing protein	9
A0A644F199	GL50803_61388	91.47	Prefoldin subunit	Probable prefoldin subunit 1	Prefoldin subunit 6	Unplaced genomic scaffold supercont1.3, whole genome shotgun sequence	Prefoldin subunit beta	43
A0A644F0E6	GL50803_113433	65.01	Uncharacterized protein	Leucine-rich repeat LGI family member 3	Dabb family protein	Leucine-rich repeat LGI family member 3	F-box domain-containing protein	45
A0A644F0J1	GL50803_14828	86.01	Alpha/beta hydrolase	Esterase CBG03338	Alpha/beta hydrolase	FSH1 domain-containing protein	Proline iminopeptidase	194
A0A644F0W2	GL50803_103887	67.19	Dicer	Endoribonuclease Dicer-like	Endoribonuclease Dicer	Endoribonuclease Dicer homolog 2b	Ribonuclease 3	1016
A0A644F0F6	GL50803_14999	59.2	Uncharacterized protein	Pleckstrin homology domain-containing family D member 1	None	None	Pleckstrin homology domain-containing family D member 1	1
A0A644F0T0	GL50803_61359	91.47	Beta-1,4-N-acetylglucosaminyltransferase	UDP-N-acetylglucosamine transferase subunit ALG14	Beta-1,4-N-acetylglucosaminyltransferase	ALG14, UDP-N-acetylglucosaminyltransferase subunit	UDP-N-acetylglucosamine--N-acetylmuramyl-(pentapeptide) pyrophosphoryl-undecaprenol N-acetylglucosamine transferase	958
A0A644F129	GL50803_113450	87.27	VSP with INR	Major surface-labeled trophozoite antigen 417	Variant-specific surface protein 417-4	R-spondin 2	Variant-specific surface protein	230
A0A644F012	GL50803_16728	67.63	Phosphatidylinositol-3,4,5-trisphosphate 3-phosphatase	Phosphatidylinositol 3,4,5-trisphosphate 3-phosphatase and dual-specificity protein phosphatase PTEN	Phosphatidylinositol-3,4,5-trisphosphate 3-phosphatase	Phosphatidylinositol 3,4,5-trisphosphate 3-phosphatase and dual-specificity protein phosphatase PTEN	Phosphatidylinositol-3,4,5-trisphosphate 3-phosphatase	254
A0A644F066	GL50803_10969	90.18	Cytosolic Fe-S cluster assembly factor NUBP1 homolog	Cytosolic Fe-S cluster assembly factor nubp1-A	Cytosolic Fe-S cluster assembly factor NUBP1	Cytosolic Fe-S cluster assembly factor NUBP1	Iron-sulfur cluster carrier protein	451
A0A644F186	GL50803_9611	54.12	Fcf2 pre-rRNA processing protein	None	None	None	None	0
A0A644F174	GL50803_15490	67.98	Uncharacterized protein	Cytochrome c oxidase subunit 6, mitochondrial	DUF4476 domain-containing protein	DUF4476 domain-containing protein	DUF4476 domain-containing protein	520
A0A644F1D4	GL50803_5800	81.31	Lipid binding protein	StAR-related lipid transfer protein 6	Lipid binding protein	StAR-related lipid transfer protein 6	START domain-containing protein	245
A0A644F051	GL50803_9130	73.5	Histone methyltransferase HMT1	Histone-lysine N-methyltransferase ASHH1	Histone-lysine N-methyltransferase ASHH1	Os02g0554000 protein	SET domain-containing protein	155
A0A644F0G9	GL50803_8511	39.95	Uncharacterized protein	Dermonecrotic toxin SpeSicTox-betaIIA2ii	Ribosomal protein S11	GDP-Man:Man(3)GlcNAc(2)-PP-Dol alpha-1,2-mannosyltransferase	ROK family protein	4
A0A644EZZ7	GL50803_7259	89.78	CDP-diacylglycerol-glycerol-3-phosphate 3-phosphatidyltransferase	CDP-diacylglycerol--glycerol-3-phosphate 3-phosphatidyltransferase	CDP-diacylglycerol--glycerol-3-phosphate 3-phosphatidyltransferase	CDP-diacylglycerol--glycerol-3-phosphate 3-phosphatidyltransferase	CDP-diacylglycerol--glycerol-3-phosphate 3-phosphatidyltransferase	433
A0A644F136	GL50803_17389	90.98	Threonylcarbamoyl-AMP synthase	Threonylcarbamoyl-AMP synthase	Threonylcarbamoyl-AMP synthase	Threonylcarbamoyl-AMP synthase	Threonylcarbamoyl-AMP synthase	825
A0A644F0U4	GL50803_32297	85.52	Small nuclear ribonucleoprotein Sm D2	Small nuclear ribonucleoprotein Sm D2	Small nuclear ribonucleoprotein Sm D2	Small nuclear ribonucleoprotein Sm D2	RNA-binding protein Hfq	392
A0A644F191	GL50803_17412	60.06	Chromosome segregation protein SMC	None	Non-specific dna binding spt2	None	Non-specific dna binding spt2	1
A0A644F0L0	GL50803_15292	89.51	PQ loop repeat-containing protein	Solute carrier family 66 member 2	PQ loop repeat-containing protein	PQ loop repeat protein	Bidirectional sugar transporter SWEET	101
A0A644F0Y1	GL50803_114218	91.09	Tubulin gamma chain	Tubulin gamma-2 chain	Tubulin gamma chain	Tubulin gamma-2 chain	Tubulin beta chain	428
A0A644F159	GL50803_113439	87.96	VSP with INR	Major surface-labeled trophozoite antigen 417	Major surface-labeled trophozoite antigen 417	R-spondin 2	Variant-specific surface protein	248
A0A644F0M5	GL50803_18471	87.36	Uncharacterized protein	Ribonuclease P protein component 2	Ribonuclease P	Ribonuclease P/MRP protein subunit POP5	Ribonuclease P	347
A0A644F0Y4	GL50803_36654	46.53	Uncharacterized protein	None	Solute carrier family 37 member 1	Unplaced genomic scaffold supercont1.1, whole genome shotgun sequence	MFS domain-containing protein	32
A0A644F0Z2	GL50803_15324	85.37	Nucleotide-binding protein 35	Cytosolic Fe-S cluster assembly factor nubp1-A	Nubp1 protein	Cytosolic Fe-S cluster assembly factor NUBP1 homolog	Iron-sulfur cluster carrier protein	450
A0A644F198	GL50803_7566	68	Uncharacterized protein	None	None	None	None	0
A0A644F1E4	GL50803_23800	79.77	Uncharacterized protein	Magnesium transporter MRS2-C	Magnesium transporter	Magnesium transporter	Magnesium transporter	65
A0A644F0H9	GL50803_9605	85.67	Ankyrin repeat protein	GTP-binding protein A	Ankyrin repeat protein	Unplaced genomic scaffold supercont1.3, whole genome shotgun sequence	G domain-containing protein	144
A0A644F029	GL50803_61272	85.39	NTF2 domain-containing protein	Ras GTPase-activating protein-binding protein 1	Cell division control protein 50	NTF2 domain-containing protein	SnoaL-like domain-containing protein	251
A0A644F0H2	GL50803_8051	44.2	Uncharacterized protein	None	None	None	None	0
A0A644F050	GL50803_14752	42.15	Uncharacterized protein	TEL2-interacting protein 2	Exportin-6	Exportin-6	Exportin-6	3
A0A644F0P6	GL50803_21367	33.76	Uncharacterized protein	None	None	None	None	0
A0A644F0I3	GL50803_61303	85.78	Uncharacterized protein	Mitochondrial import inner membrane translocase subunit Tim8	Mitochondrial import inner membrane translocase subunit	Mitochondrial import inner membrane translocase subunit	zf-Tim10_DDP domain-containing protein	149
A0A644F0W1	GL50803_6888	70.12	Pre-rRNA-processing protein TSR2	Pre-rRNA-processing protein TSR2 homolog	Pre-rRNA-processing protein TSR2	Pre-rRNA-processing protein TSR2 homolog	Pre-rRNA-processing protein TSR2 homolog	188
A0A644F0T8	GL50803_16348	69.12	Alpha-tubulin N-acetyltransferase	Alpha-tubulin N-acetyltransferase	Alpha-tubulin N-acetyltransferase	Alpha-tubulin N-acetyltransferase	Alpha-tubulin N-acetyltransferase	281
A0A644F1A9	GL50803_14486	94.16	YbaK/prolyl-tRNA synthetase-like protein	Cys-tRNA(Pro)/Cys-tRNA(Cys) deacylase YbaK	YbaK/prolyl-tRNA synthetase-like protein	tRNA_edit domain-containing protein	Proline--tRNA ligase	406
A0A644F026	GL50803_61271	55.72	Uncharacterized protein	Kinesin-like protein KIN-5D	Kinesin-like protein	Kinesin motor domain-containing protein	Kinesin-like protein	289
A0A644F0V8	GL50803_17393	73.98	Nucleotidyl transferase	Tyrosine--tRNA ligase, cytoplasmic	Tyrosyl-tRNA synthetase	Tyrosine--tRNA ligase	Tyrosine--tRNA ligase	481
A0A644F0E1	GL50803_61276	28.5	Uncharacterized protein	None	None	None	None	0
A0A644F048	GL50803_221691	35	Histone methyltransferase HMT2	Histone-lysine N-methyltransferase SUVR5	Predicted protein	Histone-lysine N-methyltransferase SUVR5	SET domain-containing protein	7
A0A644F158	GL50803_33279	79.35	VSP	None	VSP	None	Variant-specific surface protein	91
A0A644F0Y6	GL50803_14174	68.17	Glutamate-rich WD-repeat protein	Glutamate-rich WD repeat-containing protein 1	WD40 repeat	WD_REPEATS_REGION domain-containing protein	WD_REPEATS_REGION domain-containing protein	91
A0A644F037	GL50803_61270	54.15	SUN domain protein	None	Spindle pole body associated protein	None	F5/8 type C domain-containing protein	10
A0A644F090	GL50803_50332	86.02	High cysteine membrane protein	Major surface-labeled trophozoite antigen 417	Variant-specific surface protein	P/Homo B domain-containing protein	Variant-specific surface protein	229
A0A644F1F3	GL50803_12820	84.16	ABC transporter family protein	ABC transporter A family member 9	ABC transporter family protein	ATPase_AAA_core domain-containing protein	Phosphate import ATP-binding protein PstB	233
A0A644F045	GL50803_5604	66.07	Nascent polypeptide-associated complex subunit beta	Nascent polypeptide-associated complex subunit alpha	Nascent polypeptide-associated complex subunit beta	Alpha-NAC	Transcription factor BTF3	286
A0A644F0P9	GL50803_11486	88.88	20S proteasome alpha subunit 7	Proteasome subunit alpha type-3	Proteasome subunit alpha type	Proteasome subunit alpha type-3	Proteasome subunit beta	500
A0A644F099	GL50803_11499	86.41	Ankyrin repeat protein 1	Receptor-interacting serine/threonine-protein kinase 4	Kinase, NEK	Ankyrin repeat-containing protein ITN1	ANK_REP_REGION domain-containing protein	102
A0A644F0U1	GL50803_16607	72.17	mRNA 5'-phosphatase	mRNA-capping enzyme subunit beta	Polynucleotide 5'-triphosphatase	mRNA-capping enzyme subunit beta	mRNA-capping enzyme subunit beta	245
A0A644F0Z6	GL50803_20603	70.36	Cgr1 family protein	None	Coiled-coil domain-containing protein 86	None	Coiled-coil domain-containing protein 86	51
A0A644F164	GL50803_15097	92.89	Alpha-14 giardin	Annexin E1	Annexin A5	Annexin A2	Annexin	740
A0A644F1B7	GL50803_103855	61.96	Vacuolar protein sorting-associated protein 29	Vacuolar protein sorting-associated protein 29	Vacuolar protein sorting-associated protein 29	Vacuolar protein sorting-associated protein 29	Vacuolar protein sorting-associated protein 29	43
A0A644F0L5	GL50803_26364	55.69	Uncharacterized protein	Nuclear autoantigenic sperm protein	Tfp pilus assembly protein PilF	Nuclear autoantigenic sperm protein	Tetratricopeptide repeat protein	217
A0A644F0H5	GL50803_40692	81.99	RWD domain-containing protein	RWD domain-containing protein 1	RWD domain-containing protein	FI08802p	RWD domain-containing protein	309
A0A644F0E8	GL50803_17505	56.11	Cyclin B-like protein	G2/mitotic-specific cyclin-B	Cyclin B-like protein	G2/mitotic-specific cyclin S13-7	Cyclin N-terminal domain-containing protein	239
A0A644F0I5	GL50803_23015	69.31	Serine palmitoyltransferase 1	Long chain base biosynthesis protein 1	Serine palmitoyltransferase 1	Long chain base biosynthesis protein 1	8-amino-7-oxononanoate synthase	388
A0A644F0L1	GL50803_5806	60.68	Ankyrin repeat protein 1	KN motif and ankyrin repeat domain-containing protein 2	Ankyrin_rpt-contain_dom domain-containing protein	Unplaced genomic scaffold supercont1.5, whole genome shotgun sequence	Ankyrin_rpt-contain_dom domain-containing protein	28
A0A644F189	GL50803_15500	86.85	Mitosis protein DIM1	Spliceosomal protein DIB1	Mitosis protein dim1	Spliceosomal protein DIB1	Thioredoxin	363
A0A644F0J7	GL50803_114307	78.47	Kinase, NEK	Serine/threonine-protein kinase Nek1	NIMA (Never in mitosis protein a)-related kinase	Serine/threonine-protein kinase Nek3	Protein kinase domain-containing protein	362
A0A644F222	GL50803_13601	62.88	Uncharacterized protein	None	None	None	None	0
A0A644F244	GL50803_61026	62.01	MIF4G domain-containing protein	None	None	None	None	0
A0A644F1U9	GL50803_14436	58.42	Kinase, STE STE20	Serine/threonine-protein kinase PAK mbt	p21 protein (Cdc42/Rac)-activated kinase 4	Non-specific serine/threonine protein kinase	Non-specific serine/threonine protein kinase	261
A0A644F297	GL50803_16287	60.62	Outer dynein arm-docking complex subunit 4	Protein clueless	Peptidylprolyl isomerase	Peptidylprolyl isomerase	Tetratricopeptide repeat protein	192
A0A644F1L8	GL50803_14970	56.08	Uncharacterized protein	None	Chromosome segregation protein SMC	None	Chromosome segregation protein SMC	1
A0A644F1I1	GL50803_7573	61.25	Hydroxymethylglutaryl-coenzyme A reductase	3-hydroxy-3-methylglutaryl-coenzyme A reductase	3-hydroxy-3-methylglutaryl coenzyme A reductase	3-hydroxy-3-methylglutaryl coenzyme A reductase	3-hydroxy-3-methylglutaryl coenzyme A reductase	24
A0A644F1N7	GL50803_17081	37.96	Uncharacterized protein	None	None	None	None	0
A0A644F1R1	GL50803_112681	81.31	Vesicle-fusing ATPase	Vesicle-fusing ATPase	Vesicle-fusing ATPase	Vesicle-fusing ATPase	AAA domain-containing protein	362
A0A644F215	GL50803_4936	35.82	Uncharacterized protein	None	None	None	None	0
A0A644F1H6	GL50803_101768	34.98	Uncharacterized protein	None	Crossover junction endodeoxyribonuclease RuvC	None	Crossover junction endodeoxyribonuclease RuvC	9
A0A644F1Q0	GL50803_6509	72.21	High cysteine membrane protein	Attractin-like protein 1	Notch-like protein	Si:dkey-88l16.5	EGF-like domain-containing protein	95
A0A644F288	GL50803_101380	88.77	VSP	Epidermal growth factor receptor	VSP	None	Variant-specific surface protein	192
A0A644F201	GL50803_14552	72.99	Uncharacterized protein	None	None	None	None	0
A0A644F1I2	GL50803_4248	86.45	2-(3-amino-3-carboxypropyl)histidine synthase subunit 1	2-(3-amino-3-carboxypropyl)histidine synthase subunit 1	2-(3-amino-3-carboxypropyl)histidine synthase subunit 1	2-(3-amino-3-carboxypropyl)histidine synthase subunit 1	2-(3-amino-3-carboxypropyl)histidine synthase subunit 1	557
A0A644F233	GL50803_95639	63.23	Coiled-coil protein	None	None	None	None	0
A0A644F1T3	GL50803_14971	62.63	SMC family protein	None	Protein transport protein BOS1	None	Protein transport protein BOS1	1
A0A644F211	GL50803_16905	81.99	DinF protein	Multidrug export protein MepA	Multi antimicrobial extrusion protein (Na(+)/drug antiporter), MATE family of MDR efflux pumps	DNA-damage-inducible protein	Protein DETOXIFICATION	207
A0A644F1K6	GL50803_91761	80.31	Sec1	Protein SLY1	Sec1-like protein	Syntaxin-binding protein	Sec1-like protein	57
A0A644F271	GL50803_16326	85.87	Ankyrin repeat protein 1	Ankyrin repeat domain-containing protein 6	Ankyrin repeat domain-containing protein	Ankyrin repeat domain-containing protein 6	Ankyrin_rpt-contain_dom domain-containing protein	91
A0A644F1W6	GL50803_50366	78.72	VSP with INR	None	None	None	None	0
A0A644F239	GL50803_22138	89.84	Recombination factor protein RarA	ATPase WRNIP1	Replication-associated recombination protein A	AAA domain-containing protein	DNA polymerase III subunit gamma/tau	345
A0A644F1Y4	GL50803_27520	72.64	Kinase, CMGC CK2	Casein kinase II subunit alpha-3	Casein kinase II subunit alpha	Protein kinase domain-containing protein	Protein kinase domain-containing protein	489
A0A644F266	GL50803_8208	72.22	Adenoside deaminase/Cytosine deaminase	tRNA-specific adenosine deaminase subunit tad3	Cytosine/adenosine deaminase	CMP/dCMP-type deaminase domain-containing protein	tRNA-specific adenosine deaminase	762
A0A644F1V4	GL50803_61419	75.04	Ankyrin repeat protein 1	Nuclear factor NF-kappa-B p105 subunit	Ankyrin domain protein	KN motif and ankyrin repeat domain-containing protein 2	Ankyrin_rpt-contain_dom domain-containing protein	49
A0A644F1Y9	GL50803_137730	59.34	Kinase	Probable serine/threonine-protein kinase IKS1	Protein kinase domain-containing protein	Unplaced genomic scaffold supercont1.2, whole genome shotgun sequence	Protein kinase domain-containing protein	229
A0A644F228	GL50803_7534	50.9	Uncharacterized protein	Nucleolar protein dnt1	Cytokin_check_N domain-containing protein	Nucleolar protein dnt1	Ubiquitin-like domain-containing protein	75
A0A644F279	GL50803_13329	70.94	Uncharacterized protein	CASP-like protein UU-1	MCE family protein	LD04844p	Diablo homolog, mitochondrial	27
A0A644F232	GL50803_40244	85.25	Emp24/gp25L/p24 family/GOLD protein	Transmembrane emp24 domain-containing protein eca	Erp6/Erp1	Emp24/gp25L/p24 family protein	GOLD domain-containing protein	426
A0A644F1F9	GL50803_112059	56.42	Uncharacterized protein	Cell wall synthesis protein KNH1	Tenascin-X	Purple acid phosphatase	Glycoside hydrolase family 2	19
A0A644F1W7	GL50803_8394	93.2	Rdx family protein	Migration and invasion enhancer 1	Rdx family protein	Selenoprotein W, 2b	SelT/SelW/SelH family protein	144
A0A644F282	GL50803_16289	41.25	Uncharacterized protein	None	Seryl-tRNA synthetase	None	Seryl-tRNA synthetase	1
A0A644F1X6	GL50803_60969	88.28	Integral membrane protein	Solute carrier family 35 member F6	PALP domain-containing protein	Solute carrier family 35 member F6	TPT domain-containing protein	147
A0A644F202	GL50803_95904	86.65	Amino acid transporter system N2	Sodium-coupled neutral amino acid transporter 5	Solute carrier family 38 member 5	Aa_trans domain-containing protein	Aa_trans domain-containing protein	179
A0A644F1T5	GL50803_60974	75.89	Uncharacterized protein	None	None	None	None	0
A0A644F1R5	GL50803_4498	70.98	Cleavage and polyadenylation specificity factor	Cleavage and polyadenylation specificity factor subunit 3	Cleavage and polyadenylation specificity factor subunit 3-like	Cleavage and polyadenylation-specific factor 3	MBL fold metallo-hydrolase	221
A0A644F2H0	GL50803_12953	30.97	Uncharacterized protein	None	None	None	None	0
A0A644F2P0	GL50803_137740	79.98	VSP	None	Variant-specific surface protein	None	Variant-specific surface protein	2
A0A644F3L4	GL50803_86520	35.2	Spindle pole body component	None	None	None	None	0
A0A644F3W3	GL50803_50317	84.79	VSP	Major surface-labeled trophozoite antigen 417	VSP	None	Variant-specific surface protein	124
A0A644F357	GL50803_10014	69.89	Uncharacterized protein	None	None	None	None	0
A0A644F2H6	GL50803_61054	86.7	Isoamyl-acetate hydrolyzing esterase-like protein	Isoamyl acetate-hydrolyzing esterase 1 homolog	Isoamyl-acetate hydrolyzing esterase-like protein	Isoamyl acetate-hydrolyzing esterase 1 homolog	SGNH_hydro domain-containing protein	314
A0A644F3R5	GL50803_101765	84.88	VSP	Major surface-labeled trophozoite antigen 417	VSP	R-spondin-3	Variant-specific surface protein	177
A0A644F391	GL50803_40224	88.49	Transporter, MFS superfamily protein	Probable transport protein HsrA	Drug resistance protein YOR378W	Aminotriazole resistance protein	MFS transporter	331
A0A644F3S1	GL50803_17091	88.01	Exosome complex exonuclease	Exosome complex component RRP40	Exosome complex RNA-binding protein, Rrp4 subunit	Ribosomal RNA-processing protein 40	Polyribonucleotide nucleotidyltransferase	773
A0A644F320	GL50803_15525	84.4	Uncharacterized protein	TATA-box-binding protein	TATA-box-binding protein	TATA-binding protein-related	TATA-box-binding protein	111
A0A644F3T1	GL50803_4708	66.29	Chromosome segregation protein SMC	None	Chromosome partition protein Smc	None	Chromosome partition protein Smc	1
A0A644F2E6	GL50803_3098	84.53	Interferon-related developmental regulator family protein	Interferon-related developmental regulator 2	IFRD domain-containing protein	Interferon-related developmental regulator 2	Tetratricopeptide repeat protein	40
A0A644F3Y9	GL50803_12174	81.41	GPI mannosyltransferase 2	GPI mannosyltransferase 2	GPI mannosyltransferase 2	GPI mannosyltransferase 2	PMT_2 domain-containing protein	340
A0A644F300	GL50803_4838	60.09	Translation initiation factor eIF-2B delta subunit	Translation initiation factor eIF-2B subunit alpha	IF-2B-domain-containing protein	Methylthioribose-1-phosphate isomerase	Methylthioribose-1-phosphate isomerase	43
A0A644F2B5	GL50803_61043	40.39	Uncharacterized protein	None	FHA domain-containing protein	None	FHA domain-containing protein	1
A0A644F3C9	GL50803_6544	49.54	Spindle pole protein	None	None	None	None	0
A0A644F2Z7	GL50803_11557	53.63	Membrane associated protein	Nucleolar complex-associated protein 3	Noc3l protein	Nucleolar complex-associated protein 3	Nucleolar complex-associated protein 3	2
A0A644F3D5	GL50803_61105	75.26	XPG N-terminal domain-containing protein	Protein asteroid homolog 1	Protein asteroid-like 1	Protein asteroid homolog 1	Exonuclease 1	560
A0A644F3P0	GL50803_12028	78.09	Ankyrin repeat protein 1	Ankyrin repeat domain-containing protein 62	Ankyrin repeat-containing domain protein	Ankyrin repeat domain-containing protein 36C	Ankyrin_rpt-contain_dom domain-containing protein	25
A0A644F2V0	GL50803_6185	86.97	AAA domain-containing protein	Probable thymidylate kinase	AAA_28 domain-containing protein	dNK domain-containing protein	Shikimate kinase	367
A0A644F389	GL50803_16039	66.7	Coiled-coil protein	Trichocyst matrix protein T2-C	DUF4114 domain-containing protein	Kinesin-like protein bimC	Methyl-accepting chemotaxis protein	175
A0A644F2T9	GL50803_23314	73.82	Ankyrin repeat protein 1	Inversin	Protein 21.1	Ankyrin repeat domain 44	Protein kinase domain-containing protein	277
A0A644F3T9	GL50803_23552	86.41	Uncharacterized protein	None	None	None	None	0
A0A644F3S6	GL50803_4984	41.94	Uncharacterized protein	None	None	None	None	0
A0A644F3C3	GL50803_7396	68.91	Uncharacterized protein	Protein chibby homolog 1	Predicted protein	Protein chibby homolog 1	Chibby family member 1, beta catenin antagonist	3
A0A644F390	GL50803_19378	48.85	Uncharacterized protein	None	None	None	None	0
A0A644F3V3	GL50803_4355	94.41	Nif3-related protein	GTP cyclohydrolase 1 type 2 homolog	Nif3-related protein	GTP cyclohydrolase 1 type 2 homolog	GTP cyclohydrolase 1 type 2 homolog	410
A0A644F3K2	GL50803_31339	72.24	TB2/DP1, HVA22 family protein	Receptor expression-enhancing protein 5	Receptor expression-enhancing protein	Protein YOP1	HVA22-like protein	118
A0A644F2H1	GL50803_114776	80.65	Vesicle-fusing ATPase	Vesicle-fusing ATPase	Vesicle-fusing ATPase	Vesicle-fusing ATPase	AAA domain-containing protein	356
A0A644F364	GL50803_113797	87.37	VSP with INR	Major surface-labeled trophozoite antigen 417	Major surface-labeled trophozoite antigen 417	R-spondin 2	Variant-specific surface protein	207
A0A644F348	GL50803_13215	80.67	Kinase, NEK	Probable serine/threonine-protein kinase nek2	Other NEK kinase	NIMA (Never in mitosis gene a)-related kinase 2	Non-specific serine/threonine protein kinase	467
A0A644F2A0	GL50803_61420	84.48	Ankyrin repeat protein 1	Serine/threonine-protein phosphatase 6 regulatory ankyrin repeat subunit B	Protein 21.1	Serine/threonine-protein phosphatase 6 regulatory ankyrin repeat subunit B	Ankyrin_rpt-contain_dom domain-containing protein	93
A0A644F3E9	GL50803_19259	56.72	Transmembrane protein	None	Transmembrane domain-containing protein	None	Transmembrane domain-containing protein	2
A0A644F2V1	GL50803_15427	84.4	Trophozoite antigen GTA-2	NADPH-dependent butanol dehydrogenase	Trophozoite antigen GTA-2	Propanol dehydrogenase	Iron-containing alcohol dehydrogenase	284
A0A644F2H3	GL50803_17624	76.06	Outer dynein arm-docking complex subunit 4	LON peptidase N-terminal domain and RING finger protein 3	Unannotated protein	Ankyrin-1	Tetratricopeptide repeat protein	193
A0A644F3R9	GL50803_119224	82.75	Cathepsin B-like cysteine proteinase	Cathepsin B-like protease 2	Pept_C1 domain-containing protein	Cathepsin B-like protease 2	Pept_C1 domain-containing protein	203
A0A644F3Q5	GL50803_13800	43.33	Ankyrin repeat protein 1	Nuclear factor NF-kappa-B p105 subunit	Ankyrin repeat domain-containing protein	ANK_REP_REGION domain-containing protein	Ankyrin_rpt-contain_dom domain-containing protein	35
A0A644F383	GL50803_10016	80.75	Phasin superfamily protein	Thioredoxin domain-containing protein 5 homolog	Phasin superfamily protein	Thioredoxin fold domain-containing protein	Thioredoxin domain-containing protein	284
A0A644F3U0	GL50803_13608	96.23	Acetyl-CoA synthetase	Acetate--CoA ligase [ADP-forming] I	Acetate--CoA ligase (ADP-forming)	Acetate--CoA ligase [ADP-forming]	Succinate--CoA ligase [ADP-forming] subunit beta	343
A0A644F3V4	GL50803_27059	88.95	Proteasome subunit beta	Proteasome subunit beta type-7-A	Adenylate kinase	Proteasome subunit beta type-7-A	Proteasome subunit beta	613
A0A644F3R6	GL50803_16475	67.42	Structure-specific endonuclease subunit SLX1 homolog	Structure-specific endonuclease subunit SLX1	Structure-specific endonuclease subunit SLX1	Structure-specific endonuclease subunit SLX1 homolog	Structure-specific endonuclease subunit SLX1	4
A0A644F2R2	GL50803_13606	47.41	Phosphatidylinositol-4-phosphate 5-kinase	MORN repeat-containing protein 3	MORN repeat-containing protein	MORN repeat-containing 3	1-phosphatidylinositol-4-phosphate 5-kinase	24
A0A644F3D0	GL50803_7397	55.46	Uncharacterized protein	None	Chibby	Chibby homolog 1 (Drosophila)	Chibby family member 1, beta catenin antagonist	4
A0A644F2F6	GL50803_13766	67.47	Ankyrin repeat protein 1	Ankyrin repeat domain-containing protein 6	Ankyrin repeat and SAM domain-containing protein 3	Ankyrin_rpt-contain_dom domain-containing protein	Ankyrin_rpt-contain_dom domain-containing protein	22
A0A644F3V1	GL50803_10870	91.32	aspartate--tRNA ligase	Aspartate--tRNA ligase, cytoplasmic	Aspartate--tRNA ligase, cytoplasmic	Aspartate--tRNA ligase, cytoplasmic	Asparagine--tRNA ligase	546
A0A644F3Z8	GL50803_61210	50.6	IQ calmodulin-binding motif-containing protein	None	IQ calmodulin-binding motif-containing protein	None	IQ calmodulin-binding motif-containing protein	1
A0A644F3P8	GL50803_7988	76.01	Uncharacterized protein	DNA polymerase sliding clamp 1	DNA polymerase sliding clamp	Proliferating cell nuclear antigen	Proliferating cell nuclear antigen	78
A0A644F2D2	GL50803_3720	40.51	Uncharacterized protein	None	None	None	None	0
A0A644F3B0	GL50803_15255	37.34	CCT domain-containing protein	None	None	None	None	0
A0A644F3A6	GL50803_6752	88.28	Rhodanese-like protein	Dual specificity phosphatase Cdc25	Rhodanese domain-containing protein	Unplaced genomic scaffold supercont1.8, whole genome shotgun sequence	tRNA uridine(34) hydroxylase	430
A0A644F2K0	GL50803_61066	77.39	Uncharacterized protein	None	snRNA-activating protein complex subunit 4	None	snRNA-activating protein complex subunit 4	1
A0A644F3T3	GL50803_17094	39.27	Polymerase nucleotidyl transferase domain-containing protein	Non-canonical poly(A) RNA polymerase protein Trf4-1	Terminal uridylyltransferase 7	Polynucleotide adenylyltransferase	PAP-associated domain-containing protein	4
A0A644F3B7	GL50803_21603	66.94	Ankyrin repeat protein 1	None	t-SNARE coiled-coil homology domain-containing protein	Magnesium transporter	t-SNARE coiled-coil homology domain-containing protein	2
A0A644F3F8	GL50803_7953	88.89	ATPase ASNA1 homolog	ATPase ASNA1 homolog	ATPase GET3	ATPase GET3	ArsA_ATPase domain-containing protein	159
A0A644F3W4	GL50803_15256	93.33	Alkyl transferase	Di-trans,poly-cis-undecaprenyl-diphosphate synthase	Alkyl transferase	Ditrans,polycis-undecaprenyl-diphosphate synthase ((2E,6E)-farnesyl-diphosphate specific)	Isoprenyl transferase	599
A0A644F2N0	GL50803_14712	46.97	Uncharacterized protein	None	None	Sorting nexin MVP1	Sorting nexin MVP1	1
A0A644F2C9	GL50803_14660	90.69	Vacuolar ATP synthase subunit G	V-type proton ATPase subunit G	Vacuolar ATP synthase subunit G	V-type proton ATPase subunit G	V-type proton ATPase subunit G	99
A0A644F3U6	GL50803_14722	70.51	Uncharacterized protein	Cell cycle arrest protein BUB3	K7_Bub3p	Cell cycle arrest protein BUB3	F-box domain-containing protein	22
A0A644F2Q0	GL50803_6340	67.95	Nucleolar protein 12	None	Precorrin-3B C17-methyltransferase	None	Precorrin-3B C17-methyltransferase	1
A0A644F3I6	GL50803_28832	48.6	Uncharacterized protein	None	PAN2-PAN3 deadenylation complex catalytic subunit PAN2	None	PAN2-PAN3 deadenylation complex catalytic subunit PAN2	1
A0A644F2B3	GL50803_17239	74.42	ATP-dependent RNA helicase	Probable ATP-dependent RNA helicase DDX27	DEAD/DEAH box helicase	Probable ATP-dependent RNA helicase DDX27	RNA helicase	357
A0A644F2D5	GL50803_14833	86.15	Oxysterol-binding protein	Oxysterol-binding protein 9	Oxysterol-binding protein	Oxysterol-binding protein 9	Oxysterol-binding protein	651
A0A644F3W9	GL50803_10229	52.86	WD-repeat family protein	Dynein intermediate chain 1, axonemal	Utp13 domain-containing protein	Utp13 domain-containing protein	Hepatocyte growth factor receptor	29
A0A644F302	GL50803_61047	73.37	Amino acid permease	Sodium-coupled neutral amino acid transporter 2	Amino acid transporter	Aa_trans domain-containing protein	Aa_trans domain-containing protein	55
A0A644F3U8	GL50803_17089	74.39	Kinesin motor domain-containing protein	Kinesin-like protein KIN-14Q	Kinesin-like protein	Kinesin-like protein	Kinesin-like protein	173
A0A644F2V5	GL50803_23300	90.36	Ubiquitin family protein	Ubiquitin-60S ribosomal protein L40	60S ribosomal protein L40	Ubiquitin-60S ribosomal protein L40	Ubiquitin-like domain-containing protein	316
A0A644F2N5	GL50803_95918	40.58	E3 ubiquitin protein ligase	None	E3 ubiquitin protein ligase	None	E3 ubiquitin protein ligase	20
A0A644F3E6	GL50803_17315	69.27	ABC transporter	Multidrug resistance-like ATP-binding protein MdlA	ABC transporter ATP-binding protein	ATP-binding component of a transport system	ABC transporter ATP-binding protein	213
A0A644F3W6	GL50803_14926	84.25	Ankyrin repeat protein 1	Ankyrin repeat and SAM domain-containing protein 1A	Ankyrin repeat protein 1	ANK_REP_REGION domain-containing protein	Ankyrin repeat protein 1	215
A0A644F402	GL50803_6616	79.99	RNA helicase	Probable pre-mRNA-splicing factor ATP-dependent RNA helicase DEAH4	RNA helicase	Probable pre-mRNA-splicing factor ATP-dependent RNA helicase DEAH4	RNA helicase	229
A8B4V0	GL50803_114915	56.9	Cysteine protease	Probable cysteine protease RDL5	Probable cysteine protease RDL4	Probable cysteine protease RDL5	Pept_C1 domain-containing protein	196
A0A644F782	GL50803_50233	85.36	High cysteine membrane protein Group 1	None	High cysteine membrane protein Group 1	None	Variant-specific surface protein	21
A8B3N7	GL50803_93356	47.14	Uncharacterized protein	Coatomer subunit beta'	WD40 repeat-like protein	Zinc finger protein 106a	F-box domain-containing protein	13
A0A644F4A4	GL50803_15559	45.76	PHD finger protein 15	PHD finger protein 14	PHD finger protein 15	None	PHD finger protein 15	2
A8B598	GL50803_17219	75.21	Ankyrin repeat protein 1	Ankyrin repeat domain-containing protein 17	RING-type domain-containing protein	Eye-specific diacylglycerol kinase	Ankyrin_rpt-contain_dom domain-containing protein	44
A0A644F8Z7	GL50803_14333	28.82	Uncharacterized protein	None	None	None	None	0
A0A644F4D3	GL50803_41942	81.19	High cysteine membrane protein Group 6	None	High cysteine membrane protein Group 6	None	High cysteine membrane protein Group 6	2
A0A644FB39	GL50803_16721	73.94	High cysteine membrane protein Group 2	None	High cysteine membrane protein Group 2	None	Cellulase	2
A0A644F438	GL50803_50143	86.97	VSP AS8	Variant-specific surface protein VSP4A1	VSP AS8	None	Variant-specific surface protein	188
A8B2P6	GL50803_11897	70.83	Phosphatidylinositol-4-phosphate 5-kinase	Phosphatidylinositol 4-phosphate 5-kinase 5	1-phosphatidylinositol-4-phosphate 5-kinase	Phosphatidylinositol 4-phosphate 5-kinase 5	PIPK domain-containing protein	293
A8B2T4	GL50803_87926	51.49	GRAM domain-containing protein	Sphingosine kinase 2	Actin cytoskeleton-regulatory complex protein SLA1	DAGKc domain-containing protein	DAGKc domain-containing protein	2
A8B250	GL50803_17607	56.55	Cathepsin L	Procathepsin L	Cathepsin L	Peptidase C1 domain containing protein	Pept_C1 domain-containing protein	227
A8B544	GL50803_2305	69.55	Intracellular protein transport protein USO1	None	Flagellar FliJ protein	None	Flagellar FliJ protein	9
A8B3D7	GL50803_4371	71.98	Kinesin-like protein	Kinesin-like protein unc-104	Kinesin-like protein	Kinesin-like protein	Kinesin-like protein	430
A8B2F5	GL50803_40863	22.99	Uncharacterized protein	None	None	None	None	0
A8B3S6	GL50803_14216	82	Kinase, NEK	Serine/threonine-protein kinase Nek9	Other NEK kinase	Serine/threonine-protein kinase Nek9	Protein kinase domain-containing protein	571
A0A644F7M5	GL50803_60026	87.92	Ankyrin repeat protein 1	Serine/threonine-protein phosphatase 6 regulatory ankyrin repeat subunit B	Ankyrin repeat protein	Serine/threonine-protein phosphatase 6 regulatory ankyrin repeat subunit B	Ankyrin_rpt-contain_dom domain-containing protein	103
A0A644F624	GL50803_137608	85.64	VSP with INR	Surface antigen CRP170	VSP	None	Variant-specific surface protein	184
A8B3I5	GL50803_28831	82.94	tRNA pseudouridine synthase	tRNA pseudouridine synthase A	tRNA pseudouridine synthase	tRNA pseudouridine synthase A, mitochondrial	tRNA pseudouridine synthase A	758
A8B588	GL50803_10370	55	ATP/GTP binding protein	None	None	None	None	0
A8B2Q6	GL50803_137746	51.48	Lebercilin domain-containing protein	None	Rho-GTPase-activating protein 8	Mediator complex subunit 22	Peptidase_M23 domain-containing protein	4
A8B1Z3	GL50803_10623	78.89	phosphoenolpyruvate carboxykinase (GTP)	Phosphoenolpyruvate carboxykinase [GTP]	Phosphoenolpyruvate carboxykinase (GTP)	Phosphoenolpyruvate carboxykinase [GTP]	Phosphoenolpyruvate carboxykinase (GTP)	499
A0A644F7Y6	GL50803_34684	73.93	DEAD box RNA helicase Vasa	ATP-dependent RNA helicase glh-2	RNA helicase	ATP-dependent RNA helicase glh-2	RNA helicase	405
A0A644F9X3	GL50803_23492	79.15	Ankyrin repeat protein 1	Protein TANC1	WH2 domain-containing protein	Unplaced genomic scaffold supercont1.5, whole genome shotgun sequence	Ankyrin_rpt-contain_dom domain-containing protein	55
A0A644F693	GL50803_60748	54.66	Uncharacterized protein	E3 ubiquitin-protein ligase hecw-1	HECT domain-containing protein	E3 ubiquitin-protein ligase hecw-1	HECT domain-containing protein	151
E2RU38	GL50803_113554	78.45	26S proteasome ATPase subunit S4	26S proteasome regulatory subunit 4	AAA domain-containing protein	26S protease regulatory subunit 4 like protein	AAA domain-containing protein	395
A0A644F5X2	GL50803_40016	72.89	Ankyrin repeat protein 1	Ankyrin repeat domain-containing protein 62	Protein 21.1	Ankyrin_rpt-contain_dom domain-containing protein	Protein 21.1	19
A0A644F6Q2	GL50803_17351	35.08	Uncharacterized protein	None	None	None	None	0
A8B4R7	GL50803_114937	55.91	Kinase, NEK	Probable cell cycle serine/threonine-protein kinase CDC5 homolog	Protein kinase domain-containing protein	Serine/threonine-protein kinase Nek2	Protein kinase domain-containing protein	332
A0A644F653	GL50803_5811	82.13	non-specific serine/threonine protein kinase	Serine/threonine-protein kinase rio2	Non-specific serine/threonine protein kinase	Serine/threonine-protein kinase rio2	Non-specific serine/threonine protein kinase	835
A8B590	GL50803_32908	53.61	Uncharacterized protein	Mannose-6-phosphate isomerase	Mannose-6-phosphate isomerase	Mannose-6-phosphate isomerase	Mannose-6-phosphate isomerase	378
A0A644F960	GL50803_17149	79.57	GTP-binding protein	Guanine nucleotide-binding protein-like 1	GTP-binding protein	Guanine nucleotide-binding protein-like 1	CP-type G domain-containing protein	200
A0A644F9P1	GL50803_112550	30.13	Uncharacterized protein	None	None	None	None	0
A8B4Q8	GL50803_91252	86.56	GiOR-1	NADPH-dependent diflavin oxidoreductase 1	Nitric oxide synthase, inducible	NADPH--cytochrome P450 reductase	Sulfite reductase [NADPH] flavoprotein alpha-component	228
A0A644F6H3	GL50803_17426	68.72	Chromosome segregation protein SMC	None	AIG1-type G domain-containing protein	None	AIG1-type G domain-containing protein	1
A8B4H7	GL50803_14380	46.92	Uncharacterized protein	Cytoskeleton-associated protein 2	Squamous cell carcinoma antigen recognized by T-cells 3	Cytoskeleton-associated protein 2	Cytoskeleton-associated protein 2	3
A0A644F5K4	GL50803_16567	90.78	Protein phosphatase PP2A regulatory subunit A	Serine/threonine-protein phosphatase 2A 65 kDa regulatory subunit A gamma isoform	Armadillo-type protein	Serine/threonine-protein phosphatase 2A 65 kDa regulatory subunit A beta isoform	Importin N-terminal domain-containing protein	77
A8B4B5	GL50803_10297	75.81	U3 small nucleolar RNA interacting protein	U3 small nucleolar RNA-interacting protein 2	WD40 repeat domain-containing protein	U3 small nucleolar RNA-interacting protein 2	Eukaryotic translation initiation factor 3 subunit I	78
A8B4I0	GL50803_32893	27.79	Ribonuclease P	None	None	None	None	0
A0A644F4C7	GL50803_112962	23.77	Uncharacterized protein	None	None	None	None	0
A8B3M5	GL50803_16090	83.96	Ubiquitin carboxyl-terminal hydrolase 4	Ubiquitin carboxyl-terminal hydrolase 2	USP domain-containing protein	Ubiquitin carboxyl-terminal hydrolase	Ubiquitin carboxyl-terminal hydrolase	601
A0A644FBC0	GL50803_16042	83.06	ATP-dependent RNA helicase	DEAD-box ATP-dependent RNA helicase 17	RNA helicase	DEAD-box ATP-dependent RNA helicase 17	RNA helicase	508
A8B207	GL50803_6345	49.69	Uncharacterized protein	None	None	None	None	0
A0A644FA59	GL50803_16795	88.86	vesicle-fusing ATPase	Vacuolar protein sorting-associated protein 4	Vesicle-fusing ATPase	Vesicle-fusing ATPase	AAA domain-containing protein	405
A8B440	GL50803_27925	73.76	Ankyrin repeat protein 1	Ankyrin repeat and SAM domain-containing protein 3	Ankyrin_rpt-contain_dom domain-containing protein	ANK_REP_REGION domain-containing protein	Ankyrin_rpt-contain_dom domain-containing protein	34
A0A644F503	GL50803_60618	40.33	Uncharacterized protein	None	None	None	None	0
A8B1V5	GL50803_91056	77.06	Aspartate aminotransferase	Aspartate aminotransferase, cytoplasmic	Aspartate aminotransferase	Aspartate aminotransferase, cytoplasmic	Aspartate aminotransferase	537
A0A644F9C8	GL50803_112695	67.04	Uncharacterized protein	Leucine-rich repeat LGI family member 3	Sialidase domain-containing protein	Leucine-rich repeat LGI family member 3	F-box domain-containing protein	52
A0A644F7K5	GL50803_8444	86.74	Multidrug MFS transporter	Probable transport protein HsrA	MFS transporter permease	Drug efflux transporter	MFS transporter	322
A8B3D3	GL50803_17316	73.51	Inorganic polyphosphate/ATP-NAD kinase	NAD kinase	NAD(+) kinase	NAD kinase	NAD kinase	660
A0A644FAP0	GL50803_25075	32.16	Uncharacterized protein	None	None	None	None	0
A0A644F443	GL50803_17497	69.91	Superfamily II DNA and RNA helicase	ATP-dependent RNA helicase DBP2	DEAD-domain-containing protein	RNA helicase	RNA helicase	173
A0A644F4H8	GL50803_14763	54.4	Exonuclease	RNA exonuclease 5	RNA exonuclease, DEDDh 3'-5' exonuclease domain	RNase T domain containing protein	Exonuclease domain-containing protein	108
A8B3Q2	GL50803_10162	41.64	SANT domain-containing protein	Synaptonemal complex protein 2	None	None	Synaptonemal complex protein 2	1
A8B2L6	GL50803_17190	90.28	Eukaryotic peptide chain release factor subunit 1	Eukaryotic peptide chain release factor subunit 1	Eukaryotic peptide chain release factor subunit 1	eRF1_1 domain-containing protein	Eukaryotic peptide chain release factor subunit 1	202
A8B2R9	GL50803_15513	70.26	WD-repeat protein BING4	Probable U3 small nucleolar RNA-associated protein 7	BING4CT domain-containing protein	WD_REPEATS_REGION domain-containing protein	WD_REPEATS_REGION domain-containing protein	81
A0A644FBS0	GL50803_17472	71.06	Golgi/cell cycle associated protein	Probable kinetochore protein nuf2	Kinetochore protein NUF2-like protein	Kinetochore protein Nuf2	Probable kinetochore protein NUF2	7
A0A644FA40	GL50803_137720	23.82	Uncharacterized protein	None	None	None	None	0
A8B553	GL50803_13360	79.18	Ankyrin repeat protein 1	Protein TANC2	Ankyrin repeat domain-containing protein	ANK_REP_REGION domain-containing protein	Ankyrin_rpt-contain_dom domain-containing protein	58
A0A644FB65	GL50803_6731	81.27	Kinase, NEK	Serine/threonine-protein kinase Nek3	Kinase-like protein	LD04361p	Protein kinase domain-containing protein	399
A8B2Z1	GL50803_113793	88.68	EamA-like transporter family protein	Solute carrier family 35 member F6	EamA domain-containing protein	Solute carrier family 35 member F6	TPT domain-containing protein	130
A0A644F4N5	GL50803_16502	64.15	Uncharacterized protein	Acyl-CoA-binding domain-containing protein 6	Chorismate mutase domain-containing protein	Acyl-CoA-binding domain-containing protein 6	Guanine nucleotide-binding protein subunit beta-like protein	8
A0A644F460	GL50803_15574	82.45	Alanyl dipeptidyl peptidase	Dipeptidyl-peptidase 4	Peptidase S9	Dipeptidyl-peptidase 5	S9 family peptidase	289
A0A644F7X2	GL50803_d114445	40.08	Uncharacterized protein	None	None	None	None	0
A8B2S2	GL50803_14741	77.52	Ankyrin repeat protein 1	Rabankyrin-5	Kinase, NEK	Ankyrin repeat domain 52	Protein kinase domain-containing protein	327
A0A644F9E9	GL50803_24425	78.37	PPPDE putative peptidase domain-containing protein	Desumoylating isopeptidase 1	PPPDE peptidase domain-containing protein	PPPDE domain-containing protein	PPPDE domain-containing protein	341
E2RTY3	GL50803_17263	75.72	Histone acetyltransferase	Histone acetyltransferase of the MYST family 2	Histone acetyltransferase	Histone acetyltransferase	Histone acetyltransferase	922
A8B4X1	GL50803_8741	65.49	Dipeptidyl peptidase 1	Dipeptidyl peptidase 1	Cathepsin J	Cathepsin C	Pept_C1 domain-containing protein	227
A0A644F6E0	GL50803_10552	77.17	Ephrin-receptor like protein	Endoglucanase H	GCC2 and GCC3 domain containing protein	Ephrin_rec_like domain-containing protein	Ephrin_rec_like domain-containing protein	73
A0A644FBN8	GL50803_60531	84.88	Transmembrane domain-containing protein	Solute carrier family 35 member F6	Solute carrier family 35 member F6	Solute carrier family 35 member F6	WAT1-related protein	115
A8B4Q7	GL50803_17586	79.55	Ankyrin repeat protein 1	Serine/threonine-protein phosphatase 6 regulatory ankyrin repeat subunit B	Ankyrin repeat protein 1	Unplaced genomic scaffold supercont1.7, whole genome shotgun sequence	Ankyrin repeat protein 1	199
A8B4Z5	GL50803_23602	80.05	3'-phosphate/5'-hydroxy nucleic acid ligase	RNA-splicing ligase RtcB	3'-phosphate/5'-hydroxy nucleic acid ligase	RNA-splicing ligase RtcB	3'-phosphate/5'-hydroxy nucleic acid ligase	840
A0A644F732	GL50803_60838	30.18	Uncharacterized protein	None	None	None	None	0
A8B4V5	GL50803_14566	66.21	Dipeptidyl-peptidase I	Dipeptidyl peptidase 1	Dipeptidyl-peptidase I	Cathepsin C	Pept_C1 domain-containing protein	237
A8B4P5	GL50803_113971	83.94	Transducin	Ribosome biogenesis protein WDR12 homolog	Ribosome biogenesis protein WDR12 homolog	Ribosome biogenesis protein WDR12 homolog	WD_REPEATS_REGION domain-containing protein	92
A8B2R0	GL50803_11885	75.92	Phosphatase 1 regulatory subunit	Dynein axonemal assembly factor 1 homolog	Dynein axonemal assembly factor 1	Dynein assembly factor 1, axonemal homolog	L domain-like protein	12
A8B394	GL50803_5772	87.96	Glycylpeptide N-tetradecanoyltransferase	Glycylpeptide N-tetradecanoyltransferase	Glycylpeptide N-tetradecanoyltransferase	Glycylpeptide N-tetradecanoyltransferase	Glycylpeptide N-tetradecanoyltransferase	778
A8B3Q8	GL50803_33689	89.43	Dipeptidyl peptidase 3	Dipeptidyl peptidase 3	Dipeptidyl peptidase 3	Dipeptidyl peptidase 3	Dipeptidyl peptidase 3	134
A0A644F9K3	GL50803_137705	61.66	Nuclear pore complex protein	None	Tetratricopeptide repeat protein	Nuclear Pore complex Protein	Tetratricopeptide repeat protein	1
A8B4B8	GL50803_17139	56.92	Kinase, CMGC CMGC-GL1	Cyclin-dependent-like kinase 5	Negative regulator-the PHO system protein	Cyclin-dependent-like kinase 5	Protein kinase domain-containing protein	364
A0A644F7R2	GL50803_14490	50.94	Ankyrin repeat protein 1	Serine/threonine-protein phosphatase 6 regulatory ankyrin repeat subunit C	Diacylglycerol kinase	Protein kinase domain-containing protein	Ankyrin_rpt-contain_dom domain-containing protein	4
A0A644F7Y3	GL50803_16376	90.12	ATP-dependent RNA helicase	DEAD-box ATP-dependent RNA helicase 56	RNA helicase	DEAD-box ATP-dependent RNA helicase 56	RNA helicase	390
A0A644F6Z8	GL50803_50181	81.18	VSP	Furin-like protease 1, isoform 1-CRR	VSP	None	Variant-specific surface protein	139
A0A644F7G8	GL50803_11230	72.53	Uncharacterized protein	Rab proteins geranylgeranyltransferase component A	Rab GDP dissociation inhibitors domain-containing protein	Rab proteins geranylgeranyltransferase	Rab GDP dissociation inhibitor	231
A8B1N7	GL50803_115830	85.49	VSP	Variant-specific surface protein VSP4A1	Variant-specific surface protein S4	None	Variant-specific surface protein	255
A0A644F8X8	GL50803_8163	85.07	Manganese-dependent inorganic pyrophosphatase	Probable manganese-dependent inorganic pyrophosphatase	Pyrophosphate phospho-hydrolase	DUF915 and DHHA2 and DHH domain containing protei n	Pyrophosphate phospho-hydrolase	219
A0A644F542	GL50803_32571	78.83	Uncharacterized protein	Protein zer-1 homolog	armadillo repeat-containing protein 2 isoform X2	ARM repeat superfamily protein	CCR4-NOT transcription complex subunit 9	23
A0A644F6X8	GL50803_137606	85.64	VSP	Major surface-labeled trophozoite antigen 417	VSP	Proprotein convertase subtilisin/kexin type 5b	Variant-specific surface protein	218
A0A644FAB8	GL50803_2864	40.53	LisH domain-containing protein	None	None	None	None	0
A8B397	GL50803_102728	72.06	Small-subunit processome Utp12 domain-containing protein	U3 small nucleolar RNA-associated protein 5	WD40-repeat-containing domain protein	Utp5p	Utp12 domain-containing protein	81
A0A644F4M7	GL50803_94224	82.68	Alpha/beta hydrolase	Protein ABHD1	Alpha/beta fold family domain containing protein	Protein ABHD1	Alpha/beta hydrolase	183
A8B3M6	GL50803_16089	30.32	Uncharacterized protein	None	None	None	None	0
A0A644F836	GL50803_15898	66.04	tRNA-uridine aminocarboxypropyltransferase	tRNA-uridine aminocarboxypropyltransferase 1	tRNA-uridine aminocarboxypropyltransferase	tRNA-uridine aminocarboxypropyltransferase	tRNA(Ile)-lysidine synthase	523
A8B247	GL50803_17608	88.91	Ankyrin repeat protein 1	Inversin	Protein 21.1	Dynein axonemal heavy chain 3	Ankyrin_rpt-contain_dom domain-containing protein	74
E2RU88	GL50803_17043	84.42	Glyceraldehyde-3-phosphate dehydrogenase	Glyceraldehyde-3-phosphate dehydrogenase 1	Glyceraldehyde-3-phosphate dehydrogenase	Glyceraldehyde-3-phosphate dehydrogenase	Glyceraldehyde-3-phosphate dehydrogenase	679
A8B1W2	GL50803_4343	62.62	Zinc finger domain protein	E3 ubiquitin-protein ligase hel2	RING-type E3 ubiquitin transferase	RING-type domain-containing protein	RING-type E3 ubiquitin transferase	19
A0A644FB10	GL50803_15026	84.91	Src-associated protein-like protein	U3 small nucleolar RNA-associated protein 15 homolog	U3 small nucleolar RNA-associated protein 15 homolog	U3 small nucleolar RNA-associated protein 15 homolog	WD_REPEATS_REGION domain-containing protein	112
A0A644FC05	GL50803_15104	65.77	Sec1	Vacuolar protein sorting-associated protein 45	Vacuolar protein sorting-associated protein 45	Vacuolar protein sorting-associated protein	Vacuolar protein sorting-associated protein 45	54
A0A644FBL1	GL50803_137604	87.81	VSP S8	Variant-specific surface protein VSP4A1	VSP S8	None	Variant-specific surface protein	254
A8B3C3	GL50803_14104	52.62	Serine esterase	None	DUF676 domain-containing protein	DUF676 domain-containing protein	DUF676 domain-containing protein	6
A8B1U8	GL50803_8454	69.96	Uncharacterized protein	Dynein assembly factor with WDR repeat domains 1	Myosin kinase	Leunig-related6	WD_REPEATS_REGION domain-containing protein	91
A0A644FAV0	GL50803_14098	73.18	ATP-dependent RNA helicase	Probable ATP-dependent RNA helicase DDX10	RNA helicase	Probable ATP-dependent RNA helicase DDX10	RNA helicase	391
A8B2T6	GL50803_87928	66.49	Kinase, NEK	Serine/threonine-protein kinase Nek7	Protein kinase domain-containing protein	NIMA (Never in mitosis gene a)-related kinase 2	Protein kinase domain-containing protein	208
A0A644F9M7	GL50803_11177	95.32	Kinesin light chain protein	Amyloid protein-binding protein 2	Tetratricopeptide (TPR) repeat protein	Nephrocystin-3	Tetratricopeptide repeat protein	192
A0A644F871	GL50803_36884	67.32	Coiled-coil protein	Coiled-coil and C2 domain-containing protein 1-like	C2 domain-containing protein	Ras/Rap GTPase-activating protein SynGAP	C2 domain-containing protein	12
A0A644FBN9	GL50803_5820	52.27	SPRY domain-containing protein	Set1/Ash2 histone methyltransferase complex subunit ASH2	SPRY domain-containing protein	B30.2/SPRY domain-containing protein	B30.2/SPRY domain-containing protein	327
A8B2X2	GL50803_15090	70.95	L-serine dehydratase	L-serine dehydratase TdcG	L-serine dehydratase SD2	L-serine dehydratase	L-serine dehydratase	349
A8B392	GL50803_14027	71.46	DinF protein	Probable multidrug resistance protein NorM	MATE family efflux transporter	Multidrug resistance protein PmpM	Protein DETOXIFICATION	175
A8B3U7	GL50803_14604	76.52	Nucleotide-binding protein 1	Cytosolic Fe-S cluster assembly factor NUBP1 homolog	Nucleotide-binding protein 1	Cytosolic Fe-S cluster assembly factor NUBP1 homolog	Iron-sulfur cluster carrier protein	365
A0A644F686	GL50803_2822	55.75	Uncharacterized protein	None	None	None	None	0
A0A644F477	GL50803_12058	28.61	Uncharacterized protein	None	None	None	None	0
A0A644F893	GL50803_14586	85.75	VSP with INR	Major surface-labeled trophozoite antigen 417	Variant-specific surface protein	R-spondin-3	Variant-specific surface protein	205
A8B4Q4	GL50803_17585	74.85	Ankyrin repeat protein 1	Cortactin-binding protein 2	Acetyl-coenzyme A transporter 1	Unplaced genomic scaffold supercont1.5, whole genome shotgun sequence	Ankyrin_rpt-contain_dom domain-containing protein	35
A0A644FA49	GL50803_50102	86.99	VSP	Major surface-labeled trophozoite antigen 417	VSP	Furin	Variant-specific surface protein	257
A8B448	GL50803_17127	55.1	Peptidase M50 domain-containing protein	Membrane-bound transcription factor site-2 protease	Endopeptidase S2P	Endopeptidase S2P	Endopeptidase S2P	155
A0A644F5K8	GL50803_10765	84.69	DNA replication licensing factor MCM7	DNA replication licensing factor Mcm7	DNA helicase	DNA replication licensing factor MCM7	Holliday junction ATP-dependent DNA helicase RuvB	597
A8B325	GL50803_7710	64.91	Ankyrin repeat protein 1	Cortactin-binding protein 2	Protein 21.1	Ankyrin repeat and SOCS box-containing 3	Protein kinase domain-containing protein	313
A0A644FC10	GL50803_10063	33.72	Uncharacterized protein	None	None	None	None	0
A8B532	GL50803_17073	47.44	Kinase	Cyclin-dependent-like kinase 5	Negative regulator of sexual conjugation and meiosis	Serine/threonine-protein kinase PLK3	Non-specific serine/threonine protein kinase	299
A0A644FAB5	GL50803_41311	32.88	Molecular chaperone, DnaJ family protein	None	None	None	None	0
A0A644F7D0	GL50803_104234	29.62	Uncharacterized protein	None	None	None	None	0
E2RU40	GL50803_101906	91.33	vesicle-fusing ATPase	Vacuolar protein sorting-associated protein 4	Vesicle-fusing ATPase	Vacuolar protein sorting-associated protein 4B	AAA domain-containing protein	385
A8B2N6	GL50803_15522	65.69	Uncharacterized protein	Beta-catenin-like protein hmp-2	Armadillo repeat-containing protein 3	Beta-catenin-like protein hmp-2	RING-type E3 ubiquitin transferase	75
A8B314	GL50803_7909	84.4	Amino acid transporter family	Sodium-coupled neutral amino acid transporter 1	Amino acid transporter	Sodium-coupled neutral amino acid transporter 1	Aa_trans domain-containing protein	148
A0A644F860	GL50803_40995	77.44	IFT complex B	Intraflagellar transport protein 52 homolog	IFT complex B	Osm-6 protein	ABC_transp_aux domain-containing protein	325
A0A644F554	GL50803_17590	59.59	Serine rich pumilio family rna binding domain protein	Protein JSN1	PUM-HD domain-containing protein	Unplaced genomic scaffold supercont1.4, whole genome shotgun sequence	PUM-HD domain-containing protein	15
A8B1U6	GL50803_8456	68.79	Tubulin tyrosine ligase	Probable tubulin polyglutamylase TTLL9	Tubulin--tyrosine ligase-like protein 9	Probable tubulin polyglutamylase TTLL9	Protein polyglycylase TTLL10	5
A8B2B1	GL50803_15432	56.63	Chromosome segregation protein SMC	None	HlyD family efflux transporter periplasmic adaptor subunit	None	Methyl-accepting chemotaxis protein	34
A0A644F483	GL50803_13914	65.77	VID27 cytoplasmic protein	Vacuolar import and degradation protein 27	VID27 cytoplasmic protein	Vacuolar import and degradation protein 27	Katanin p80 WD40 repeat-containing subunit B1 homolog	83
A0A644F435	GL50803_137751	56.43	Cullin family profile domain-containing protein	Cullin-2	Cullin_Nedd8 domain-containing protein	Cullin 2	CULLIN_2 domain-containing protein	51
A8B317	GL50803_7913	60.64	Amino acid transporter	Amino acid transporter AVT1J	DNA cross-link repair 1A protein	Solute carrier family 38, member 8	Aa_trans domain-containing protein	110
A0A644FBX8	GL50803_60539	27.51	Uncharacterized protein	None	None	None	None	0
A8B2B2	GL50803_16803	83.41	Uncharacterized protein	DUF21 domain-containing protein At2g14520	Metal transporter CNNM2	DUF21 domain-containing protein At2g14520	CNNM transmembrane domain-containing protein	168
A0A644F5F1	GL50803_17214	94.15	Amino acid transporter system N2	Sodium-coupled neutral amino acid transporter 1	sodium-coupled neutral amino acid transporter 2 isoform X1	Aa_trans domain-containing protein	Aa_trans domain-containing protein	206
A8B3F5	GL50803_6441	80.57	Serine/threonine-protein phosphatase	Serine/threonine-protein phosphatase 4 catalytic subunit	SER_THR_PHOSPHATASE domain-containing protein	Serine/threonine-protein phosphatase	Serine/threonine-protein phosphatase	1239
E2RTX1	GL50803_5867	91.97	cysteine--tRNA ligase	Cysteine--tRNA ligase, cytoplasmic	Cysteinyl-tRNA synthetase	Cysteine--tRNA ligase, cytoplasmic	Cysteine--tRNA ligase	670
A0A644F8I7	GL50803_137721	85.52	VSP	None	VSP	None	Variant-specific surface protein	103
A8B540	GL50803_2523	56.53	DUF4200 domain-containing protein	None	None	None	None	0
A0A644F4C4	GL50803_d101765	84.81	VSP	Major surface-labeled trophozoite antigen 417	VSP	R-spondin-3	Variant-specific surface protein	180
A8B2M6	GL50803_17188	82.54	Kinase, NEK	Serine/threonine-protein kinase Nek7	Non-specific serine/threonine protein kinase	NimA-like kinase	Protein kinase domain-containing protein	378
A0A644F484	GL50803_14599	37.3	Uncharacterized protein	None	None	None	None	0
A8B498	GL50803_17143	89.4	Pyruvate kinase	Pyruvate kinase	Pyruvate kinase	Pyruvate kinase	Pyruvate kinase	1112
A0A644F408	GL50803_15035	88.05	Kinase, NEK	Probable serine/threonine-protein kinase nek2	LOW QUALITY PROTEIN: serine/threonine-protein kinase Nek1-like	NIMA-related kinase 1	Non-specific serine/threonine protein kinase	411
A0A644F8M2	GL50803_11125	78.87	Uncharacterized protein	Guanine nucleotide-exchange factor SEC12	Sec12p	Sec12p	WD_REPEATS_REGION domain-containing protein	78
A0A644FBU0	GL50803_137697	87.77	VSP	Furin	VSP	Furin	Variant-specific surface protein	254
A8B326	GL50803_14519	80.84	Cysteine desulfurase	Cysteine desulfurase IscS	Cysteine desulfurase	Cysteine desulfurase IscS	Cysteine desulfurase	555
A0A644F967	GL50803_60256	59.4	Uncharacterized protein	DNA damage-binding protein 1	DNA damage-binding protein 1	DNA damage-binding protein 1	DNA damage-binding protein 1	56
A8B226	GL50803_88071	73.41	Ankyrin repeat protein 1	Ankyrin repeat domain-containing protein 62	Protein 21.1	Ankyrin repeat domain-containing protein 36C	Ankyrin_rpt-contain_dom domain-containing protein	30
A0A644F7W9	GL50803_50041	88.45	High cysteine membrane protein Group 4	Major surface-labeled trophozoite antigen 417	High cysteine membrane protein Group 4	Proprotein convertase subtilisin/kexin type 5b	Variant-specific surface protein	140
A0A644F8B4	GL50803_50064	83.41	VSP	None	Nimrod	None	Variant-specific surface protein	2
A0A644F831	GL50803_114813	86.35	VSP	Furin	VSP	Furin	Variant-specific surface protein	203
A8B4G9	GL50803_16671	84.4	DinF protein	Multidrug export protein MepA	Multi antimicrobial extrusion protein (Na(+)/drug antiporter), MATE family of MDR efflux pumps	Probable FMN/FAD exporter YeeO	Protein DETOXIFICATION	175
A0A644F978	GL50803_17284	54.84	Ankyrin repeat protein 1	Ankyrin repeat domain-containing protein 6	ankyrin repeat domain-containing protein 33B	Ankyrin repeat domain-containing protein 6	Cortactin-binding protein 2	4
A8B4M5	GL50803_17579	67.44	inositol-3-phosphate synthase	Inositol-3-phosphate synthase	Inositol-3-phosphate synthase	Inositol-3-phosphate synthase	Inositol-3-phosphate synthase	575
A8B2D7	GL50803_114470	88.45	High cysteine membrane protein Group 6	Variant-specific surface protein VSP4A1	Variant-specific surface protein	Nesprin-2	Variant-specific surface protein	280
A8B386	GL50803_95549	84.39	Kinase, NEK	Serine/threonine-protein phosphatase 6 regulatory ankyrin repeat subunit C	Inversin	NIMA-related kinase 1	Protein kinase domain-containing protein	330
A0A644FBS5	GL50803_2323	61.09	tRNA (adenine(58)-N(1))-methyltransferase non-catalytic subunit TRM6	tRNA (adenine(58)-N(1))-methyltransferase non-catalytic subunit TRM6	tRNA (adenine(58)-N(1))-methyltransferase non-catalytic subunit TRM6	tRNA (adenine(58)-N(1))-methyltransferase non-catalytic subunit TRM6	tRNA (adenine(58)-N(1))-methyltransferase non-catalytic subunit TRM6	494
A8B3K7	GL50803_4622	51.47	Uncharacterized protein	Superoxide reductase	SBP_bac_5 domain-containing protein	High-affinity nitrate transporter	Ig-like domain-containing protein	8
A0A644F8T4	GL50803_14675	62.94	Uncharacterized protein	Transcription initiation factor TFIID subunit 6	TAF6_C domain-containing protein	TAF6_C domain-containing protein	TAF domain-containing protein	59
A8B3E8	GL50803_14203	82.99	Ankyrin repeat protein 2	Ankyrin repeat domain-containing protein 30A	Kinase, NEK	Ankyrin repeat domain-containing protein 30A	RING-type domain-containing protein	48
A0A644F958	GL50803_17279	36.57	DNA-dependent RNA polymerase beta' subunit/160 kD subunit	None	None	None	None	0
A8B3P0	GL50803_16415	26.51	Uncharacterized protein	None	None	None	None	0
A8B299	GL50803_11540	86.51	Hexose transporter	Sugar transport protein MST4	MFS transporter	Unplaced genomic scaffold supercont1.7, whole genome shotgun sequence	MFS domain-containing protein	329
A8B320	GL50803_16478	40.99	Uncharacterized protein	None	None	None	None	0
A8B589	GL50803_15184	70.32	Ankyrin repeat protein 1	Ankyrin repeat domain-containing protein 20B	26S proteasome regulatory complex, subunit PSMD10	Ankyrin repeat domain-containing protein 20B	Tektin	13
A0A644F9C0	GL50803_14807	80.27	Ankyrin repeat protein 1	Ankyrin repeat domain-containing protein 6	Protein 21.1	Ankyrin repeat domain-containing protein 17	Ankyrin_rpt-contain_dom domain-containing protein	44
A0A644FAD3	GL50803_5821	52.63	Uncharacterized protein	Polyadenylate-binding protein-interacting protein 1	Eukaryotic translation initiation factor 4G	None	MIF4G domain protein	2
A8B243	GL50803_14247	82.14	TM efflux prot	Aminotriazole resistance protein	MFS transporter permease	Aminotriazole resistance protein	MFS transporter	341
A0A644FAU9	GL50803_4018	62.7	DUF5745 domain-containing protein	None	None	None	None	0
A0A644F713	GL50803_5744	91.98	Sec61 alpha family protein	Protein transport protein Sec61 subunit alpha	Sec61 alpha family protein	Os09g0347700 protein	Protein translocase subunit SecY	236
A0A644F560	GL50803_4164	87.21	tRNA (guanine(37)-N1)-methyltransferase	tRNA (guanine(37)-N1)-methyltransferase	tRNA (guanine(37)-N1)-methyltransferase	tRNA (guanine(37)-N1)-methyltransferase	tRNA (guanine(37)-N1)-methyltransferase	222
A0A644F9B4	GL50803_15419	55.45	Uncharacterized protein	None	None	None	None	0
A8B576	GL50803_10382	88.45	Tubulin tyrosine ligase	Probable tubulin polyglutamylase TTLL9	Tubulin--tyrosine ligase-like protein 9	Tubulin--tyrosine ligase-like protein 9	D-alanine--D-alanine ligase	152
A8B388	GL50803_17308	68.45	mRNA guanylyltransferase	mRNA-capping enzyme subunit alpha	GTP--RNA guanylyltransferase	mRNA-capping enzyme subunit alpha	GTP--RNA guanylyltransferase	325
A0A644F8L4	GL50803_37093	85.95	VSP	Surface antigen CRP170	VSP	None	Variant-specific surface protein	149
A0A644F660	GL50803_16111	77.37	HSP70 subfamily B suppressor 1	Elongation factor 1-alpha	Translation elongation factor EF1A/initiation factor IF2gamma family protein	Elongation factor 1-alpha	Elongation factor Tu	531
A8B4C8	GL50803_14044	80.38	Kinase, NEK	G2-specific protein kinase nim-1	Kinase-like protein	G2-specific protein kinase nimA	Non-specific serine/threonine protein kinase	460
A0A644F6X4	GL50803_50221	84.84	High cysteine membrane protein Group 1	None	High cysteine membrane protein Group 1	None	Variant-specific surface protein	25
A0A644F944	GL50803_11470	89.77	VSP with INR	Variant-specific surface protein VSP4A1	VSP	R-spondin-3	Variant-specific surface protein	223
A8B4L3	GL50803_14975	61.59	Phosphatidylinositol-glycan biosynthesis, class O protein	GPI ethanolamine phosphate transferase 2	Phosphatidylinositol-glycan biosynthesis, class O protein	GPI ethanolamine phosphate transferase 2	GPI ethanolamine phosphate transferase 2	361
A0A644FBM3	GL50803_137603	59.12	Uncharacterized protein	None	TMP52	Novel immune-type receptor 8	TMP52	1
A0A644F6B7	GL50803_15531	79.38	WD40 repeat protein	Periodic tryptophan protein 1 homolog	WD40 repeat protein	Transducin/WD40 repeat-like superfamily protein	WD_REPEATS_REGION domain-containing protein	71
A0A644F505	GL50803_9272	58.53	Tubulin tyrosine ligase-like 5	Probable tubulin polyglutamylase TTLL2	Tubulin polyglutamylase TTLL4	Tubulin tyrosine ligase-like 4A, isoform D	Tubulin tyrosine ligase like 5	2
A8B2D1	GL50803_137742	84.41	Kinase, NEK	Seven transmembrane domain-containing tyrosine-protein kinase 1	Kinase, NEK	Mitogen-activated protein kinase kinase kinase	Non-specific serine/threonine protein kinase	245
A8B4G4	GL50803_14089	63.52	Uncharacterized protein	Myosin heavy chain kinase D	WD40 repeat domain-containing protein	Ribosome biogenesis protein WDR12 homolog	WD40 repeat domain-containing protein	39
A8B556	GL50803_112831	57.16	Cysteine protease	Probable cysteine protease RDL4	Cysteine proteinases superfamily protein	Os01g0971400 protein	Pept_C1 domain-containing protein	212
A8B3S0	GL50803_16751	37.28	Uncharacterized protein	None	None	None	None	0
E2RU94	GL50803_17587	86.25	CTP synthase	CTP synthase	CTP synthase	CTP synthase	CTP synthase	1144
A8B329	GL50803_7715	85.94	High cysteine membrane protein Group 1	None	Variant-specific surface protein	ISEC2 protein, intestinal secretory cell protein 2	Variant-specific surface protein	36
A0A644F8E1	GL50803_50259	86.78	VSP	Variant-specific surface protein VSP4A1	Variant-specific surface protein	Proprotein convertase subtilisin/kexin type 6	Variant-specific surface protein	188
A0A644F5X8	GL50803_101309	27.44	Uncharacterized protein	None	None	None	None	0
E2RU09	GL50803_8035	61.12	Ribosome biogenesis protein BOP1 homolog	Ribosome biogenesis protein BOP1	BOP1 ribosomal biogenesis factor	Ribosome biogenesis protein BOP1	Ribosome biogenesis protein BOP1 homolog	75
A0A644F702	GL50803_50229	84.13	VSP	Major surface-labeled trophozoite antigen 417	VSP	R-spondin-1	Variant-specific surface protein	156
A0A644FBB3	GL50803_100845	67.99	Lipase	Diacylglycerol lipase-alpha	Lipase	Inactivation no afterpotential E, isoform E	Lipase_3 domain-containing protein	482
A8B1T0	GL50803_8464	79.47	Uncharacterized protein	Protein ABHD1	Alpha/beta hydrolase family protein	Protein ABHD1	AB hydrolase-1 domain-containing protein	190
A0A644FAE2	GL50803_7230	38.65	Uncharacterized protein	None	None	None	None	0
A8B4I2	GL50803_16668	56.4	IQ calmodulin-binding motif-containing protein	None	None	None	None	0
A0A644F9Z9	GL50803_13653	62.69	ERCC4 domain-containing protein	3'-flap repair endonuclease Xpf	ERCC4 domain-containing protein	DNA repair endonuclease XPF	ERCC4 domain-containing protein	43
A8B2X0	GL50803_101501	94.92	serine--tRNA ligase	Serine--tRNA ligase, cytoplasmic	Seryl-tRNA synthetase	Seryl-tRNA synthetase	Serine--tRNA ligase	735
A8B4D8	GL50803_16227	82.27	Ankyrin repeat protein 2	Ankyrin repeat and KH domain-containing protein CBG24701	Kinase, NEK	BMA-TAG-144, isoform b	Ankyrin_rpt-contain_dom domain-containing protein	77
A8B3B2	GL50803_17312	54.12	Uncharacterized protein	None	NACHT, LRR and PYD domains-containing protein 12-like	None	NACHT, LRR and PYD domains-containing protein 12-like	2
A0A644FBA7	GL50803_14993	88.77	Pyrophosphate--fructose 6-phosphate 1-phosphotransferase	Pyrophosphate--fructose 6-phosphate 1-phosphotransferase	Pyrophosphate--fructose 6-phosphate 1-phosphotransferase subunit beta	Pyrophosphate--fructose 6-phosphate 1-phosphotransferase subunit beta	ATP-dependent 6-phosphofructokinase	577
A8B452	GL50803_6455	71.86	DUF4201 domain-containing protein	None	DUF4201 domain-containing protein	None	DUF4201 domain-containing protein	2
A0A644FBN5	GL50803_15009	90.24	nitric oxide dioxygenase	Flavohemoprotein	Flavohemoprotein	Flavohemoprotein	Flavohemoglobin	169
A8B209	GL50803_6346	75.56	Kinase, NEK	Serine/threonine-protein kinase Nek6	Protein kinase domain-containing protein	Protein kinase domain-containing protein	Protein kinase domain-containing protein	284
A8B4F2	GL50803_13393	80.28	Ankyrin repeat protein 1	Inversin	Protein 21.1	Os11g0247700 protein	Ankyrin repeat protein 1	186
A0A644F5S4	GL50803_8880	65.68	Uncharacterized protein	Shk1 kinase-binding protein 15	WD40 repeat domain-containing protein	WD_REPEATS_REGION domain-containing protein	WD40 repeat-like protein	39
A8B355	GL50803_5489	83.19	Kinase, NEK	Probable serine/threonine-protein kinase nek3	Kinase, NEK	NIMA-related kinase 1	Protein kinase domain-containing protein	206
A0A644F7J0	GL50803_17568	85.31	Ankyrin repeat protein 1	Ankyrin repeat domain-containing protein 6	ANKRD50 protein	Ankyrin repeat, SAM and basic leucine zipper domain-containing protein 1	Ankyrin_rpt-contain_dom domain-containing protein	54
A0A644F6L2	GL50803_16806	66.25	ATP-dependent RNA helicase	ATP-dependent RNA helicase FAL1	ATP-dependent RNA helicase RhlB	RNA helicase	RNA helicase	404
A0A644F8A0	GL50803_5069	42.85	Ubiquitin family protein	Ankyrin repeat domain-containing protein 40	Unplaced genomic scaffold scaffold_314, whole genome shotgun sequence	Ubiquitin_4 domain-containing protein	Ubiquitin_4 domain-containing protein	2
A0A644F6U1	GL50803_42184	65.61	Palmitoyltransferase	Palmitoyltransferase ERF2	Palmitoyltransferase	S-acyltransferase	Palmitoyltransferase	84
A0A644F9Y1	GL50803_115742	84.78	VSP	Furin	VSP	None	Variant-specific surface protein	171
A0A644F9M3	GL50803_137704	55.8	Calponin-homology (CH) domain-containing protein	Leucine-rich repeat and calponin homology domain-containing protein 1	Kinase-like protein	Calponin-homology (CH) domain-containing protein	Calponin-homology (CH) domain-containing protein	8
A8B2T0	GL50803_8609	70.42	Uncharacterized protein	Acyl-CoA-binding domain-containing protein 6	BTB domain-containing protein	E3 ubiquitin-protein ligase RNF213	E3 ubiquitin-protein ligase RNF213	5
A0A644F9Y3	GL50803_4554	61.41	Leucine-rich repeat protein	Leucine-rich repeat-containing protein 45	Ankyrin_rpt-contain_dom domain-containing protein	Leucine-rich repeat-containing protein 45	zf-RING_7 domain-containing protein	11
A8B4M6	GL50803_24860	82.49	60S ribosomal export protein NMD3	60S ribosomal export protein NMD3	60S ribosomal export protein NMD3	60S ribosomal export protein NMD3	60S ribosomal export protein NMD3	555
A8B376	GL50803_6928	64.4	MSP domain-containing protein	Vesicle-associated membrane protein-associated protein SCS2	Major sperm protein	Vesicle-associated membrane protein-associated protein SCS2	Major sperm protein	41
A8B433	GL50803_6633	90.17	Farnesyl diphosphate synthase	Farnesyl pyrophosphate synthase 2	Farnesyl diphosphate synthase	Farnesyl DiPhosphate Synthetase	Polyprenyl synthetase family protein	190
A0A644F9Q8	GL50803_60196	83.32	Kinase, NEK	Serine/threonine-protein kinase nekl-3	Protein kinase domain-containing protein	NIMA (Never in mitosis gene a)-related kinase 7	Protein kinase domain-containing protein	571
A8B1Y2	GL50803_93221	85.75	Kinase, NEK	Serine/threonine-protein kinase Nek7	Protein kinase domain-containing protein	BMA-NEKL-3	Non-specific serine/threonine protein kinase	420
A8B4S4	GL50803_11930	37.22	MIZ/SP-RING zinc finger domain-containing protein	E4 SUMO-protein ligase PIAL2	SP-RING-type domain-containing protein	Retinoic acid induced 17 (Predicted)	SP-RING-type domain-containing protein	71
A8B2A4	GL50803_15429	94.99	glutathione synthase	Glutathione synthetase, chloroplastic	Glutathione synthase	Glutathione synthetase	Glutathione synthetase	377
A8B366	GL50803_38394	74.96	Ankyrin repeat protein 1	Probable 26S proteasome regulatory subunit p28	Protein 21.1	S-acyltransferase	Ankyrin_rpt-contain_dom domain-containing protein	60
A0A644FBS1	GL50803_21435	76.59	Kinase	Probable serine/threonine-protein kinase nek2	Protein kinase domain-containing protein	Serine/threonine-protein kinase Nek2	Protein kinase domain-containing protein	379
A0A644F6T1	GL50803_17552	83.43	Ankyrin repeat protein 2	Ankyrin repeat, PH and SEC7 domain containing protein secG	Ankyrin repeat-containing domain protein	Ankyrin repeat domain 44	Ankyrin_rpt-contain_dom domain-containing protein	83
A0A644FDU4	GL50803_41512	66.18	Flagella associated protein	None	Dolichyl-diphosphooligosaccharide-glycosyltransferase-like protein	Bm6690	DM10 domain-containing protein	48
A8B2P0	GL50803_15521	84.82	High cysteine membrane protein Group 2	Major surface trophozoite antigen 11	High cysteine membrane protein Group 2/ Variant-specific surface protein	Proprotein convertase subtilisin/kexin type 4	Variant-specific surface protein	112
A0A644F4V5	GL50803_112432	84.05	High cysteine membrane protein Group 5	R-spondin-1	REJ domain	None	R-spondin-1	2
A8B428	GL50803_96306	57.18	Spindle pole protein	None	Flagellar FliJ protein	None	Type III secretion protein	2
A8B526	GL50803_91295	69.03	Solute carrier family protein	Sodium-coupled neutral amino acid transporter 2	Aa_trans domain-containing protein	RE05533p	Aa_trans domain-containing protein	61
A8B3R2	GL50803_5987	56.46	Lipase	Diacylglycerol lipase-beta	Lipase_3 domain-containing protein	Diacylglycerol lipase, beta	Lipase_3 domain-containing protein	128
A8B4I6	GL50803_14195	74.12	Pms1-like protein	DNA mismatch repair protein MutL	DNA mismatch repair protein MutL	DNA mismatch repair protein MutL	DNA mismatch repair protein MutL	833
A8B341	GL50803_16596	54.7	PX domain-containing protein	Sorting nexin-16	PX domain-containing protein	Sorting nexin 1	PX domain-containing protein	34
A0A644F508	GL50803_89746	81.93	tRNA pseudouridine38/39 synthase	Probable tRNA pseudouridine synthase tag-124	tRNA pseudouridine synthase	Os03g0381100 protein	tRNA pseudouridine synthase A	712
A0A644F7J4	GL50803_221692	60.05	Kinase, AGC	Flippase kinase 1	Protein kinase domain-containing protein	Flippase kinase 1	Protein kinase domain-containing protein	464
A8B507	GL50803_14933	44.55	Spindle pole protein	None	None	None	None	0
A8B301	GL50803_16477	90.96	Tenascin-37	None	None	None	None	0
E2RTZ3	GL50803_9413	90.04	Protein disulfide isomerase PDI2	Bloodstream-specific protein 2	Protein disulfide isomerase A	Protein disulfide-isomerase	Thioredoxin	319
A8B3V9	GL50803_136003	87.07	VSP	Major surface trophozoite antigen 11	VSP	None	Variant-specific surface protein	236
A8B343	GL50803_7723	48.47	PX domain-containing protein	None	PX domain-containing protein YPT35	PX domain-containing protein	PX domain-containing protein	4
A8B3A6	GL50803_7394	35.27	Serine/threonine protein kinase	None	None	None	None	0
E2RU63	GL50803_3281	87.06	Histone deacetylase	Histone deacetylase clr6	Histone deacetylase	Histone deacetylase	Histone deacetylase	597
A8B541	GL50803_17075	52.59	Spindle pole protein	None	None	None	None	0
A0A644F5M7	GL50803_32933	84.72	VSP	Variant-specific surface protein VSP4A1	VSP	Proprotein convertase subtilisin/kexin type 6	Variant-specific surface protein	217
A8B274	GL50803_6306	31.47	Uncharacterized protein	None	Chromosome partition protein Smc	None	Chromosome partition protein Smc	1
A0A644FAW4	GL50803_14269	29.12	Uncharacterized protein	None	None	None	None	0
A0A644F515	GL50803_40591	86.72	VSP AS8	Variant-specific surface protein VSP4A1	VSP AS8	Furin	Variant-specific surface protein	230
A0A644F946	GL50803_16535	79.52	Tubulin specific chaperone E	Tubulin-folding cofactor E	Tubulin-folding cofactor E	Tubulin-folding cofactor E	CAP-Gly domain-containing protein	275
A0A644F8J9	GL50803_137722	84.57	VSP	Major surface-labeled trophozoite antigen 417	VSP	R-spondin-1	Variant-specific surface protein	246
A0A644F669	GL50803_5272	80.24	Methyltransferase domain-containing protein	Protein RRNAD1	Methyltranfer_dom domain-containing protein	Protein RRNAD1	Methyltranfer_dom domain-containing protein	162
A0A644F7R8	GL50803_96616	72.47	Kinase, CMGC CDKL	Cyclin-dependent kinase-like 4	Protein kinase domain-containing protein	Unplaced genomic scaffold supercont1.5, whole genome shotgun sequence	Non-specific serine/threonine protein kinase	328
A8B2N2	GL50803_40885	43.02	Uncharacterized protein	None	Npa1 domain-containing protein	DUF5742 domain-containing protein	Npa1 domain-containing protein	1
A8B2N9	GL50803_101450	78.54	Ankyrin repeat protein 1	Ankycorbin	Kinase, NEK	Ankyrin repeat family protein	Protein kinase domain-containing protein	332
A0A644F5R3	GL50803_60667	65.26	E3 Ubiquitin-protein ligase	E3 ubiquitin-protein ligase SMURF2	HECT domain-containing protein	E3 ubiquitin-protein ligase SMURF2	HECT-type E3 ubiquitin transferase	264
A8B584	GL50803_10374	84.53	Ankyrin repeat protein 1	Inversin-B	ankyrin repeat, PH and SEC7 domain containing protein secG-like	Unplaced genomic scaffold supercont1.3, whole genome shotgun sequence	Protein kinase domain-containing protein	248
E2RTY6	GL50803_9115	81.41	Glucose-6-phosphate isomerase	Glucose-6-phosphate isomerase	Glucose-6-phosphate isomerase	Glucose-6-phosphate isomerase	Glucose-6-phosphate isomerase	1508
A8BTX4	GL50803_15823	74.06	1,4-alpha-glucan branching enzyme	1,4-alpha-glucan-branching enzyme	1,4-alpha-glucan-branching enzyme	1,4-alpha-glucan branching enzyme	1,4-alpha-glucan branching enzyme GlgB	457
A0A644F6P1	GL50803_15187	49.75	Zinc finger domain-containing protein	E3 ubiquitin-protein ligase MIEL1	RING finger and CHY zinc finger domain-containing protein 1	Ring finger and CHY zinc finger domain-containing 1	RING finger and CHY zinc finger domain-containing protein 1	7
A0A644FBH4	GL50803_41401	84.75	VSP	Variant-specific surface protein VSP4A1	VSP	Proprotein convertase subtilisin/kexin type 6	Variant-specific surface protein	194
A0A644FAS2	GL50803_115158	80.35	High cysteine membrane protein	None	High cysteine protein	None	Variant-specific surface protein	155
A0A644F867	GL50803_100864	69.33	Vacuolar protein sorting 26	Vacuolar protein sorting-associated protein 26B	arrestin domain-containing protein 3	None	Arrestin_C domain-containing protein	12
A0A644F4E1	GL50803_14127	54.57	Uncharacterized protein	Exportin-4	TPR-domain containing protein	Histone-lysine N-methyltransferase 2A	Tetratricopeptide repeat protein	22
A0A644FAD7	GL50803_102662	85.42	VSP	Furin	VSP	Furin	Variant-specific surface protein	206
A0A644F647	GL50803_5812	91.02	VSP	Major surface-labeled trophozoite antigen 417	VSP	R-spondin-2	Variant-specific surface protein	303
A0A644F6T8	GL50803_12225	35.23	Uncharacterized protein	None	None	None	None	0
A0A644F446	GL50803_15573	58.96	Uncharacterized protein	Guanine nucleotide exchange factor subunit Rich	Kelch-like ECH-associated protein 1	Guanine nucleotide exchange factor subunit Rich	WD40 repeat-like protein	6
A0A644F6P9	GL50803_d40995	77.27	IFT complex B	Intraflagellar transport protein 52 homolog	IFT complex B	Osm-6 protein	ABC_transp_aux domain-containing protein	269
A0A644F5Q7	GL50803_32914	53.21	SNF2 family helicase	SWI/SNF-related matrix-associated actin-dependent regulator of chromatin subfamily A-like protein 1 homolog	SWI/SNF-related matrix-associated actin-dependent regulator of chromatin subfamily A-like protein 1	Zinc finger, RAN-binding domain-containing 3	UvrABC system protein B	349
A0A644FBV9	GL50803_36426	71.4	Uncharacterized protein	T-cell immunomodulatory protein homolog	Integrin alpha FG-GAP repeat containing protein 1	Integrin alpha FG-GAP repeat-containing 1	UnbV_ASPIC domain-containing protein	113
A0A644FBQ4	GL50803_91348	60.28	purine-nucleoside phosphorylase	Purine nucleoside phosphorylase 1	Inosine-guanosine phosphorylase	Purine nucleoside phosphorylase	Purine nucleoside phosphorylase	436
A8B2R7	GL50803_15514	72.71	Kinase, STE STE20	Serine/threonine-protein kinase 24	Non-specific serine/threonine protein kinase	Serine/threonine-protein kinase PAK 5	Protein kinase domain-containing protein	361
A8B3I6	GL50803_9430	54.09	CAF1 family ribonuclease	Poly(A)-specific ribonuclease PARN	CAF1 family ribonuclease	Poly(A)-specific ribonuclease PARN	Poly(A)-specific ribonuclease PARN	123
A0A644F6K8	GL50803_3867	46.31	Uncharacterized protein	None	None	None	None	0
A0A644FC71	GL50803_14101	66.8	Ankyrin repeat protein 1	Ankyrin repeat domain-containing protein 35	Protein 21.1	Ankyrin_rpt-contain_dom domain-containing protein	Ankyrin repeat protein 1	133
A0A644F725	GL50803_13749	76.3	polynucleotide adenylyltransferase	Poly(A) polymerase beta	Polynucleotide adenylyltransferase	Poly(A) polymerase	Polynucleotide adenylyltransferase	498
A0A644F5L0	GL50803_16773	66.59	Sec1 family protein	Syntaxin-binding protein 2	Sec1 family protein	Syntaxin-binding protein 2	Sec1-like protein	44
A0A644F9H9	GL50803_98054	89.82	Heat shock protein 90	Heat shock protein HSP 90-beta	HSP90-domain-containing protein	HATPase_c domain-containing protein	Chaperone protein HtpG	394
A0A644F4U5	GL50803_137618	87.42	VSP	Major surface-labeled trophozoite antigen 417	VSP	None	Variant-specific surface protein	176
A0A644F7X7	GL50803_114815	88.62	Tenascin-like protein	None	Tenascin	None	EGF-like domain-containing protein	5
A0A644FAV9	GL50803_15832	92.71	Aminoacyl-histidine dipeptidase	Cytosol non-specific dipeptidase	Cytosol nonspecific dipeptidase	Cytosol non-specific dipeptidase	Succinyl-diaminopimelate desuccinylase	398
A8B595	GL50803_5188	78.65	Ankyrin repeat protein 1	Cortactin-binding protein 2	Ankycorbin	Ankyrin repeat-containing protein ITN1	Ankyrin_rpt-contain_dom domain-containing protein	70
A0A644FA01	GL50803_50100	85.63	VSP	None	VSP	None	Variant-specific surface protein	104
A0A644FDQ8	GL50803_50124	77.34	High cysteine protein	Endoprotease bli-4	Variant-specific surface protein	None	Variant-specific surface protein	114
A0A644FAM3	GL50803_50101	86.79	VSP	Furin	VSP	Furin	Variant-specific surface protein	218
A0A644FEM8	GL50803_16293	83.22	BPI-like protein	Bactericidal permeability-increasing protein	BPI domain containing protein	Phospholipid transfer protein	Bactericidal permeability-increasing protein	111
A0A644FBC3	GL50803_21118	83.37	Long chain fatty acid CoA ligase 5	Long chain acyl-CoA synthetase 2	AMP-binding domain-containing protein	AMP-binding domain-containing protein	Acetyl-coenzyme A synthetase	228
A8B3J8	GL50803_31340	35.25	Uncharacterized protein	None	Atx10homo_assoc domain-containing protein	None	Atx10homo_assoc domain-containing protein	1
A8B296	GL50803_15428	71.48	IFT complex B	None	IFT81_CH domain-containing protein	None	Peptidase_M23 domain-containing protein	16
A8B459	GL50803_112416	41.79	Uncharacterized protein	None	None	None	None	0
A0A644F722	GL50803_13350	92.39	Alcohol dehydrogenase 3	Alcohol dehydrogenase 4	Alcohol dehydrogenase	Alcohol dehydrogenase 4	3-dehydroquinate synthase	425
A0A644F8Q7	GL50803_3564	50.24	Uncharacterized protein	None	Ubiquitin specific peptidase 54a	USP domain-containing protein	Ubiquitin carboxyl-terminal hydrolase	2
A0A644F5W9	GL50803_40005	81.56	Ankyrin repeat protein 1	Ankyrin repeat domain-containing protein 16	Ankyrin repeat protein	ANK_REP_REGION domain-containing protein	Protein kinase domain-containing protein	395
A8B216	GL50803_88065	33.54	Uncharacterized protein	None	None	None	None	0
A8B3N2	GL50803_7270	38.95	Uncharacterized protein	None	None	None	None	0
A0A644F4P9	GL50803_17121	91.38	Bip	Luminal-binding protein	Heat shock 70 kDa protein	Heat shock 70 kDa protein BIP1	Chaperone protein DnaK	650
A8B5A3	GL50803_7611	84.64	Uncharacterized protein	Transcription antitermination protein NusB	Phosphate/phosphite/phosphonate ABC transporter substrate-binding protein	Phosphatidylinositol-4,5-bisphosphate 4-phosphatase	Ferritin	33
A8B5F5	GL50803_111906	51.13	Uncharacterized protein	None	Beta_helix domain-containing protein	None	Beta_helix domain-containing protein	32
A8B5G5	GL50803_13525	80.59	RNA methylase	tRNA (guanine(10)-N2)-methyltransferase homolog	tRNA (guanine(10)-N2)-methyltransferase homolog	tRNA (guanine(10)-N2)-methyltransferase homolog	UPF0020 domain-containing protein	240
A8B5H9	GL50803_6492	57.2	Glycerophosphocholine phosphodiesterase	Glycerophosphodiester phosphodiesterase GDPD2	Glycerophosphocholine phosphodiesterase	Glycerophosphodiester phosphodiesterase	Glycerophosphocholine phosphodiesterase	324
A8B5H4	GL50803_17278	50.09	Radial spoke protein 9	Radial spoke head protein 9 homolog	Radial spoke protein 9	Radial spoke head protein 9 homolog	Radial spoke head component 9	12
A8B5I7	GL50803_6483	88.83	Ribonuclease	Ribonuclease H2 subunit A	Ribonuclease	Ribonuclease	Ribonuclease	832
A8B5F3	GL50803_33978	72.92	Thioredoxin domain-containing protein	Thioredoxin Y2, chloroplastic	Thioredoxin family protein	Trx2p	Thioredoxin domain-containing protein	333
A8B5H3	GL50803_13523	74.33	ARL protein, putative	ADP-ribosylation factor-related protein 1	GD15936	ADP-ribosylation factor-related protein 1	Translation initiation factor IF-2	494
A8B5A2	GL50803_14498	90.3	Tubulin tyrosine ligase	Probable tubulin polyglutamylase TTLL1	TTLL1 polyglutamylase	Probable tubulin polyglutamylase TTLL1	D-alanine--D-alanine ligase	452
A8B5A0	GL50803_7615	76.12	DNA topoisomerase	DNA topoisomerase 3	DNA topoisomerase	DNA topoisomerase 3	DNA topoisomerase	754
A8B5I4	GL50803_14223	89.96	Kinase, NEK	Serine/threonine-protein kinase Nek4	NIMA (Never in mitosis protein a)-related kinase	Protein kinase domain-containing protein	Protein kinase domain-containing protein	462
A8B5H1	GL50803_17277	91.23	Phospholipase B-like	Phospholipase B-like protein G	Phospholipase B-like	Phospholipase B-like protein G	Phospholipase B-like	627
A8B5B4	GL50803_103992	88.07	VSP	Variant-specific surface protein VSP4A1	VSP	None	Variant-specific surface protein	213
A8B5H7	GL50803_17280	53.69	Uncharacterized protein	None	Predicted protein	None	Ciliary associated calcium binding coiled-coil 1	2
A8B5E9	GL50803_3910	90.49	Thioredoxin	Thioredoxin	Thioredoxin	Inactive TPR repeat-containing thioredoxin TTL3	Thioredoxin domain-containing protein	270
A8B5E8	GL50803_137715	85.28	High cysteine membrane protein Group 5	Interphotoreceptor matrix proteoglycan 2	REJ domain	None	Interphotoreceptor matrix proteoglycan 2	1
A8B5G3	GL50803_4059	90.43	adenosylhomocysteine nucleosidase	5'-methylthioadenosine/S-adenosylhomocysteine nucleosidase	5'-methylthioadenosine/S-adenosylhomocysteine nucleosidase	5'-methylthioadenosine/S-adenosylhomocysteine nucleosidase	5'-methylthioadenosine/S-adenosylhomocysteine nucleosidase	568
A8B5A4	GL50803_7610	69.82	Uncharacterized protein	NACHT and WD repeat domain-containing protein 2	Transducin/WD40 repeat protein	Os05g0482600 protein	WD_REPEATS_REGION domain-containing protein	44
A8B5J8	GL50803_14857	42.79	Uncharacterized protein	None	None	None	None	0
A8B5W4	GL50803_8152	87.13	Kinase, NEK	Serine/threonine-protein kinase Nek2	Protein kinase domain-containing protein	Serine/threonine-protein kinase Nek6	Protein kinase domain-containing protein	335
A8B5W2	GL50803_17116	77.79	Cytochrome b5-like Heme/Steroid binding domain-containing protein	Cytochrome b5 domain-containing protein 1	Cytochrome b5-like Heme/Steroid binding domain-containing protein	Cytochrome b5 heme-binding domain-containing protein	Ubiquitin-like domain-containing protein	289
A8B5Z8	GL50803_17119	56.6	Zinc-RING and/or ribbon domain-containing protein	None	Sorting nexin-29	None	RUN domain-containing protein	4
A8B5U2	GL50803_16049	80.86	Kinase, NEK	Death-associated protein kinase dapk-1	Other NEK kinase	Protein kinase domain-containing protein	Non-specific serine/threonine protein kinase	404
A8B5N6	GL50803_17291	85.51	Origin recognition complex subunit 4	Origin recognition complex subunit 4	Origin recognition complex subunit 4	Origin recognition complex subunit 4	Origin recognition complex subunit 1	388
A8B5S2	GL50803_14628	83.9	Phosphatidylinositol-4-phosphate 5-kinase	MORN repeat-containing protein 1	2-isopropylmalate synthase	FYVE-type domain-containing protein	1-phosphatidylinositol-4-phosphate 5-kinase	17
A8B5R5	GL50803_2779	59.17	Ankyrin repeat protein 1	KN motif and ankyrin repeat domain-containing protein 2	Ankyrin_rpt-contain_dom domain-containing protein	Unplaced genomic scaffold supercont1.5, whole genome shotgun sequence	Ankyrin_rpt-contain_dom domain-containing protein	22
A8B5S8	GL50803_8075	44.07	Uncharacterized protein	None	Zinc-ribbon domain-containing protein	None	Aminopeptidase N	5
A8B5M4	GL50803_9718	89.09	Ras-related protein	Ras-related protein RGP1	Rab1 (Small gtp-binding protein)	Ras-related protein RGP1	GTPase Der	104
A8B5L7	GL50803_9722	64.49	Ankyrin repeat protein 1	Tonsoku-like protein	Ankyrin repeat and SOCS box protein 2-like	Cortactin-binding protein 2	Ankyrin_rpt-contain_dom domain-containing protein	11
A8B5X9	GL50803_14651	87.5	Glucosamine 6-phosphate N-acetyltransferase	Glucosamine 6-phosphate N-acetyltransferase	Glucosamine 6-phosphate N-acetyltransferase	Glucosamine 6-phosphate N-acetyltransferase	N-acetyltransferase domain-containing protein	355
A8B5X1	GL50803_14650	75.8	Ser/Thr phosphatase 2C	Probable protein phosphatase 2C 45	Serine/threonine-protein phosphatase 2C	Protein-serine/threonine phosphatase	Protein-serine/threonine phosphatase	373
A8B5J1	GL50803_9073	87.43	Dual-specificity protein phosphatase	Probable dual specificity protein phosphatase DDB_G0281963	CSON015638 protein	Os01g0390900 protein	Protein-tyrosine-phosphatase	245
A8B5V6	GL50803_89828	52.61	Cilia- and flagella-associated protein 91	None	None	None	None	0
A8B5Z0	GL50803_15343	69.92	WD-repeat family protein	Protein transport protein SEC13	Protein transport protein SEC13	Os02g0135800 protein	DNA damage-binding protein 1	54
A8B5W0	GL50803_14647	45.8	Uncharacterized protein	None	None	None	None	0
A8B5K4	GL50803_14858	56.74	Uncharacterized protein	None	None	None	None	0
A8B5T0	GL50803_8074	82.44	Manganese-dependent inorganic pyrophosphatase	Cobalt-dependent inorganic pyrophosphatase	Pyrophosphate phospho-hydrolase	Probable manganese-dependent inorganic pyrophosphatase	Pyrophosphate phospho-hydrolase	254
A8B5R8	GL50803_16537	90.5	Ankyrin repeat protein 1	Serine/threonine-protein phosphatase 6 regulatory ankyrin repeat subunit B	Protein 21.1	Ank 5 and Ank 2 domain containing protein	Ankyrin_rpt-contain_dom domain-containing protein	115
A8B5T1	GL50803_33672	36.34	Uncharacterized protein	None	None	None	None	0
A8B5J6	GL50803_14856	76.93	Signal recognition particle receptor	Signal recognition particle receptor subunit alpha	SRP54-domain-containing protein	Signal recognition particle receptor subunit alpha	Signal recognition particle receptor FtsY	328
A8B5N5	GL50803_2509	79.99	Skp1 family, dimerization domain-containing protein	SKP1-like protein 13	Skp1 domain-containing protein	Skp1-related protein	SKP1-like protein	250
A8B5N9	GL50803_6917	77.34	Transmembrane protein 18	None	Transmembrane protein 18	None	Transmembrane protein 18	7
A8B5Z3	GL50803_11114	44.58	Uncharacterized protein	None	None	None	None	0
A8B5U6	GL50803_6980	71.76	DNA pol/primase, large sub	Probable DNA primase large subunit	DNA pol/primase, large sub	DNA primase large subunit	DNA primase large subunit	387
A8B5P6	GL50803_28057	86.48	High cysteine membrane protein	Major surface-labeled trophozoite antigen 417	High cysteine membrane protein	Surface antigen-like protein	Variant-specific surface protein	48
A8B5N3	GL50803_2508	71.7	Myb-like domain-containing protein	None	Myb-like domain-containing protein	None	Myb-like domain-containing protein	3
A8B5P5	GL50803_119672	53.98	Uncharacterized protein	None	None	None	None	0
A8B5Z6	GL50803_15342	37.04	Uncharacterized protein	Ras association domain-containing protein 3	PB1 domain-containing protein	PB1 domain-containing protein	PB1 domain-containing protein	5
A8B5M1	GL50803_9719	81.01	FAD/FMN dependent oxidoreductase	NADH-dependent flavin oxidoreductase iccG	FAD/FMN dependent oxidoreductase	Probable FMN oxidoreductase	Oxidored_FMN domain-containing protein	174
A8B5Z9	GL50803_11107	51.22	Ankyrin repeat protein 1	None	Ankyrin_rpt-contain_dom domain-containing protein	None	Ankyrin_rpt-contain_dom domain-containing protein	18
A8B5Z7	GL50803_11110	58.96	DUF202 domain-containing protein	None	KASH domain-containing protein C19orf46-like	None	GNAT family N-acetyltransferase	2
A8B5V9	GL50803_8146	55.09	Basal body protein	Bardet-Biedl syndrome 5 protein homolog	Basal body protein, BBS5	Bardet-Biedl syndrome 5 protein homolog	Vacuolar protein-sorting-associated protein 36	155
A8B5S7	GL50803_14627	36.54	Uncharacterized protein	None	None	None	None	0
A8B5Y7	GL50803_11120	87.88	Kelch motif-containing protein	Leucine-zipper-like transcriptional regulator 1 homolog	nitrile-specifier protein 5-like	Galactose oxidase/kelch repeat superfamily protein	BTB domain-containing protein	108
A8B5L3	GL50803_15023	54.98	Right handed beta helix domain-containing protein	Probable pectate lyase A	Right-handed parallel beta-helix repeat-containing protein	Beta_helix domain-containing protein	Beta_helix domain-containing protein	108
A8B5T3	GL50803_4768	49.63	Uncharacterized protein	C2 calcium-dependent domain-containing protein 6	C2 domain-containing protein	Os03g0107400 protein	C2 domain-containing protein	140
A8B5N7	GL50803_14321	78.57	Ribosomal protein L30	60S ribosomal protein L30	60S ribosomal protein L30	60S ribosomal protein L30	Ribosomal_L7Ae domain-containing protein	182
A8B5P1	GL50803_6918	59.74	DNA damage repair protein	DNA polymerase IV	DNA polymerase IV	DNA polymerase IV 2	DNA polymerase IV	547
A8B5W5	GL50803_14648	67.37	Kinase, NEK	Serine/threonine-protein kinase Nek5	Protein kinase domain-containing protein	NIMA-related kinase 4	Protein kinase domain-containing protein	425
A8B5M8	GL50803_32607	83.12	High cysteine membrane protein Group 1	Variant-specific surface protein VSP4A1	High cysteine membrane protein Group 1	Proprotein convertase subtilisin/kexin type 6	Variant-specific surface protein	254
A8B5N2	GL50803_137718	28.22	Uncharacterized protein	None	None	None	None	0
A8B5L4	GL50803_15022	32.37	Uncharacterized protein	None	None	None	None	0
A8B5U0	GL50803_92760	67.95	Spindle pole protein	None	HlyD_D23 domain-containing protein	None	Flagellar FliJ protein	11
A8B5U8	GL50803_114089	84.44	High cysteine membrane protein Group 4	Endoprotease bli-4	Variant-specific surface protein	None	Variant-specific surface protein	82
A8B5J0	GL50803_9072	49.71	Uncharacterized protein	None	Diguanylate cyclase	None	Diguanylate cyclase	1
A8B5K2	GL50803_9079	86.5	ERP2	Transmembrane emp24 domain-containing protein 7	GOLD domain-containing protein	GOLD domain-containing protein	GOLD domain-containing protein	277
A8B5W8	GL50803_14649	64.26	Uncharacterized protein	None	None	None	None	0
A8B636	GL50803_16948	80.78	Nucleolar protein NOP2	25S rRNA (cytosine(2870)-C(5))-methyltransferase	NOL1/NOP2/sun family-domain-containing protein	SAM_MT_RSMB_NOP domain-containing protein	SAM_MT_RSMB_NOP domain-containing protein	178
A8B632	GL50803_8770	92.74	Uracil-DNA glycosylase	Uracil-DNA glycosylase	Uracil-DNA glycosylase	PARP-type domain-containing protein	Uracil-DNA glycosylase	262
A8B686	GL50803_16353	45.6	Uncharacterized protein	Bromodomain and WD repeat-containing protein 3	Eukaryotic translation initiation factor 2A	Unplaced genomic scaffold supercont1.4, whole genome shotgun sequence	WD40 repeat-like protein	2
A8B655	GL50803_8428	73.29	Kinase, NEK	Serine/threonine-protein kinase Nek7	Protein kinase domain-containing protein	Other/NEK/NEK6 protein kinase	Protein kinase domain-containing protein	335
A8B629	GL50803_91707	83.75	High cysteine membrane protein Group 1	Endoprotease bli-4	High cysteine membrane protein Group 1	Proprotein convertase subtilisin/kexin type 6	Variant-specific surface protein	84
A8B6A1	GL50803_16356	73.3	Suppressor of actin 1	Phosphatidylinositol-3-phosphatase SAC1	Phosphoinositide polyphosphatase, Sac family protein	Phosphatidylinositol-3-phosphatase SAC1	SAC domain-containing protein	170
A8B643	GL50803_8782	67.16	Protein required for cell viability	None	Pre-rRNA-processing protein esf1	Pre-rRNA-processing ESF1-like protein	Pre-rRNA-processing protein esf1	2
A8B678	GL50803_20037	66.44	Histone H3	Histone H3-like centromeric protein cnp1	Histone domain-containing protein	Histone H3-like centromeric protein cnp1	Histone domain-containing protein	246
A8B646	GL50803_8432	73.39	APC11, cyclin metabolism	RING-box protein 1B	RING-H2 zinc finger protein	RING-type domain-containing protein	RING-type domain-containing protein	524
A8B6F5	GL50803_113864	82.61	Uncharacterized protein	None	MYB DNA-binding domain protein	None	MYB DNA-binding domain protein	2
A8B633	GL50803_8771	77.53	Uncharacterized protein	Cyclin-U2-1	Cyclin Pas1	Cyclin-U2-1	Cyclin-domain-containing protein	88
A8B6D7	GL50803_113871	45.41	Chromosome segregation protein SMC	Kinesin-like protein KIFC2	Kinesin motor domain-containing protein	Kinesin-like protein	Kinesin-like protein	27
A8B6L8	GL50803_14620	76.79	40S ribosomal protein S6	40S ribosomal protein S6	40S ribosomal protein S6	40S ribosomal protein S6	40S ribosomal protein S6	463
A8B676	GL50803_13323	42.68	Coiled-coil protein	None	None	None	None	0
A8B6B7	GL50803_1300	65.57	Uncharacterized protein	None	None	None	None	0
A8B693	GL50803_8260	66.75	Uncharacterized protein	Replication protein A 32 kDa subunit A	Replication protein A, subunit RPA32	Replication protein A 32 kDa subunit A	Cytochrome c-type biogenesis protein CcmE	216
A8B6M6	GL50803_8058	36.37	Uncharacterized protein	None	None	None	None	0
A8B698	GL50803_28477	44.4	Uncharacterized protein	None	None	None	None	0
A8B6L2	GL50803_8048	45.47	Uncharacterized protein	None	None	None	None	0
A8B659	GL50803_8426	51.66	Radial spokehead-like protein	None	None	None	None	0
A8B610	GL50803_17120	72.47	CEGP1 protein	Signal peptide, CUB and EGF-like domain-containing protein 1	CEGP1 protein	Si:dkey-21a6.5	Ephrin_rec_like domain-containing protein	80
A8B609	GL50803_11099	65.29	Ankyrin repeat protein 1	Protein HOS4	Ankyrin repeat domain 6b	Protein HOS4	Ankyrin_rpt-contain_dom domain-containing protein	7
A8B6J5	GL50803_2483	84.52	Kinase, NEK	Serine/threonine-protein kinase Nek2	Kinase-like protein	Serine/threonine-protein kinase Nek2	Protein kinase domain-containing protein	388
A8B6E0	GL50803_6283	86.65	ATP-dependent RNA helicase	ATP-dependent RNA helicase DBP5	ATP-dependent RNA helicase DeaD	ATP-dependent RNA helicase DBP5	RNA helicase	400
A8B6L5	GL50803_8049	80.9	Uncharacterized protein	Importin subunit alpha-8	Importin subunit alpha-3	Importin subunit alpha-2	Importin N-terminal domain-containing protein	62
A8B618	GL50803_16733	70.36	Kinase	Serine/threonine-protein kinase Nek7	NIMA related kinase 5	Unplaced genomic scaffold supercont1.7, whole genome shotgun sequence	Protein kinase domain-containing protein	284
A8B690	GL50803_113892	82.62	Long chain fatty acid CoA ligase	Long chain acyl-CoA synthetase 3	AMP-binding domain-containing protein	AMP-binding domain-containing protein	Acetyl-coenzyme A synthetase	228
A8B660	GL50803_93103	76.37	TRMT2A-like protein	tRNA (uracil(54)-C(5))-methyltransferase homolog	RNA methylase	tRNA methyltransferase 2 homolog A	23S rRNA (Uracil(1939)-C(5))-methyltransferase RlmD	248
A8B669	GL50803_16952	91.84	Kinase, NEK	Probable serine/threonine-protein kinase nek2	Other NEK kinase	Probable serine/threonine-protein kinase nek2	Protein kinase domain-containing protein	395
A8B634	GL50803_91712	70.98	Amino acid transporter family	Serine transporter	Aa_trans domain-containing protein	Aa_trans domain-containing protein	Aa_trans domain-containing protein	39
A8B6K3	GL50803_17520	91.59	ClpB protein	Chaperone protein ClpB	ATP-dependent chaperone ClpB	Clp R domain-containing protein	Chaperone protein ClpB	155
A8B6A0	GL50803_14677	56.24	Uncharacterized protein	Centriole proteome protein 16	WD40 repeat-like protein	Clathrin heavy chain	WD40 repeat-like protein	22
A8B606	GL50803_15338	75.39	Kinase, NEK	Serine/threonine-protein kinase Nek6	Kinase, NEK	Serine/threonine-protein kinase Nek6	Protein kinase domain-containing protein	483
A8B625	GL50803_16737	88.66	Acid sphingomyelinase	Acid sphingomyelinase-like phosphodiesterase 3a	Acid sphingomyelinase-like phosphodiesterase	Acid sphingomyelinase-like phosphodiesterase 3a	Metallophos domain-containing protein	213
A8B671	GL50803_3345	63.29	Uncharacterized protein	Probable RNA-binding protein EIF1AD	Probable RNA-binding protein EIF1AD	Eukaryotic translation initiation factor 1A domain-containing protein	Translation initiation factor IF-1	631
A8B642	GL50803_8781	87.31	Protein YIPF	Protein YIP4a	Protein YIPF	Protein YIP	Protein YIPF	234
A8B695	GL50803_16354	69.47	Ankyrin repeat protein 1	KN motif and ankyrin repeat domain-containing protein 2	Phosphocholine transferase AnkX	S-acyltransferase	Ankyrin_rpt-contain_dom domain-containing protein	30
A8B612	GL50803_89887	54.71	Nucleolar GTP-binding protein 2	Nucleolar GTP-binding protein 2	Nuclear/nucleolar GTPase 2	Nucleolar GTP-binding protein 2	Nucleolar GTP-binding protein 2	80
A8B6M4	GL50803_14621	77.18	Thioredoxin peroxidase	Maximins 4/H3 type 5	ANK_REP_REGION domain-containing protein	None	ABC transporter ATP-binding protein	18
A8B6B6	GL50803_24807	73.46	Ankyrin repeat protein 1	Ankyrin repeat and SAM domain-containing protein 3	Ankyrin repeat protein	Cortactin-binding protein 2	Ankyrin_rpt-contain_dom domain-containing protein	19
A8B6D9	GL50803_6284	80.16	Ankyrin repeat protein 2	Serine/threonine-protein phosphatase 6 regulatory ankyrin repeat subunit B	Inversin	Serine/threonine-protein phosphatase 6 regulatory ankyrin repeat subunit B	ANK_REP_REGION domain-containing protein	89
A8B652	GL50803_8429	84.04	Minor histocompatibility antigen H13	Probable intramembrane protease C25B8.17	Peptidase A22B family protein	Peptidase A22B family protein	Minor histocompatibility antigen H13	50
A8B650	GL50803_8430	70.19	Uncharacterized protein	None	None	None	None	0
A8B663	GL50803_28526	70.18	Uncharacterized protein	None	DUF3287 domain-containing protein	None	DUF3287 domain-containing protein	1
A8B6D0	GL50803_14626	93.08	Oxidoreductase, short chain dehydrogenase/reductase family	Very-long-chain 3-oxoacyl-CoA reductase	3-ketoacyl-CoA reductase	Very-long-chain 3-oxoacyl-CoA reductase	SDR family oxidoreductase	147
A8B602	GL50803_11105	39.84	Uncharacterized protein	None	None	None	None	0
A8B6C2	GL50803_13512	76.34	TFIIH P34	General transcription and DNA repair factor IIH subunit TFB4	TFIIH P34	General Transcription Factor homolog	VWFA domain-containing protein	192
A8B641	GL50803_16949	57.62	Uncharacterized protein	None	Histidine kinase	None	Histidine kinase	4
A8B614	GL50803_137719	69.55	Kinase, NEK	Serine/threonine-protein kinase Nek3	Protein kinase domain-containing protein	Serine/threonine-protein kinase Nek3	Protein kinase domain-containing protein	486
A8B657	GL50803_8427	69.44	Transcriptional repressor NOT4Hp	CCR4-NOT transcription complex subunit 4	RNA recognition motif-containing protein	Zf-RING 4 and RRM 5 domain containing protein	RRM domain-containing protein	201
A8B6C0	GL50803_2007	89.48	Proteasome activator complex subunit 3	Proteasome activator complex subunit 3	PA28_beta domain-containing protein	Proteasome activator complex subunit 3	DUF2959 domain-containing protein	25
A8B6N1	GL50803_8061	56.08	Not1 N-terminal domain, CCR4-Not complex component-containing protein	None	None	None	None	0
A8B6B8	GL50803_16054	91.32	Qb-SNARE 1	Vesicle transport through interaction with t-SNAREs homolog 1A	Unplaced genomic scaffold scaffold_2, whole genome shotgun sequence	V-SNARE protein	t-SNARE coiled-coil homology domain-containing protein	93
A8B675	GL50803_3341	57.04	RNA polymerase III RPC4	DNA-directed RNA polymerase III subunit RPC4	DNA-directed RNA polymerase III subunit RPC4	RNA polymerase III RPC4	DNA-directed RNA polymerase III subunit RPC4	2
A8B6K6	GL50803_26679	64.19	Uncharacterized protein	Zinc finger HIT domain-containing protein 3	HIT-type domain-containing protein	HIT-type domain-containing protein	Zinc finger HIT domain-containing protein 3	74
A8B6B3	GL50803_2710	83.34	Trm112p-like protein	Multifunctional methyltransferase subunit TRM112-like protein	Trm112p-like protein	Multifunctional methyltransferase subunit TRM112-like protein	Multifunctional methyltransferase subunit TRM112-like protein	116
A8B6C3	GL50803_4008	83.9	Mob1-like protein	Maintenance of ploidy protein mob1	Mob1-like protein	Mps one binder kinase activator-like 1 (Mob1 homolog 1) (Mob1)	MOB kinase activator 2	45
A8B6D8	GL50803_6377	36.99	Chromosome segregation protein SMC	None	None	None	None	0
A8B662	GL50803_8423	75.85	Calmodulin-binding protein	Enkurin	Enkurin domain-containing protein	Enkurin domain-containing protein	Enkurin domain-containing protein	46
A8B6M3	GL50803_8055	52.44	Uncharacterized protein	None	HTH myb-type domain-containing protein	None	HTH myb-type domain-containing protein	12
A8B644	GL50803_16950	30.2	Uncharacterized protein	None	None	None	None	0
A8B6R1	GL50803_8235	88	Ankyrin repeat protein 1	Ankyrin repeat-containing protein At5g02620	Protein 21.1	ANK_REP_REGION domain-containing protein	Ankyrin repeat protein 1	200
A8B6V8	GL50803_15158	71.74	High cysteine protein	Major surface trophozoite antigen 11	High cysteine protein	None	Variant-specific surface protein	144
A8B6U4	GL50803_3114	35.5	Uncharacterized protein	None	None	None	None	0
A8B710	GL50803_27658	29.81	Uncharacterized protein	None	None	None	None	0
A8B6U8	GL50803_6583	80.68	Uncharacterized protein	Vacuolar ATPase assembly integral membrane protein VMA21	MYND-type domain-containing protein	Vph2p	GtrA family protein	47
A8B708	GL50803_5911	42.44	Uncharacterized protein	Endolytic peptidoglycan transglycosylase RlpA	Ribonuclease E inhibitor RraB	Endolytic peptidoglycan transglycosylase RlpA	Protein translocase subunit SecD	8
A8B6Z8	GL50803_32398	68.85	Serine/threonine-protein phosphatase 2A 55 kDa regulatory subunit B	Serine/threonine-protein phosphatase 2A regulatory subunit phr2AB	Serine/threonine-protein phosphatase 2A 55 kDa regulatory subunit B	Serine/threonine-protein phosphatase 2A regulatory subunit phr2AB	Serine/threonine-protein phosphatase 2A 55 kDa regulatory subunit B	618
A8B6V2	GL50803_20802	55.23	Zinc finger domain protein	mRNA decay activator protein ZFP36L3	mRNA decay activator protein ZFP36L1	Zgc:162730	RING-type E3 ubiquitin transferase	25
A8B6X3	GL50803_10255	91.75	Translation initiation factor eIF-4A	Eukaryotic initiation factor 4A-1	ATP-dependent RNA helicase eIF4A	Eukaryotic initiation factor 4A-1	RNA helicase	384
A8B6W7	GL50803_10261	59.23	MIZ/SP-RING zinc finger domain-containing protein	E3 SUMO-protein ligase PIAS1	MIZ/SP-RING zinc finger domain-containing protein	E3 SUMO-protein ligase pli1	SP-RING-type domain-containing protein	163
A8B717	GL50803_17501	28.98	Uncharacterized protein	None	None	None	None	0
A8B703	GL50803_5908	62.53	Clr5 domain-containing protein	None	None	None	None	0
A8B6X0	GL50803_10256	77.08	Coiled-coil protein	None	YfiO domain-containing protein	None	YfiO domain-containing protein	1
A8B6Z0	GL50803_10825	52.24	Coiled-coil protein	None	None	None	None	0
A8B6T2	GL50803_17515	49.67	Uncharacterized protein	None	PAS domain S-box protein	None	PAS domain S-box protein	3
A8B6S0	GL50803_8242	69.1	Ribosome biogenesis protein Nop10	Ribosome biogenesis protein Nop10	Nucleolar protein 10	Ribosome biogenesis protein Nop10	Ribosome biogenesis protein Nop10	256
A8B6Y3	GL50803_90425	78.3	Uncharacterized protein	Solute carrier family 35 member F6	UAA transporter family protein	Solute carrier family 35 member F6	EamA domain-containing protein	126
A8B6W3	GL50803_15156	87.18	SRP GTPase	Signal recognition particle 54 kDa protein 1	SRP54 domain-containing protein	Signal recognition particle 54 kDa protein	Signal recognition particle receptor FtsY	374
A8B6S1	GL50803_8243	51.19	Utp14 protein	None	None	None	None	0
A8B6Y2	GL50803_10832	58.63	Uncharacterized protein	Charged multivesicular body protein 4b	DUF4124 domain-containing protein	Charged multivesicular body protein 4b	Charged multivesicular body protein 4b	11
A8B6V7	GL50803_113130	81.21	Lipid-binding serum glycoprotein C-terminal domain-containing protein	Phospholipid transfer protein	BPI domain containing protein	BPI fold-containing family C	Bactericidal permeability-increasing protein	115
A8B6U5	GL50803_22802	89.1	Shwachman-Bodian-Diamond syndrome like protein	Ribosome maturation protein SBDS	Ribosome maturation protein SBDS	Ribosome maturation protein SBDS	Elongation factor G	490
A8B6X5	GL50803_17507	60.23	Uncharacterized protein	None	None	None	None	0
A8B6V4	GL50803_17510	86.4	Kinase, NEK	Serine/threonine-protein kinase Nek5	Kinase-like protein	Serine/threonine-protein kinase Nek5	Protein kinase domain-containing protein	248
A8B715	GL50803_14064	92.5	HMG (High mobility group) box-containing protein	High mobility group protein B3	HMG (High mobility group) box-containing protein	High mobility group protein B3	HMG box domain-containing protein	74
A8B6R7	GL50803_8241	74.47	HRT1-like protein	RING-box protein 1b	RING-H2 zinc finger protein	RING-type domain-containing protein	RING-type domain-containing protein	651
A8B6V0	GL50803_6581	36.52	Uncharacterized protein	None	None	None	None	0
A8B6S6	GL50803_14669	51.79	Uncharacterized protein	WD repeat-containing protein 6	WD repeat-containing protein 60	Os01g0702400 protein	TBC1 domain family member 31	11
A8B6X6	GL50803_17506	69.16	Leucine-rich repeat protein	Dynein regulatory complex subunit 5	T-complex-associated testis-expressed protein 1	T-complex-associated-testis-expressed 1	NACHT domain-containing protein	113
A8B707	GL50803_5910	71.35	Helicase-related protein	Type I restriction enzyme EcoEI R protein	DUF3427 domain-containing protein	Unplaced genomic scaffold supercont1.5, whole genome shotgun sequence	RNA helicase	121
A8B713	GL50803_5919	65.78	Cation efflux family protein	Metal tolerance protein 4	ZT_dimer domain-containing protein	ZT_dimer domain-containing protein	Cation transporter	273
A8B6Q6	GL50803_17516	90.63	Cathepsin B	Cathepsin B-like CP1	Cathepsin B	Pept_C1 domain-containing protein	Pept_C1 domain-containing protein	298
A8B6T1	GL50803_8250	61.32	RNA recognition motif-containing protein	RRM-domain-containing protein ECU01_0840	RNA-binding domain-containing protein	RRM domain-containing protein	RRM domain-containing protein	476
A8B6Z3	GL50803_10822	86.65	WD-40 repeat protein family	Autophagy-related protein 18a	WD-repeat protein	Autophagy-related protein 18a	6-phosphogluconolactonase	76
A8B6X4	GL50803_10254	69.83	Dynein intermediate chain	Dynein intermediate chain 1, axonemal	WD repeat domain 78	Dynein, axonemal, intermediate chain 1, paralog 2	Peroxin-7	21
A8B716	GL50803_5921	72.32	Ubiquitin-conjugating enzyme E2	Ubiquitin-conjugating enzyme E2 J2-like	UBC core domain-containing protein	UBC core domain-containing protein	UBC core domain-containing protein	488
A8B6T9	GL50803_22806	81.68	DUF4201 domain-containing protein	Coiled-coil domain-containing protein 96	DUF4201 domain-containing protein	Guanylate-binding family protein	DUF4201 domain-containing protein	16
A8B6Y7	GL50803_15297	96.13	Ribokinase	Ribokinase	Ribokinase	Ribokinase	Ribokinase	500
A8B6W0	GL50803_10269	58.19	Uncharacterized protein	None	None	None	None	0
A8B6W8	GL50803_10260	44.81	Uncharacterized protein	Ribosome biogenesis protein BOP1 homolog	High-affinity carbon uptake protein Hat/HatR	Unplaced genomic scaffold supercont1.1, whole genome shotgun sequence	Ribosome biogenesis protein BOP1 homolog	6
A8B700	GL50803_90402	86.24	Adenylate kinase	Uridylate kinase	Adenylate kinase	Uridylate kinase	Adenylate kinase	1242
A8B6V3	GL50803_87628	86.87	VSP	Major surface-labeled trophozoite antigen 417	VSP	Nesprin-2	Variant-specific surface protein	229
A8B6X8	GL50803_10836	79.87	Leucine zipper-containing protein	None	Leucine zipper-containing protein	None	Leucine zipper transcription factor-like protein 1	15
A8B719	GL50803_3313	78.79	alanine--glyoxylate transaminase	Pyridoxamine--pyruvate transaminase	Aspartate aminotransferase	Serine-pyruvate aminotransferase/ aspartate aminotransferase	Cysteine desulfurase	290
A8B6P2	GL50803_4502	93.48	ER lumen protein retaining receptor	ER lumen protein-retaining receptor B	ER lumen protein retaining receptor	ER lumen protein-retaining receptor B	ER lumen protein-retaining receptor	465
A8B6W5	GL50803_17508	53.98	Coiled-coil protein	None	None	None	None	0
A8B6W4	GL50803_113133	75.85	Tail specific protease domain-containing protein	Peptidase S41 family protein ustP	TSPc domain-containing protein	Peptidase S41 family protein	TSPc domain-containing protein	60
A8B6Y8	GL50803_15296	31.26	Uncharacterized protein	None	None	None	None	0
A8B759	GL50803_30474	52.54	Ankyrin repeat protein 1	M-phase phosphoprotein 8	Inversin	Ankyrin_rpt-contain_dom domain-containing protein	Ankyrin_rpt-contain_dom domain-containing protein	17
A8B7H8	GL50803_17547	70.95	Ribosomal protein L4	60S ribosomal protein L4	Ribosomal protein L4	60S ribosomal protein L4	50S ribosomal protein L4	918
A8B741	GL50803_16637	69.25	Uncharacterized protein	Syntaxin-73	Unplaced genomic scaffold scaffold_2, whole genome shotgun sequence	t-SNARE coiled-coil homology domain-containing protein	t-SNARE coiled-coil homology domain-containing protein	3
A8B7C6	GL50803_2010	74.01	Translation initiation factor SUI1	Translation machinery-associated protein 64	Translation initiation factor SUI1 family protein	Translation machinery-associated protein 22	Translation machinery-associated protein 22	272
A8B7G6	GL50803_9239	89.32	Nif3-related protein	GTP cyclohydrolase 1 type 2 homolog	Nif3-related protein	GTP cyclohydrolase 1 type 2 homolog	Nif3-like dinuclear metal center hexameric protein	433
A8B720	GL50803_13316	76.9	Uncharacterized protein	None	Chromosome LG1 open reading frame, human C8orf74	Similar to 4930578I06Rik protein	Chromosome LG1 open reading frame, human C8orf74	2
A8B770	GL50803_7246	91.91	peptidylprolyl isomerase	FK506-binding protein 1	Peptidylprolyl isomerase	FK506-binding protein 1	Peptidylprolyl isomerase	749
A8B7A1	GL50803_15303	62.86	Transmembrane domain-containing protein	CSC1-like protein At4g35870	PHM7_cyt domain-containing protein	CSC1-like protein At4g35870	Anoctamin	253
A8B733	GL50803_16640	63.35	Resolvase HTH domain-containing protein	Paired box protein Pax-8	Predicted protein	Paired box 1a	Paired domain-containing protein	27
A8B755	GL50803_10459	79.02	CGI-35 protein, putative	rRNA-processing protein FCF1 homolog	GH11299	Bekka	PINc domain-containing protein	158
A8B748	GL50803_15215	94.76	Serine/threonine-protein phosphatase	Serine/threonine-protein phosphatase ppe1	Serine/threonine-protein phosphatase	Serine/threonine-protein phosphatase ppe1	Serine/threonine-protein phosphatase	1118
A8B780	GL50803_7240	56.61	Nucleoporin complex subunit 54	None	None	None	None	0
A8B776	GL50803_7242	62.93	Reticulon-like protein	None	Protein FAM134C-like	None	Protein FAM134C-like	1
A8B747	GL50803_15214	96.73	Serine/threonine-protein phosphatase	Serine/threonine-protein phosphatase PP-X homolog 2	Serine/threonine-protein phosphatase	Serine/threonine-protein phosphatase 4 catalytic subunit	Serine/threonine-protein phosphatase	1106
A8B729	GL50803_113165	78.53	Lipid-binding serum glycoprotein C-terminal domain-containing protein	Bactericidal permeability-increasing protein	BPI domain containing protein	BPI fold-containing family C	Bactericidal permeability-increasing protein	113
A8B798	GL50803_15305	85.25	Hydroxyacylglutathione hydrolase	Probable metallo-hydrolase YqgX	Hydroxyacylglutathione hydrolase	Lactamase_B domain-containing protein	MBL fold metallo-hydrolase	462
A8B7A3	GL50803_10843	84.04	Serine carboxypeptidase	Thymus-specific serine protease	Serine protease	Serine protease 16	Esterase FrsA	56
A8B7I6	GL50803_11700	60.94	Rab-GAP TBC domain-containing protein	None	Rab-GAP TBC domain-containing protein	Rab-GAP TBC domain-containing protein	Rab-GAP TBC domain-containing protein	21
A8B746	GL50803_15213	74.09	Uncharacterized protein	UDP-glycosyltransferase TURAN	UDP-glycosyltransferase TURAN	UDP-glycosyltransferase TURAN	Chitobiosyldiphosphodolichol beta-mannosyltransferase	106
A8B792	GL50803_10855	80.82	Ankyrin repeat protein 1	Ankyrin repeat and SAM domain-containing protein 3	Ankyrin_rpt-contain_dom domain-containing protein	Predicted gene 7697	Protein kinase domain-containing protein	215
A8B7J7	GL50803_11696	36.16	Uncharacterized protein	None	None	None	None	0
A8B7J8	GL50803_15477	90.8	Copine I	E3 ubiquitin-protein ligase RGLG5	Phospholipid-binding Copine Family Protein	Bm1715	VWFA domain-containing protein	236
A8B721	GL50803_13315	84.13	Microtubule associated protein	None	None	None	None	0
A8B796	GL50803_10850	44.42	Uncharacterized protein	None	None	None	None	0
A8B787	GL50803_10858	91.08	MYG1 protein	MYG1 protein	MYG1 protein	MYG1 protein	Metal-dependent protein hydrolase	43
A8B788	GL50803_10857	58.26	Small nuclear ribonucleoprotein B	U6 snRNA-associated Sm-like protein LSm6	Small nuclear ribonucleoprotein (Sm)	U6 snRNA-associated Sm-like protein LSm6	Small nuclear ribonucleoprotein Sm D1	197
A8B728	GL50803_113163	85.43	VSP	Variant-specific surface protein VSP4A1	VSP	Proprotein convertase subtilisin/kexin type 4	Variant-specific surface protein	276
A8B740	GL50803_32786	67.52	Coiled-coil protein	Charged multivesicular body protein 4c	Charged multivesicular body protein 5	Small conductance calcium-activated potassium channel protein 2	Flagellar FliJ protein	16
A8B7B6	GL50803_16833	85	Tenascin-like	None	EGF-like domain-containing protein	None	SEA domain-containing protein	5
A8B7C0	GL50803_2014	52.5	Uncharacterized protein	Testis-expressed protein 47	Inner-arm dynein f/I1 light chain	Testis-expressed protein 47	BLUF domain-containing protein	108
A8B738	GL50803_2796	68.18	non-specific serine/threonine protein kinase	Serine/threonine-protein kinase PAK 3	serine/threonine-protein kinase PAK 3 isoform X4	Serine/threonine-protein kinase PAK 3	Protein kinase domain-containing protein	402
A8B742	GL50803_16636	89.21	Rab2b	Ras-related protein RABB1b	GTP-binding protein YPTC4	Ras-related protein RABB1b	Elongation factor G	63
A8B7C8	GL50803_16729	70.77	Spindle pole protein, putative	None	None	None	None	0
A8B754	GL50803_15218	71.13	WD-40 repeat protein	Cilia- and flagella-associated protein 52	cilia- and flagella-associated protein 52	Cilia and flagella-associated protein 52	WD_REPEATS_REGION domain-containing protein	66
A8B7C4	GL50803_2011	38.03	Uncharacterized protein	None	None	None	None	0
A8B7K5	GL50803_15475	84.04	High cysteine membrane protein Group 2	None	High cysteine membrane protein Group 2	Similar to tumor necrosis factor receptor superfamily, member 18, isoform CRA_b	SEA domain-containing protein	2
A8B786	GL50803_15307	89.94	Nitroreductase family protein	FMN reductase [NAD(P)H]	NAD(P)H nitroreductase	Nitroreductase domain-containing protein	Nitroreductase	282
A8B772	GL50803_7244	74.49	Reticulon-like protein	ADP-ribosylation factor-like protein 6-interacting protein 1	Reticulon-like protein	None	Reticulon-like protein	20
A8B758	GL50803_15219	69.19	Chromosome segregation protein SMC	None	Mobilization protein	Protein kinase protein with adenine nucleotide alpha hydrolase-like domain	Mobilization protein	1
A8B7L0	GL50803_15474	72.87	WKF domain-containing protein	UPF0302 protein SA1295	Zmp:0000000624	Zmp:0000000624	Zmp:0000000624	14
A8B756	GL50803_10460	52.58	Chromosome segregation protein SMC	None	None	None	None	0
A8B7A7	GL50803_29327	83.99	Vacuolar protein sorting 2	Charged multivesicular body protein 2a	Lactamase_B domain-containing protein	SNF7 family protein	SNF7 family protein	20
A8B7K8	GL50803_11690	74.61	High cysteine membrane protein	None	Variant-specific surface protein	None	Variant-specific surface protein	1
A8B731	GL50803_13467	77.85	Uncharacterized protein	Cilia- and flagella-associated protein 161	Predicted protein	Cilia- and flagella-associated protein 161	Dolichyl-phosphate-mannose--protein mannosyltransferase	132
A8B775	GL50803_7243	34.85	Encystation-specific secretory granule protein-1	Probable serine/threonine-protein kinase PkwA	Non-specific serine/threonine protein kinase	WD_REPEATS_REGION domain-containing protein	WD40 repeat domain-containing protein	55
A8B7A8	GL50803_10840	79.42	DNA-directed RNA polymerases I and III 16 kDa polypeptide	DNA-directed RNA polymerases I and III subunit RPAC2	DNA-directed RNA polymerases I and III 16 kDa polypeptide	DNA-directed RNA polymerases I and III subunit RPAC2	RNA_pol_L_2 domain-containing protein	339
A8B7B3	GL50803_2101	92.32	Cytidine deaminase	Cytidine deaminase	Cytidine deaminase	Cytidine deaminase	Cytidine deaminase	1002
A8B7C1	GL50803_2013	78.41	Glutaredoxin 5	Monothiol glutaredoxin-S4, mitochondrial	Glutaredoxin	Glutaredoxin	Glutaredoxin	330
A8B7I5	GL50803_11701	31.61	Uncharacterized protein	None	None	None	None	0
A8B732	GL50803_3855	46.57	Uncharacterized protein	Type 2 DNA topoisomerase 6 subunit B	Top6B/Bin3 vegetative topoisomerase VIB	DNA topoisomerase 6 subunit B	Type 2 DNA topoisomerase 6 subunit B	219
A8B7L4	GL50803_15472	77.92	Vacuolar protein sorting 46a	Charged multivesicular body protein 1a	Charged multivesicular body protein 1a	Charged multivesicular body protein 1a	PspA/IM30 family protein	37
A8B7Q4	GL50803_9116	87.38	Kinase, CMGC GSK	Shaggy-related protein kinase theta	Glycogen synthase kinase-3 beta	Non-specific serine/threonine protein kinase	Protein kinase domain-containing protein	455
A8B7P2	GL50803_14869	73.8	Ribosomal protein L24	50S ribosomal protein L24e	LSU ribosomal protein L24E	50S ribosomal protein L24e	TRASH domain-containing protein	199
A8B7R1	GL50803_9121	46.33	Uncharacterized protein	None	Rsph9 protein	None	Rsph9 protein	1
A8B7M0	GL50803_11683	94.19	Alpha-3 giardin	Giardin subunit alpha-3	Alpha-6 giardin	Annexin	Annexin	816
A8B7R6	GL50803_17538	55.26	Phosphoprotein phosphatase 2A regulatory subunit	Serine/threonine protein phosphatase 2A regulatory subunit B''alpha	EF-hand domain-containing protein	Serine/threonine protein phosphatase 2A regulatory subunit B''alpha	EF-hand domain-containing protein	10
A8B7P6	GL50803_111973	83.54	Lipid-binding serum glycoprotein C-terminal domain-containing protein	BPI fold-containing family C protein	BPI domain containing protein	BPI fold-containing family C protein	Bactericidal permeability-increasing protein	112
A8B7P0	GL50803_14868	87.95	Leucine-rich repeat protein	Tonsoku-like protein	RNA-DNA hybrid ribonuclease	Nalp (Nacht, leucine rich repeat and pyrin domain containing)-related	RNI-like protein	20
A8B7M9	GL50803_17543	61.46	MYND finger domain-containing protein	Zinc finger MYND domain-containing protein 10	Zinc finger MYND-type containing 10	Zinc finger MYND domain-containing protein 10	Zinc finger MYND domain-containing protein 10	19
A8B7P4	GL50803_17539	91.74	RNA helicase	Probable pre-mRNA-splicing factor ATP-dependent RNA helicase DEAH2	RNA helicase	Probable pre-mRNA-splicing factor ATP-dependent RNA helicase DEAH2	RNA helicase	206
A8B7M7	GL50803_11676	59.76	Sirtuin type 2	NAD-dependent protein deacetylase hst2	SIR2 family protein	NAD-dependent protein deacetylase hst2	NAD-dependent protein deacetylase	275
A8B7R2	GL50803_14874	85.54	SAS-6_N domain-containing protein	Spindle assembly abnormal protein 6 homolog	SAS-6_N domain-containing protein	SAS-6_N domain-containing protein	SAS-6_N domain-containing protein	240
A8B7N0	GL50803_11186	78.11	RNA binding protein	Serine/arginine-rich splicing factor 5	Serine-arginine protein 55	Serine/arginine-rich splicing factor 5	RRM domain-containing protein	309
A8B7M5	GL50803_11677	38.5	Uncharacterized protein	None	None	None	None	0
A8B7M3	GL50803_15469	72.7	SKD1 protein	Vacuolar protein sorting-associated protein 4	AAA-domain-containing protein	Vacuolar protein sorting-associated protein 4	AAA domain-containing protein	400
A8B7Q7	GL50803_9119	90.52	ATP-dependent RNA helicase	ATP-dependent rRNA helicase RRP3	DEAD-domain-containing protein	RNA helicase	RNA helicase	409
A8B7S9	GL50803_9198	38.8	Uncharacterized protein	Protein claret segregational	Kinesin motor domain-containing protein	Protein claret segregational	Kinesin-like protein	22
A8B892	GL50803_16426	33.61	Uncharacterized protein	None	None	None	None	0
A8B830	GL50803_11170	81.12	LMBR1-like membrane protein	LIMR family protein DDB_G0283707	LMBR1-like membrane protein	LIMR family protein DDB_G0283707	Probable lysosomal cobalamin transporter	78
A8B7Z5	GL50803_16979	84.99	Rab32	Ras-related protein Rab-38	GTPase	Ras-related protein Rab	GTPase Obg	238
A8B871	GL50803_10410	85.04	Ankyrin repeat protein 1	Sex-determining protein fem-1	Ankyrin repeat protein	ANK_REP_REGION domain-containing protein	Ankyrin repeat protein 1	216
A8B7Y4	GL50803_15310	76.64	WD40 repeat protein	Cilia- and flagella-associated protein 52	Guanine nucleotide-binding protein subunit beta-like protein	Cilia- and flagella-associated protein 52	WD_REPEATS_REGION domain-containing protein	68
A8B7S6	GL50803_14895	62.68	Spindle pole protein, putative	None	Kinesin-like protein	None	Kinesin-like protein	1
A8B7Y8	GL50803_10892	44.41	Uncharacterized protein	None	None	None	None	0
A8B825	GL50803_33721	37.02	Uncharacterized protein	None	None	None	None	0
A8B7Z1	GL50803_10893	88.47	Kinase, NEK	Probable serine/threonine-protein kinase nek2	Kinase-like protein	LD04361p	Protein kinase domain-containing protein	452
A8B817	GL50803_16973	32.6	Uncharacterized protein	None	None	None	None	0
A8B882	GL50803_17069	79.1	Kinase, NEK	Serine/threonine-protein kinase Nek9	Kinase-like protein	Serine/threonine-protein kinase NrkA	Protein kinase domain-containing protein	261
A8B843	GL50803_11178	86.54	Kinase, CAMK CAMK1	Probable myosin light chain kinase DDB_G0271550	Calcium/calmodulin-dependent protein kinase type 1D-like	Protein kinase domain-containing protein	Non-specific serine/threonine protein kinase	406
A8B861	GL50803_112557	56.98	Ankyrin repeat protein 1	KN motif and ankyrin repeat domain-containing protein 2	Ankyrin repeat-containing protein	S-acyltransferase	Ankyrin_rpt-contain_dom domain-containing protein	23
A8B7V7	GL50803_137703	85.1	Ankyrin repeat protein 1	CARD- and ANK-domain containing inflammasome adapter protein	Ankyrin repeat protein	Ankyrin repeat domain 44	Ankyrin repeat protein 1	160
A8B860	GL50803_3957	71.51	Kinase, NEK	Mitogen-activated protein kinase HOG1	Aurora kinase	Mitogen-activated protein kinase	Non-specific serine/threonine protein kinase	300
A8B858	GL50803_3958	36.08	Uncharacterized protein	None	None	None	None	0
A8B820	GL50803_17060	71.62	Ankyrin repeat protein 1	Ankyrin repeat domain-containing protein 35	Kinase, NEK	Ankyrin repeat domain-containing protein 36C	Protein 21.1	27
A8B7S7	GL50803_9196	89.84	Kinase, NEK	Serine/threonine-protein kinase Nek1	NIMA (Never in mitosis protein a)-related kinase	Serine/threonine-protein kinase Nek1	Protein kinase domain-containing protein	451
A8B819	GL50803_13223	91.01	Ankyrin repeat protein 1	Espin-like protein	Protein 21.1	Ankyrin repeat family protein	Ankyrin repeat protein 1	144
A8B846	GL50803_17062	36.37	Uncharacterized protein	None	None	None	None	0
A8B821	GL50803_11164	71.41	Ankyrin repeat protein 1	Cortactin-binding protein 2	Ankyrin_rpt-contain_dom domain-containing protein	Ankyrin repeat protein	Ankyrin_rpt-contain_dom domain-containing protein	32
A8B7X7	GL50803_88556	78.48	Ubiquitin thioesterase OTU	Ubiquitin thioesterase otu2	OTU domain-containing protein 6B	Unplaced genomic scaffold supercont1.8, whole genome shotgun sequence	OTU domain-containing protein	24
A8B7X0	GL50803_7706	57.97	Uncharacterized protein	None	Predicted protein	None	Probable membrane transporter protein	3
A8B870	GL50803_29181	82.92	Uncharacterized protein	Beta-phosphoglucomutase	Phosphoglycolate phosphatase	Beta-phosphoglucomutase	Enolase-phosphatase E1	184
A8B7Y6	GL50803_10889	52.02	Uncharacterized protein	Calmodulin	EF-hand domain-containing protein	Calmodulin	Calmodulin	21
A8B7S2	GL50803_17536	74.83	UsoAp	None	Unnamed product	None	Unnamed product	1
A8B7T7	GL50803_4313	78.46	VSP	Major surface trophozoite antigen 11	VSP	P/Homo B domain-containing protein	Variant-specific surface protein	156
A8B872	GL50803_112553	88.29	Kinase, NEK	Serine/threonine-protein kinase Nek6	Predicted protein	NIMA related kinase 4	Protein kinase domain-containing protein	490
A8B7W2	GL50803_3934	31.94	Uncharacterized protein	None	None	None	None	0
A8B7X9	GL50803_16978	55.58	HAUS augmin-like complex subunit 6 N-terminal domain-containing protein	None	None	None	None	0
A8B7S5	GL50803_9194	81.92	DNA replication licensing factor MCM4	DNA replication licensing factor MCM4	DNA replication licensing factor MCM4	DNA replication licensing factor MCM4	Holliday junction ATP-dependent DNA helicase RuvB	626
A8B893	GL50803_92095	42.23	Myb-like domain-containing protein	None	Myb-like domain-containing protein	None	Myb-like domain-containing protein	1
A8B813	GL50803_7696	71.58	Serine/threonine protein kinase	None	None	None	None	0
A8B7X5	GL50803_25013	64.67	High cysteine membrane protein	None	None	None	None	0
A8B7W8	GL50803_135885	96.17	Histidine phosphatase superfamily protein	Phosphoserine phosphatase 1	Phosphoglycerate mutase	Bifunctional RNase H/acid phosphatase	2,3-bisphosphoglycerate-dependent phosphoglycerate mutase	432
A8B801	GL50803_15313	73.68	tRNA pseudouridine synthase	tRNA pseudouridine synthase A	tRNA pseudouridine synthase	tRNA pseudouridine(38/39) synthase	tRNA pseudouridine synthase A	1261
A8B7V0	GL50803_137702	59.65	Kinase	Mitogen-activated protein kinase 1	Mitogen-activated protein kinase	Serine/threonine kinase	Protein kinase domain-containing protein	353
A8B802	GL50803_10908	54.78	LisH domain-containing protein	F-box-like/WD repeat-containing protein TBL1Y	NB-ARC domain-containing protein	WD domain-containing protein	WD40 repeat-like protein	25
A8B7X6	GL50803_25011	87.12	RNA-binding protein	Splicing factor 3B subunit 4	RNP-1 like protein RNA-binding protein, Glycine-rich	Spliceosome-associated protein 49	RRM domain-containing protein	358
A8B823	GL50803_11165	71.69	Ankyrin repeat protein 1	Cortactin-binding protein 2	WH2 domain-containing protein	ANK_REP_REGION domain-containing protein	Ankyrin_rpt-contain_dom domain-containing protein	56
A8B8I7	GL50803_20633	72.92	Mediator of RNA polymerase II transcription subunit 31	Mediator of RNA polymerase II transcription subunit 31-B	Mediator of RNA polymerase II transcription subunit 31	Mediator of RNA polymerase II transcription subunit 31	Mediator of RNA polymerase II transcription subunit 31	647
A8B8N1	GL50803_13227	57.1	Uncharacterized protein	None	TIR domain-containing protein	None	CID domain-containing protein	2
A8B8Y7	GL50803_101534	90.1	Kinase, NEK	Cytokinesis protein sepH	Mitogen-activated protein kinase kinase kinase	Ornithine--oxo-acid aminotransferase	Protein kinase domain-containing protein	432
A8B8E3	GL50803_31295	73.85	DinF protein	Probable multidrug resistance protein NorM	MATE family efflux transporter	Protein DETOXIFICATION	Protein DETOXIFICATION	139
A8B8T0	GL50803_11771	73.46	Uncharacterized protein	SWI/SNF-related matrix-associated actin-dependent regulator of chromatin subfamily B member 1	SWI/SNF-related matrix-associated actin-dependent regulator of chromatin subfamily B member 1	SWI/SNF-related matrix-associated actin-dependent regulator of chromatin subfamily B member 1	SNF5-domain-containing protein	55
A8B8V6	GL50803_11740	87.93	Ser/Thr phosphatase 2C	Protein phosphatase 2C homolog 1	Protein phosphatase	PPM-type phosphatase domain-containing protein	Protein-serine/threonine phosphatase	354
A8B8H7	GL50803_13268	72.43	40S ribosomal protein S25	40S ribosomal protein S25-3	40S ribosomal protein S25	40S ribosomal protein S25-3	40S ribosomal protein S25	539
A8B8E5	GL50803_9382	90.23	Prenyltransferase	Protein farnesyltransferase subunit beta	CAAX farnesyltransferase subunit beta	Protein farnesyltransferase subunit beta	Geranylgeranyl transferase type-2 subunit beta	189
A8B8R6	GL50803_137729	89.23	VSP	Major surface-labeled trophozoite antigen 417	Variant-specific surface protein	Surface antigen-like protein	Variant-specific surface protein	243
A8B8J9	GL50803_15398	90.24	Chaperone protein DnaJ	DnaJ homolog subfamily A member 1	DnaJ-related protein spj1	Heat shock protein	Chaperone protein DnaJ	797
A8B8C2	GL50803_6619	71.37	Uncharacterized protein	None	None	None	None	0
A8B8V3	GL50803_11742	79.59	Transcription factor RRN3	RNA polymerase I-specific transcription initiation factor rrn3	RNA polymerase I specific transcription initiation factor RRN3	LD10456p	RNA polymerase I-specific transcription initiation factor RRN3	116
A8B8Z9	GL50803_8003	78.19	Trafficking protein particle complex subunit	Trafficking protein particle complex subunit 3	Trafficking protein particle complex subunit	Trafficking protein particle complex subunit	Trafficking protein particle complex subunit	249
A8B8L8	GL50803_11341	74.22	Uncharacterized protein	None	None	None	None	0
A8B8W8	GL50803_10025	48.91	Uncharacterized protein	None	None	None	None	0
A8B8N7	GL50803_32312	65.51	Protein phosphatase 2C	Probable protein phosphatase 2C 9	Phosphoprotein phosphatase 2C, catalytic domain	Protein-serine/threonine phosphatase	PPM-type phosphatase domain-containing protein	368
A8B904	GL50803_8010	39.23	Uncharacterized protein	None	None	None	None	0
A8B8A6	GL50803_23930	76.52	Coiled-coil protein	Proton pump-interactor 2	Peptidoglycan DD-metalloendopeptidase family protein	Proton pump-interactor 2	Methyl-accepting chemotaxis protein	72
A8B8R9	GL50803_17411	90.85	T-complex protein 1 subunit gamma	T-complex protein 1 subunit gamma	T-complex protein 1 subunit gamma	T-complex protein 1 subunit gamma	60 kDa chaperonin	661
A8B8I9	GL50803_11319	83.17	U3 small nucleolar ribonucleoprotein IMP3	U3 small nucleolar ribonucleoprotein protein IMP3	U3 small nucleolar ribonucleoprotein IMP3	S4 RNA-binding domain-containing protein	30S ribosomal protein S4	1120
A8B8M0	GL50803_11342	47.85	Uncharacterized protein	None	SCO-spondin	None	SCO-spondin	1
A8B8F8	GL50803_14938	78.38	Ribosomal protein L12	60S ribosomal protein L12-B	Ribosomal protein L12	60S ribosomal protein L12-B	50S ribosomal protein L11	1186
A8B8E6	GL50803_14940	44.32	Leucine-rich repeat protein	None	TKL/IRAK protein kinase	None	TKL/IRAK protein kinase	1
A8B8A0	GL50803_6664	79.07	Zinc transporter domain protein	Zinc transporter ZIP1	Zinc transporter domain-containing protein	Zinc transporter 6 chloroplastic	Zinc transporter ZupT	61
A8B8E9	GL50803_112063	72.02	Major facilitator superfamily transporter	Multidrug resistance protein 2	Predicted arabinose efflux permease, MFS family	RE53026p	MFS domain-containing protein	321
A8B8G6	GL50803_15871	85.26	Serine peptidase	Probable serine protease EDA2	Serine carboxypeptidase	Prolyl carboxypeptidase like protein	Homoserine O-succinyltransferase	71
A8B8A9	GL50803_6671	67.15	Histone chaperone Rttp106-like family protein	FACT complex subunit pob3	Rtt106 domain-containing protein	FACT complex subunit pob3	FACT complex subunit SSRP1	220
A8B8G9	GL50803_3171	89.43	UBCE14	Ubiquitin-conjugating enzyme E2 13	UBC core domain-containing protein	CG9602 protein	UBC core domain-containing protein	616
A8B8U9	GL50803_104866	92.76	GTL3 aka MD0260	Cilia- and flagella-associated protein 20	DUF667 domain-containing protein	Cilia- and flagella-associated protein 20	DUF667 domain-containing protein	397
A8B8S2	GL50803_15501	79.18	CDC50	Cell cycle control protein 50A	CDC50	Cell cycle control protein 50A	ALA-interacting subunit	90
A8B8T3	GL50803_15495	65.4	RNA recognition motif-containing protein	Eukaryotic translation initiation factor 3 subunit B	RNA recognition motif-containing protein	Eukaryotic translation initiation factor 3 subunit B	Eukaryotic translation initiation factor 3 subunit B	193
A8B8Z2	GL50803_7999	89.38	Ribosomal protein S3	40S ribosomal protein S3	KH type-2 domain-containing protein	KH type-2 domain-containing protein	30S ribosomal protein S3	1470
A8B8W1	GL50803_29630	50.62	Uncharacterized protein	None	None	None	None	0
A8B8S8	GL50803_15499	70.91	Chromosome segregation protein SMC	None	None	None	None	0
A8B8K6	GL50803_11327	40.37	Uncharacterized protein	None	None	None	None	0
A8B8M1	GL50803_29500	72.11	Chaperonin 10	10 kDa chaperonin	Chaperonin 10	10 kDa chaperonin	10 kDa chaperonin	712
A8B8Z8	GL50803_8002	62.56	Nucleolar protein 16	Nucleolar protein 16	Nucleolar protein 16	Nucleolar protein 16	Nucleolar protein 16	140
A8B8K7	GL50803_11328	63.44	Spindle pole protein	None	None	None	None	0
A8B8J3	GL50803_15397	91.62	Kinase, CMGC CDK	Cyclin-dependent-like kinase 5	Protein kinase domain-containing protein	Cyclin-dependent kinase 5	Protein kinase domain-containing protein	494
A8B8N3	GL50803_3032	88.16	tryptophan--tRNA ligase	Tryptophan--tRNA ligase, cytoplasmic	Tryptophanyl-tRNA synthetase	Tryptophanyl-tRNA synthetase	Tryptophanyl-tRNA synthetase	616
A8B8H3	GL50803_13269	72.26	Eukaryotic translation initiation factor 3 subunit G	Eukaryotic translation initiation factor 3 subunit G	eIF3g domain-containing protein	RRM domain-containing protein	RRM domain-containing protein	144
A8B8U2	GL50803_11752	35.35	Uncharacterized protein	None	None	None	None	0
A8B8A4	GL50803_6666	39.67	Uncharacterized protein	None	None	None	None	0
A8B8G3	GL50803_22739	35.67	Uncharacterized protein	None	None	None	None	0
A8B8Z6	GL50803_8001	58.59	Ribosomal protein L15	60S ribosomal protein L15-2	Ribosomal protein L15	Ribosomal protein L15	Ribosomal protein L15	479
A8B8Y3	GL50803_117472	79.16	VSP	Major surface trophozoite antigen 11	VSP	Proprotein convertase subtilisin/kexin type 5	Variant-specific surface protein	151
A8B8K3	GL50803_17400	65.27	Cyclin	Cyclin-U2-2	CCY1B protein	Cyclin-U2-2	Cyclin	78
A8B8F4	GL50803_9376	83.91	Protein transport protein SEC23	Protein transport protein sec23	Protein transport protein SEC23	Protein transport protein SEC23	Protein transport protein SEC23	755
A8B8V5	GL50803_101397	82.47	Ankyrin repeat protein 1	Ankyrin repeat domain-containing protein 50	serine/threonine-protein phosphatase 6 regulatory ankyrin repeat subunit B-like	Transient receptor potential cation channel subfamily A member 1	Ankyrin_rpt-contain_dom domain-containing protein	101
A8B8T2	GL50803_15497	27.11	Uncharacterized protein	None	None	None	None	0
A8B8T7	GL50803_22587	54.55	Uncharacterized protein	None	Rab-GTPase-TBC domain-containing protein	None	Rab-GTPase-TBC domain-containing protein	1
A8B8H4	GL50803_3169	56.59	Cathepsin L	Zingipain-2	Cathepsin L	Cathepsin S, b.1	Pept_C1 domain-containing protein	199
A8B8I5	GL50803_29490	87.51	Copine I	E3 ubiquitin-protein ligase RGLG1	Phospholipid-binding Copine Family Protein	VWFA domain-containing protein	VWFA domain-containing protein	209
A8B8X9	GL50803_14696	40.65	Nucleoplasmin-like domain-containing protein	None	None	None	None	0
A8B903	GL50803_14608	58.45	Rho GAP	GTPase-activating protein BEM3	SRGP1 protein	Unplaced genomic scaffold supercont1.1, whole genome shotgun sequence	Tyrosine-protein kinase	4
A8B8U5	GL50803_11749	49.91	Uncharacterized protein	None	Transmembrane protein 196	None	Transmembrane protein 196	1
A8B8B6	GL50803_6625	41.4	Uncharacterized protein	Pre-mRNA-splicing factor SLT11	Pre-rna splicing factor	Pre-mRNA-splicing factor SLT11	Pre-mRNA-splicing factor SLT11	8
A8B8G1	GL50803_14937	48.18	Uncharacterized protein	None	NET domain-containing protein	None	NET domain-containing protein	1
A8B8X5	GL50803_8389	83.08	p60 Katanin	Katanin p60 ATPase-containing subunit A1	Katanin p60 ATPase-containing subunit A1	AAA domain-containing protein	AAA domain-containing protein	408
A8B8Q3	GL50803_14485	82.49	Ankyrin repeat protein 1	Receptor-interacting serine/threonine-protein kinase 4	Protein 21.1	GH07239p	Protein 21.1	109
A8B8F2	GL50803_14939	47.41	GiMOMP35	None	None	None	None	0
A8B8V1	GL50803_11743	63.97	Chromosome segregation protein SMC	None	HlyD family secretion protein	None	HlyD family secretion protein	1
A8B8T6	GL50803_11755	57.38	Ribosome biogenesis protein NSA2 homolog	Ribosome biogenesis protein NSA2 homolog	Ribosome biogenesis protein NSA2 homolog	Ribosome biogenesis protein NSA2 homolog	40S ribosomal protein S8	307
A8B8X6	GL50803_14694	42.61	Uncharacterized protein	L-amino acid amidase	AB hydrolase-1 domain-containing protein	Os01g0255000 protein	Dienelactone hydrolase family protein	13
A8B8S9	GL50803_11772	69.56	High cysteine membrane protein	None	High cysteine membrane protein	None	High cysteine membrane protein	1
A8B8P7	GL50803_7569	88.73	GTP-binding protein Sar1	GTP-binding protein Sar1	GTP-binding protein SAR1A	Small GTP-binding protein sar1	GTP-binding protein	67
A8B8Z3	GL50803_14606	93	Eukaryotic translation initiation factor 6	Eukaryotic translation initiation factor 6	Eukaryotic translation initiation factor 6	Eukaryotic translation initiation factor 6	Eukaryotic translation initiation factor 6	382
A8B8M5	GL50803_17404	30.88	Uncharacterized protein	None	None	None	None	0
A8B900	GL50803_8004	48	Uncharacterized protein	None	None	None	None	0
A8B901	GL50803_14607	33.49	Uncharacterized protein	None	None	None	None	0
A8B939	GL50803_3978	85.42	Ubiquitin-conjugating enzyme E2-17 kDa	Protein PEROXIN-4	UBC core domain-containing protein	Protein PEROXIN-4	UBC core domain-containing protein	538
A8B921	GL50803_7353	62.03	Uncharacterized protein	None	Olfactory receptor	None	G_PROTEIN_RECEP_F1_2 domain-containing protein	6
A8B911	GL50803_16969	72.93	RAN binding protein 1	Ran-specific GTPase-activating protein	Predicted protein	FinTRIM family, member 52, pseudogene	RanBD1 domain-containing protein	377
A8B980	GL50803_6519	50.14	Uncharacterized protein	None	TMP repeat protein	None	Peptidase_M23 domain-containing protein	5
A8B907	GL50803_16970	39.1	Uncharacterized protein	None	Probable RNA-directed DNA polymerase from transposon BS	None	Probable RNA-directed DNA polymerase from transposon BS	1
A8B918	GL50803_14434	89.03	Ankyrin repeat protein 1	Serine/threonine-protein phosphatase 6 regulatory ankyrin repeat subunit C	Serine/threonine-protein kinase NEK	Ankyrin repeat and KH domain-containing 1	Ankyrin_rpt-contain_dom domain-containing protein	100
A8B9B0	GL50803_6757	94.27	Pyrazinamidase/nicotinamidase	Nicotinamidase	Isochorismatase domain-containing protein	Nicotinamidase	Isochorismatase domain-containing protein	234
A8B9C3	GL50803_10062	54.2	Proteasome assembly chaperone 2	Peptidyl-tRNA hydrolase	AMP-(Fatty)acid ligase	Peptidyl-tRNA hydrolase	Peptidyl-tRNA hydrolase	5
A8B958	GL50803_16598	68.38	Mannose-1-phosphate guanyltransferase	Mannose-1-phosphate guanyltransferase	NDP-sugar synthase	GDP-mannose pyrophosphorylase	NTP_transferase domain-containing protein	22
A8B944	GL50803_3974	86.48	DNA-directed RNA polymerase III subunit 22.9 kDa polypeptide	DNA-directed RNA polymerase III subunit RPC8	DNA-directed RNA polymerase III subunit	DNA-directed RNA polymerase III subunit RPC8	DNA-directed RNA polymerase	113
A8B972	GL50803_14864	57.7	Chromosome segregation protein SMC	None	Methyl-accepting chemotaxis protein	None	Methyl-accepting chemotaxis protein	17
A8B966	GL50803_9088	96.35	4-methyl-5-thiazole monophosphate biosynthesis enzyme	Protein DJ-1 homolog B	DJ-1_PfpI domain-containing protein	Protein DJ-1 homolog B	DJ-1_PfpI domain-containing protein	177
A8B929	GL50803_7349	70.6	Ubiquitin	Probable ubiquitin carboxyl-terminal hydrolase MINDY-4	LisH domain-containing protein	Ubiquitin carboxyl-terminal hydrolase MINDY	Ubiquitin carboxyl-terminal hydrolase MINDY	285
A8B960	GL50803_10686	68.1	Ankyrin repeat protein 1	Ankyrin repeat and SAM domain-containing protein 4B	Ankyrin repeat protein 1	Glutaminase	Ankyrin_rpt-contain_dom domain-containing protein	154
A8B957	GL50803_10680	32.75	Uncharacterized protein	None	None	None	None	0
A8B965	GL50803_9087	46.03	Polysaccharide biosynthesis family protein	None	Polysacc_synt_4 domain-containing protein	None	Polysacc_synt_4 domain-containing protein	18
A8B989	GL50803_6508	33.25	Uncharacterized protein	None	None	None	None	0
A8B905	GL50803_137732	85.14	High cysteine membrane protein	None	EGF-like domain protein	None	EGF-like domain protein	1
A8B955	GL50803_29277	82.67	LSM domain-containing protein	Probable U6 snRNA-associated Sm-like protein LSm2	Sm domain-containing protein	Small nuclear ribonucleoprotein Sm D1	Small nuclear ribonucleoprotein Sm D1	343
A8B953	GL50803_10676	58.29	Chromosome segregation protein SMC	None	OmpA family protein	None	Methyl-accepting chemotaxis protein	2
A8B9C7	GL50803_10056	89.68	Rho GAP	Rho GTPase-activating protein gacF	Oligophrenin 1	Rho GTPase-activating protein gacF	Rho-GAP domain-containing protein	230
A8B942	GL50803_16602	78.67	CPL domain-containing protein	Pumilio homolog 3	CPL domain-containing protein	PUM-HD domain-containing protein	PUM-HD domain-containing protein	374
A8B9C4	GL50803_15105	42.72	Uncharacterized protein	HTH-type transcriptional regulator SarX	PadR family transcriptional regulator	Inositol methyltransferase	ArsR family transcriptional regulator	57
A8B940	GL50803_3977	87.96	G2/mitotic-specific cyclin B	Cyclin-B2-2	Cyclin N-terminal domain-containing protein	Cyclin-B1-4	Cyclin N-terminal domain-containing protein	196
A8B970	GL50803_137733	88.28	Kinase, NEK	Probable serine/threonine-protein kinase nek2	Other NEK kinase	NIMA (Never in mitosis gene a)-related kinase 2	Protein kinase domain-containing protein	429
A8B946	GL50803_16601	72.72	Uncharacterized protein	HEAT repeat-containing protein 3	Importin subunit alpha	HEAT repeat-containing protein 3	Importin N-terminal domain-containing protein	22
A8B979	GL50803_34134	61.86	ribonuclease H	Ribonuclease HI	Ribonuclease H	Ribonuclease HI	Ribonuclease H	1167
A8B9B2	GL50803_17227	87.29	DinF protein	Multidrug export protein MepA	Multi antimicrobial extrusion protein (Na(+)/drug antiporter), MATE family of MDR efflux pumps	MATE efflux family protein	Protein DETOXIFICATION	212
A8B978	GL50803_9099	77.46	PCI domain-containing protein	26S proteasome non-ATPase regulatory subunit 13	PCI domain-containing protein	26S proteasome non-ATPase regulatory subunit 13	PCI domain-containing protein	270
A8B924	GL50803_7351	88.66	Heat shock factor binding protein	None	None	None	None	0
A8B9B7	GL50803_17224	96.75	Alpha-SNAP	Alpha-soluble NSF attachment protein 2	Beta-soluble NSF attachment protein	Alpha-soluble NSF attachment protein 2	Tetratricopeptide repeat protein	192
A8B968	GL50803_9089	77.24	Cytochrome B5, outer mitochondrial membrane	Acyl-lipid (8-3)-desaturase	Flavohemoprotein B5 B5R	Cytochrome b5 reductase 4	Cytochrome b5 heme-binding domain-containing protein	400
A8B9A9	GL50803_114778	75.82	Uncharacterized protein	None	None	None	None	0
A8B961	GL50803_15265	55.36	Uncharacterized protein	Cytoplasmic dynein 2 light intermediate chain 1	Cytoplasmic dynein 2 light intermediate chain 1	Cytoplasmic dynein 2 light intermediate chain 1	Dynein light intermediate chain	154
A8B976	GL50803_9098	81.17	MT associated TRAF3 interacting protein	None	TNF receptor-associated factor 3 interacting protein 1	None	TNF receptor-associated factor 3 interacting protein 1	1
A8B984	GL50803_27887	69.6	Dpy-30 motif-containing protein	Nucleoside diphosphate kinase homolog 5	Dpy-30 motif-containing protein	Nucleoside diphosphate kinase homolog 5	NDK domain-containing protein	18
A8B9A6	GL50803_114777	71.81	Major facilitator superfamily transporter	Multidrug resistance protein 2	Predicted arabinose efflux permease, MFS family	RE53026p	MFS domain-containing protein	320
A8B956	GL50803_10679	59.91	Double-stranded DNA-binding domain-containing protein	DNA-binding protein M1425_1752	Double-stranded DNA-binding domain family protein	Double-stranded DNA-binding family protein	Programmed cell death protein 5	27
A8B9B4	GL50803_21803	54.67	Bromo domain-containing protein	None	Bromo domain-containing protein	None	Bromo domain-containing protein	1
A8B922	GL50803_7352	47.44	Uncharacterized protein	None	None	None	None	0
A8B919	GL50803_14433	69.94	Ankyrin repeat protein 1	Ankyrin repeat domain-containing protein 30B	Ankyrin repeat and SOCS box-containing 3	Ankyrin repeat domain-containing protein 30B	Ankyrin_rpt-contain_dom domain-containing protein	22
A8B951	GL50803_10675	61.61	Noc2p family protein	Nucleolar complex protein 2 homolog	Noc2p family protein	Nucleolar complex protein 2 homolog	Nucleolar complex protein 2 homolog	23
A8B908	GL50803_25035	57.65	Protein tyrosine phosphatase	Tyrosine-protein phosphatase 1	Protein-tyrosine phosphatase	Tyrosine-protein phosphatase 1	Protein-tyrosine-phosphatase	34
A8B930	GL50803_7348	42.86	Uncharacterized protein	None	None	None	None	0
A8B916	GL50803_7356	71.95	Kinase, NEK	Serine/threonine-protein kinase Nek10	Predicted protein	Mitogen-activated protein kinase kinase kinase 1	Non-specific serine/threonine protein kinase	318
A8B9N7	GL50803_10524	25.36	Uncharacterized protein	None	None	None	None	0
A8B9T6	GL50803_9162	72	Nuclear LIM interactor-interacting factor 1	Carboxy-terminal domain RNA polymerase II polypeptide A small phosphatase 2	Predicted protein	Carboxy-terminal domain RNA polymerase II polypeptide A small phosphatase 2	FCP1 homology domain-containing protein	327
A8B9H3	GL50803_16915	77.28	Ankyrin repeat protein 1	Transcription factor SWI6	TKL protein kinase	ANK_REP_REGION domain-containing protein	Ankyrin_rpt-contain_dom domain-containing protein	35
A8B9D2	GL50803_15103	43.99	Rad21/Rec8-like protein C-terminal eukaryotic domain-containing protein	None	BlaI/MecI/CopY family transcriptional regulator	None	BlaI/MecI/CopY family transcriptional regulator	1
A8B9V1	GL50803_17453	31.54	Uncharacterized protein	None	None	None	None	0
A8B9C8	GL50803_10055	88.46	DNA-directed RNA polymerase subunit D	DNA-directed RNA polymerases I and III subunit rpac1	DNA-directed RNA polymerase subunit D	DNA-directed RNA polymerases I and III subunit rpac1	DNA-directed RNA polymerase subunit alpha	611
A8B9U6	GL50803_13201	67.03	Nudix hydrolase	mRNA-decapping enzyme subunit 2	Nudix hydrolase domain-containing protein	mRNA-decapping enzyme 2	Nudix hydrolase domain-containing protein	225
A8B9E8	GL50803_15581	91.52	WD40 repeat protein	p21-activated protein kinase-interacting protein 1-like	WD40 repeat-like protein	p21-activated protein kinase-interacting protein 1	WD_REPEATS_REGION domain-containing protein	99
A8B9E0	GL50803_13787	80.23	N-alpha-acetyltransferase 30	N-alpha-acetyltransferase 30	N-acetyltransferase domain-containing protein	N-alpha-acetyltransferase 30	N-acetyltransferase domain-containing protein	407
A8B9F0	GL50803_36315	77.79	Dual specificity protein phosphatase 12	Dual specificity protein phosphatase 12	Kazal-like domain-containing protein	Dual specificity protein phosphatase 12	Protein-tyrosine-phosphatase	320
A8B9V6	GL50803_17451	83.43	Deoxynucleoside kinase	Deoxyadenosine kinase	dNK domain-containing protein	Deoxyadenosine kinase	Adenylate kinase	313
A8B9L4	GL50803_8560	71.93	Uncharacterized protein	Target of rapamycin complex 2 subunit sin1	PID domain-containing protein	Stress-activated map kinase-interacting protein 1	PID domain-containing protein	173
A8B9D5	GL50803_32815	53.08	Uncharacterized protein	None	E3 ubiquitin-protein ligase RNF114	None	E3 ubiquitin-protein ligase RNF114	2
A8B9U7	GL50803_13200	89.26	RNA helicase	ATP-dependent RNA helicase DHX8	Helicase associated domain (HA2)	RNA helicase	RNA helicase	204
A8B9I9	GL50803_102023	84.49	Ankyrin repeat protein 1	Serine/threonine-protein phosphatase 6 regulatory ankyrin repeat subunit C	Ankyrin-2	Ankyrin repeat domain-containing protein 30A	Methyl-accepting chemotaxis protein	91
A8B9N3	GL50803_10522	59.59	SHIPPO repeat domain-containing protein	None	None	None	None	0
A8B9V0	GL50803_17454	87.71	Kinesin motor domain-containing protein	Kinesin-like protein KLP2	Kinesin motor domain-containing protein	Kinesin-like protein	Kinesin-like protein	759
A8B9T2	GL50803_97130	85.57	Kinase, NEK	Probable serine/threonine-protein kinase nek2	ANK2 protein	Protein kinase domain-containing protein	Protein kinase domain-containing protein	412
A8B9L2	GL50803_8559	88.87	V-type proton ATPase proteolipid subunit	V-type proton ATPase 16 kDa proteolipid subunit	V-type proton ATPase proteolipid subunit	V-type proton ATPase 16 kDa proteolipid subunit	V-type proton ATPase proteolipid subunit	544
A8B9T8	GL50803_32657	49.68	Uncharacterized protein	Protein-methionine-sulfoxide reductase heme-binding subunit MsrQ	Histidine kinase	None	Histidine kinase	21
A8B9P0	GL50803_10527	29.14	Uncharacterized protein	None	None	None	None	0
A8B9T4	GL50803_137698	88.93	Sec13	Protein transport protein SEC13	Sec13	Protein transport protein SEC13	WD_REPEATS_REGION domain-containing protein	67
A8B9J2	GL50803_13156	88.5	Eukaryotic initiation factor 4A	Eukaryotic initiation factor 4A-I	ATP-dependent RNA helicase, DEAD box family protein	Eukaryotic initiation factor 4A-I	RNA helicase	393
A8B9L0	GL50803_14730	69.89	Macro domain-containing protein	ADP-ribose glycohydrolase MACROD1	Protein LRP16	Macro domain containing protein	Macro domain-containing protein	151
A8B9M4	GL50803_26199	70.07	Kinase, NEK	Serine/threonine-protein kinase KIN3	Other NEK kinase	Protein kinase domain-containing protein	Protein kinase domain-containing protein	270
A8B9K4	GL50803_5534	90.31	Coiled-coil protein	E3 ubiquitin-protein ligase RGLG1	Coiled-coil protein	VWFA domain-containing protein	VWFA domain-containing protein	180
A8B9K1	GL50803_5533	63.68	DUB-1	Ubiquitin carboxyl-terminal hydrolase 36	Ubiquitin carboxyl-terminal hydrolase	Ubiquitin carboxyl-terminal hydrolase 36	Ubiquitin carboxyl-terminal hydrolase	227
A8B9R3	GL50803_15240	76.01	Uncharacterized protein	Radial spoke protein 14	Armadillo-type protein	Expressed protein	RING-type E3 ubiquitin transferase	139
A8B9F8	GL50803_114797	69.48	Ankyrin repeat protein 1	Sex-determining protein fem-1	Ankyrin repeat protein 1	Sex-determining protein fem-1	Ankyrin repeat protein 1	220
A8B9S8	GL50803_17460	94.04	G1 to S phase transition protein 1, putative	Eukaryotic peptide chain release factor GTP-binding subunit	ERF-3	Eukaryotic translation release factor 3, isoform A	Elongation factor 4	748
A8B9F9	GL50803_137676	82.23	Kinase, NEK	Serine/threonine-protein kinase nekl-3	Kinase-like domain-containing protein	Serine/threonine kinase	Protein kinase domain-containing protein	547
A8B9H1	GL50803_12139	74.2	Ankyrin repeat protein 3	Protein HOS4	Inversin	Protein HOS4	Ankyrin_rpt-contain_dom domain-containing protein	12
A8B9H7	GL50803_15587	83.95	Ankyrin repeat protein 1	Uveal autoantigen with coiled-coil domains and ankyrin repeats	Protein 21.1	Ankyrin repeat domain 35	Ankyrin repeat protein 1	222
A8B9N2	GL50803_10521	92.25	arginine--tRNA ligase	Arginine--tRNA ligase	Arginine--tRNA ligase, cytoplasmic	Arginyl-tRNA synthetase	Arginine--tRNA ligase	1491
A8B9D9	GL50803_16910	43.66	Uncharacterized protein	None	None	None	None	0
A8B9T9	GL50803_102438	87.83	Plasma membrane calcium-transporting ATPase 2	Calcium-transporting ATPase 12, plasma membrane-type	Calcium-transporting ATPase	Calcium-transporting ATPase	Calcium-transporting ATPase	228
A8B9M9	GL50803_30476	80.38	Long chain fatty acid CoA ligase 4	Fatty acyl-CoA synthetase A	AMP-binding domain-containing protein	Fatty acyl-CoA synthetase A	Acetyl-coenzyme A synthetase	227
A8B9D7	GL50803_4964	91.45	Mevalonate kinase	Mevalonate kinase	Mevalonate kinase	Mevalonate kinase	Mevalonate kinase	770
A8B9E6	GL50803_21792	83.53	RING finger domain-containing protein	Arrestin domain-containing protein 1	Arrestin domain-containing protein 3-like	Si:dkey-172m14.2	Arrestin_C domain-containing protein	318
A8B9I4	GL50803_27035	59.43	C2H2-type domain-containing protein	Zinc finger protein 385A	C2H2-type domain-containing protein	U1-type domain-containing protein	C2H2-type domain-containing protein	161
A8B9K8	GL50803_8557	28.59	Spindle pole protein	None	None	None	None	0
A8B9S6	GL50803_13774	75.98	Uncharacterized protein	ADP-ribosylation factor GTPase-activating protein AGD2	CBY1 interacting BAR domain containing 2	Myc box-dependent-interacting protein 1	Methyl-accepting chemotaxis protein	21
A8B9V4	GL50803_32363	64.66	Uncharacterized protein	None	AIG1-type G domain-containing protein	None	AIG1-type G domain-containing protein	1
A8B9F2	GL50803_12119	84.39	SnRNP Sm-like protein	Probable small nuclear ribonucleoprotein Sm D1	Small nuclear ribonucleoprotein Sm D1	Small nuclear ribonucleoprotein Sm D1	U6 snRNA-associated Sm-like protein LSm4	590
A8B9Q3	GL50803_97219	87.3	Fibrillarin	rRNA 2'-O-methyltransferase fibrillarin	Dual-specificity kinase	Os02g0821800 protein	Ubiquinone/menaquinone biosynthesis C-methyltransferase UbiE	224
A8B9N4	GL50803_29227	57.39	H-SHIPPO 1	None	None	None	None	0
A8B9R2	GL50803_15239	60.26	Condensin complex subunit 2	None	Condensin complex subunit 2	None	Condensin complex subunit 2	3
A8B9P8	GL50803_15232	75.3	Ankyrin repeat protein 1	KN motif and ankyrin repeat domain-containing protein 2	Nuclear factor NF-kappa-B p100 subunit-like	ANK_REP_REGION domain-containing protein	Ankyrin_rpt-contain_dom domain-containing protein	14
A8B9E4	GL50803_16912	77.03	Inositol-tetrakisphosphate 1-kinase	Inositol-tetrakisphosphate 1-kinase 1	Queuine tRNA-ribosyltransferase	Inositol-tetrakisphosphate 1-kinase	ATP-grasp domain-containing protein	205
A8B9P2	GL50803_10529	94.15	Bardet-Biedl syndrome 4 protein-like protein	Bardet-Biedl syndrome 4 protein homolog	Tetratricopeptide repeat protein	Tetratricopeptide repeat protein 28	Tetratricopeptide repeat protein	160
A8B9M7	GL50803_2082	92.53	Kinase, NEK	Serine/threonine-protein kinase Nek2	NIMA-like protein kinase	Serine/threonine-protein kinase Nek2	Protein kinase domain-containing protein	450
A8BA70	GL50803_3983	88.69	5' nucleotidase family protein	Secreted protein ARB_01864	5' nucleotidase family protein	Metallophos domain-containing protein	Bifunctional metallophosphatase/5'-nucleotidase	128
A8BA35	GL50803_9952	65.63	RING-type domain-containing protein	Non-structural maintenance of chromosomes element 1 homolog	Non-structural maintenance of chromosomes element 1 homolog	Non-structural maintenance of chromosomes element 1 homolog	RING-type domain-containing protein	157
A8BA88	GL50803_14978	89.94	Membrane protein	Protein PGR	TIGR00297 family protein	Protein PGR	DUF92 domain-containing protein	303
A8BA31	GL50803_9948	58.82	P/Homo B domain-containing protein	Proprotein convertase subtilisin/kexin type 4	P/Homo B domain-containing protein	Proprotein convertase subtilisin/kexin type 4	P/Homo B domain-containing protein	214
A8BAG0	GL50803_14126	41.07	Uncharacterized protein	None	RIPOR family member 3	None	RIPOR family member 3	1
A8BA55	GL50803_14507	33.44	Uncharacterized protein	None	None	None	None	0
A8BA80	GL50803_22291	85.1	EamA-like transporter family protein	Solute carrier family 35 member F6	PALP domain-containing protein	Solute carrier family 35 member F6	TPT domain-containing protein	115
A8B9X2	GL50803_9155	71.95	Ribonuclease	ERAD-associated E3 ubiquitin-protein ligase HRD1A	Ring finger domain-containing protein	RING-type E3 ubiquitin transferase	RING-type domain-containing protein	46
A8BAE1	GL50803_17253	35.35	Uncharacterized protein	None	None	None	None	0
A8BAE4	GL50803_8713	48.96	Lipase	Diacylglycerol lipase-beta	Lipase_3 domain-containing protein	Lipase_3 domain-containing protein	Lipase_3 domain-containing protein	26
A8BA73	GL50803_12830	51.15	Uncharacterized protein	Membrane-spanning 4-domains subfamily A member 10	Predicted protein	None	Membrane-spanning 4-domains subfamily A member 10	3
A8BA81	GL50803_40067	66.29	N-acetyltransferase domain-containing protein	Puromycin N-acetyltransferase	N-acetyltransferase domain-containing protein	Acetyltransferase	N-acetyltransferase domain-containing protein	418
A8BA51	GL50803_34141	67.6	Nin one binding protein-like protein	20S-pre-rRNA D-site endonuclease nob1	Nin one binding protein-like protein	RNA-binding protein NOB1	RNA-binding protein NOB1	153
A8BA85	GL50803_2538	59.98	Kinase, NAK	Serine/threonine-protein kinase 16	Kinase-like domain-containing protein	Os09g0279100 protein	Protein kinase domain-containing protein	272
A8BAA6	GL50803_17574	65.07	Coiled-coil protein	None	None	None	None	0
A8BAF7	GL50803_21088	66.93	Uncharacterized protein	None	None	None	None	0
A8B9Y0	GL50803_9145	77.07	DNA helicase RecQ	ATP-dependent DNA helicase Q1	DNA helicase RecQ	ATP-dependent DNA helicase	RNA helicase	396
A8B9W9	GL50803_9157	55.57	UBC core domain-containing protein	None	ThiF family adenylyltransferase	None	EpsI family protein	16
A8BA45	GL50803_16498	73.36	Nucleolar GTPase	Guanine nucleotide-binding protein-like 3 homolog	Nucleolar GTPase	Os01g0375000 protein	Nucleolar GTP-binding protein 2	305
A8B9W1	GL50803_112519	88.97	Ankyrin repeat protein 1	Ankyrin repeat domain-containing protein 2A	Ankyrin repeat protein 1	LP22840p	Ankyrin repeat protein 1	233
A8BAD9	GL50803_8708	66.72	Eukaryotic translation initiation factor 1A	Eukaryotic translation initiation factor 1A, X-chromosomal	Translation initiation factor	Eukaryotic translation initiation factor 4C	Translation initiation factor IF-1	1042
A8BAA3	GL50803_94463	45.33	Uncharacterized protein	F-box protein At1g49990	Outer membrane protein assembly factor BamB	F-box protein At1g49990	F-box domain-containing protein	53
A8BAB7	GL50803_16135	41.93	Cullin family profile domain-containing protein	Exportin-T	HTH arsR-type domain-containing protein	Ribonuclease R	Exportin-T	4
A8BA49	GL50803_16507	70.94	Tail specific protease domain-containing protein	Peptidase S41 family protein ustP	TSPc domain-containing protein	Unplaced genomic scaffold supercont1.7, whole genome shotgun sequence	TSPc domain-containing protein	428
A8BA62	GL50803_7677	37.03	Uncharacterized protein	None	None	None	None	0
A8BAA0	GL50803_9545	69.32	Uncharacterized protein	Nucleosome-remodeling factor subunit NURF301-like	Bromodomain-containing protein	Bromo domain-containing protein	Bromo domain-containing protein	12
A8BA65	GL50803_7679	62.73	Ankyrin repeat protein 1	Cortactin-binding protein 2	Ankyrin repeat	Ankyrin repeat domain 26	Ankyrin_rpt-contain_dom domain-containing protein	15
A8BA86	GL50803_115232	61.8	PP-loop family protein	tRNA-cytidine(32) 2-sulfurtransferase	tRNA(Ile)-2-lysyl-cytidine synthase	tRNA(Ile)-2-lysyl-cytidine synthase	tRNA(Ile)-lysidine synthase	915
A8BA38	GL50803_15085	67.7	Uncharacterized protein	Eisosome protein 1	Butyrophilin subfamily 1 member A1-like	Eisosome protein 1	Peptidase_M23 domain-containing protein	18
A8BAD0	GL50803_17255	66.68	Uncharacterized protein	Extragenic suppressor of kinetochore protein 1	SIT4 phosphatase-associated family protein	Os04g0620400 protein	RING-type E3 ubiquitin transferase	19
A8B9W5	GL50803_17449	69.71	non-specific serine/threonine protein kinase	Serine/threonine-protein kinase RIO1	Serine/threonine-protein kinase RIO1	Serine/threonine-protein kinase RIO1	Non-specific serine/threonine protein kinase	612
A8BA67	GL50803_7680	70.66	Ankyrin repeat protein 1	KN motif and ankyrin repeat domain-containing protein 2	Related to ankyrin	Unplaced genomic scaffold supercont1.5, whole genome shotgun sequence	Ankyrin_rpt-contain_dom domain-containing protein	41
A8B9X5	GL50803_9148	58.31	H-SHIPPO 1	None	None	None	None	0
A8BAC4	GL50803_13777	79.06	Cell division control protein 48	Cell division control protein 48 homolog A	AAA family ATPase, CDC48 subfamily	Cell division cycle protein 48	AAA domain-containing protein	451
A8B9W3	GL50803_91354	49.26	H-SHIPPO 1	None	None	None	None	0
A8BA69	GL50803_3985	89.52	tRNA/rRNA cytosine-C5-methylase	28S rRNA (cytosine-C(5))-methyltransferase	tRNA/rRNA cytosine-C5-methylase	SAM_MT_RSMB_NOP domain-containing protein	23S rRNA (uracil(1939)-C(5))-methyltransferase RlmD	176
A8BAA7	GL50803_13668	40.64	Uncharacterized protein	None	T9SS type A sorting domain-containing protein	None	DUF4115 domain-containing protein	39
A8BA50	GL50803_4405	59.64	Kinase, TTK	Serine/threonine-protein kinase Nek10	Protein kinase domain-containing protein	Protein kinase domain-containing protein	Protein kinase domain-containing protein	245
A8BA42	GL50803_16500	73.37	Sperm-associated WD-repeat protein	Guanine nucleotide-binding protein subunit beta-2-like 1	POC1 centriolar protein-like protein A	Guanine nucleotide-binding protein subunit beta-like protein	WD40 domain containing protein	46
A8BAE6	GL50803_14764	76.16	Ankyrin repeat protein 1	Serine/threonine-protein phosphatase 6 regulatory ankyrin repeat subunit C	Ankyrin repeat protein	Ankyrin repeat and SOCS box protein 2	Ankyrin repeat protein 1	179
A8BA76	GL50803_33030	61.64	Nar1	Cytosolic iron-sulfur assembly component 3	Fe_hyd_lg_C domain-containing protein	Fe_hyd_SSU domain-containing protein	Fe_hyd_lg_C domain-containing protein	75
A8BAB3	GL50803_21331	89.43	26S protease regulatory subunit 7	26S proteasome regulatory subunit 10B	26S proteasome regulatory complex ATPase RPT4	26S proteasome regulatory subunit 10B	AAA domain-containing protein	393
A8BAA9	GL50803_13667	88.27	Notchless	Notchless protein homolog	NLE domain-containing protein	WD_REPEATS_REGION domain-containing protein	WD_REPEATS_REGION domain-containing protein	121
A8BAF9	GL50803_27747	80.22	Ferrihemoglobin reductase	Cytochrome b5 reductase 4	Flavohemoprotein B5 B5R	Cytochrome b5 heme-binding domain-containing protein	Cytochrome b5 heme-binding domain-containing protein	412
A8BAA8	GL50803_4602	92.32	Reductase	Dehydrogenase/reductase SDR family protein 7-like	HSDL1 protein	Os06g0300000 protein	SDR family oxidoreductase	139
A8BA91	GL50803_9541	86.36	Trafficking protein particle complex subunit	Transport protein particle subunit trs31	Trafficking protein particle complex subunit	Transport protein particle subunit trs31	Trafficking protein particle complex subunit	265
A8BAD7	GL50803_8707	84.78	N-terminal acetyltransferase complex ARD1 subunit	N-alpha-acetyltransferase 10	N-acetyltransferase	N-alpha-acetyltransferase 10	N-acetyltransferase domain-containing protein	474
A8BAC7	GL50803_13775	48.38	Uncharacterized protein	None	None	None	None	0
A8BAC8	GL50803_4928	54.93	CHY zinc finger domain-containing protein	RING finger and CHY zinc finger domain-containing protein 1	CHY zinc finger domain-containing protein	CHY-type domain-containing protein	CHY-type domain-containing protein	167
A8BAA4	GL50803_4606	87.33	Methionyl-tRNA synthetase	Tyrosine--tRNA ligase, cytoplasmic	tRNA binding domain containing protein	Tyrosine--tRNA ligase, cytoplasmic	Methionine--tRNA ligase	486
A8BAF2	GL50803_17250	87	Ankyrin repeat protein 1	Serine/threonine-protein phosphatase 6 regulatory ankyrin repeat subunit B	Ankyrin repeat domain-containing protein	Serine/threonine-protein phosphatase 6 regulatory ankyrin repeat subunit B	Non-specific serine/threonine protein kinase	347
A8BAF3	GL50803_3643	94.5	peptidylprolyl isomerase	Peptidyl-prolyl cis-trans isomerase FKBP35	Peptidylprolyl isomerase	Peptidyl-prolyl cis-trans isomerase FKBP35	Peptidylprolyl isomerase	448
A8B9W2	GL50803_3079	69.89	TsaA-like domain-containing protein	tRNA (adenine(37)-N6)-methyltransferase	TsaA-like domain-containing protein	tRNA (adenine(37)-N6)-methyltransferase	tRNA (N6-threonylcarbamoyladenosine(37)-N6)-methyltransferase TrmO	401
A8B9W0	GL50803_112518	84.08	Kinase, NEK	Serine/threonine-protein kinase PrkC	Non-specific serine/threonine protein kinase	Serine/threonine-protein kinase nekl-2	Protein kinase domain-containing protein	504
A8BA54	GL50803_16504	32.96	Uncharacterized protein	None	None	None	None	0
A8BAD5	GL50803_8705	85.74	Embryo-related protein	tRNA-dihydrouridine(16/17) synthase [NAD(P)(+)]-like	tRNA-dihydrouridine synthase isoform 1	LD42056p	Dus domain-containing protein	210
A8BAR1	GL50803_9620	83.38	High cysteine membrane protein Group 2	None	High cysteine membrane protein Group 2	None	High cysteine membrane protein Group 2	1
A8BAT9	GL50803_2753	87.1	Dolichyldiphosphatase	Dolichyldiphosphatase 1	Dolichyldiphosphatase	Dolichyldiphosphatase 1	acidPPc domain-containing protein	242
A8BB31	GL50803_8592	71.31	Tubulin tyrosine ligase	Tubulin polyglutamylase TTLL5	Tubulin tyrosine ligase like 5	None	TTL-domain-containing protein	3
A8BAJ4	GL50803_14916	71.26	Kinase, NEK	Serine/threonine-protein kinase Nek6	Protein kinase domain-containing protein	Protein kinase domain-containing protein	Protein kinase domain-containing protein	268
A8BB10	GL50803_17294	88.08	Degreening related gene dee76 protein	MO25-like protein 2	Degreening related gene dee76 protein	MO25-like protein 2	RING-type E3 ubiquitin transferase	75
A8BAM0	GL50803_7287	87.2	Small glutamine-rich tetratricopeptide repeat-containing protein	Small glutamine-rich tetratricopeptide repeat-containing protein beta	small glutamine-rich tetratricopeptide repeat-containing protein alpha isoform X1	Tetratricopeptide repeat (TPR)-like superfamily protein	Tetratricopeptide repeat protein	210
A8BB29	GL50803_8595	77.63	VSP	Cadherin-4	Variant-specific surface protein	P/Homo B domain-containing protein	Variant-specific surface protein	70
A8BAI3	GL50803_28779	73.32	Leucine-rich repeat protein	Probable U2 small nuclear ribonucleoprotein A'	Keratocan	Leucine-rich repeat (LRR) family protein	L domain-like protein	4
A8BAY0	GL50803_17296	86.91	Major facilitator superfamily transporter	Major facilitator superfamily domain-containing protein 1	Int-mfs_transporter_41	MFS domain-containing protein	MFS transporter	325
A8BAX0	GL50803_17298	55.51	Uncharacterized protein	None	Peptidase A2 domain-containing protein	None	DUF4047 domain-containing protein	2
A8BAT3	GL50803_14997	75.61	G domain-containing protein	GTP-binding protein A	G domain-containing protein	Unplaced genomic scaffold supercont1.3, whole genome shotgun sequence	G domain-containing protein	304
A8BAL1	GL50803_13539	69.62	rRNA processing protein	None	None	None	None	0
A8BAQ8	GL50803_22504	62.64	Uncharacterized protein	None	Protein Asterix	Ribonuclease Z	VWFA domain-containing protein	11
A8BAK7	GL50803_4097	58.47	Uncharacterized protein	Probable phosphatidylinositol 4-kinase STT4 homolog	Tetratricopeptide repeat protein	None	Tetratricopeptide repeat protein	46
A8BB34	GL50803_8589	71.55	Suppressor of actin 1	Phosphatidylinositol-3-phosphatase SAC1	Suppressor of actin 1	Phosphatidylinositol-3-phosphatase SAC1	SAC domain-containing protein	477
A8BAZ4	GL50803_15289	40.38	Uncharacterized protein	Mas-related G-protein coupled receptor member B3	None	None	Mas-related G-protein coupled receptor member B3	1
A8BAU7	GL50803_13500	92.12	CCT-theta	T-complex protein 1 subunit theta	CCT-theta	T-complex protein 1 subunit theta	60 kDa chaperonin	658
A8BAI1	GL50803_9276	87.25	High cysteine protein	Major surface trophozoite antigen 11	Variant-specific surface protein	None	Variant-specific surface protein	103
A8BAQ6	GL50803_17305	84.31	Multidrug resistance protein B	Multidrug resistance protein Stp	MFS transporter permease	Drug efflux transporter	MFS transporter	331
A8BAR6	GL50803_17304	77.06	Alpha adaptin	AP-2 complex subunit alpha-2	AP-2 complex subunit alpha	AP-2 complex subunit alpha	AP-3 complex subunit delta	63
A8BAU1	GL50803_2750	84.26	Fcf1 pre-rRNA processing protein	rRNA-processing protein UTP23 homolog	Fcf1 pre-rRNA processing protein	rRNA-processing protein UTP23 homolog	PINc domain-containing protein	106
A8BAJ2	GL50803_14917	55.02	DNA2/NAM7 helicase helicase domain-containing protein	DNA replication ATP-dependent helicase/nuclease DNA2	AAA_12 domain-containing protein	p-loop containing nucleoside triphosphate hydrolases superfamily protein	AAA domain-containing protein	42
A8BAM2	GL50803_115337	82.74	Ubiquitin-like protein	Polyubiquitin-C	Polyubiquitin	40S ribosomal protein S27a	Ubiquitin-like domain-containing protein	237
A8BAJ9	GL50803_9259	78.27	Pre-mRNA-splicing factor 38	Pre-mRNA-splicing factor 38A	Pre-mRNA-splicing factor 38	Pre-mRNA-splicing factor 38	Pre-mRNA-splicing factor 38	821
A8BAG1	GL50803_115202	83.79	High cysteine protein	None	Variant-specific surface protein	None	Variant-specific surface protein	90
A8BB37	GL50803_8587	78.08	Kinase, AGC NDR	Serine/threonine-protein kinase CBK1	Serine/threonine-protein kinase LATS1	Serine/threonine-protein kinase CBK1	Non-specific serine/threonine protein kinase	462
A8BAH6	GL50803_10125	29.08	Uncharacterized protein	None	None	None	None	0
A8BAJ7	GL50803_14915	85.5	Uncharacterized protein	Calcium load-activated calcium channel	Phosphatidylserine decarboxylase	Calcium load-activated calcium channel	Calcium load-activated calcium channel	91
A8BB33	GL50803_16882	69.92	Bystin	Bystin	Bystin	Bystin family protein	Bystin	92
A8BAM6	GL50803_7296	81.04	Leucine-rich repeat-containing protein 51	Leucine-rich repeat-containing protein 51	Leucine-rich repeat-containing protein 51	Leucine-rich repeat-containing protein 51	LRRcap domain-containing protein	69
A8BAZ6	GL50803_10807	72.52	Uncharacterized protein	Armadillo repeat-containing protein 6	Importin subunit alpha	Importin subunit alpha	Importin N-terminal domain-containing protein	47
A8BAG8	GL50803_102813	85.9	Ankyrin repeat protein 1	Serine/threonine-protein phosphatase 6 regulatory ankyrin repeat subunit B	Ankyrin repeat protein	Serine/threonine-protein phosphatase 6 regulatory ankyrin repeat subunit B	Ankyrin repeat protein 1	192
A8BB02	GL50803_15290	45.52	Uncharacterized protein	RNA polymerase II holoenzyme cyclin-like subunit	None	None	RNA polymerase II holoenzyme cyclin-like subunit	1
A8BAW8	GL50803_10791	32.91	Uncharacterized protein	None	None	None	None	0
A8BB23	GL50803_95847	83.57	Ankyrin repeat protein 1	Sex-determining protein fem-1	Ankyrin repeat protein 1	Ankyrin_rpt-contain_dom domain-containing protein	Ankyrin repeat protein 1	214
A8BB38	GL50803_8586	34.21	Uncharacterized protein	None	None	None	None	0
A8BAV5	GL50803_3951	70.63	Thioredoxin family protein	DnaJ homolog subfamily C member 10	Thioredoxin domain-containing protein	DnaJ homolog subfamily C member 10	Thioredoxin domain-containing protein	255
A8BAI9	GL50803_9270	71.06	protein-tyrosine-phosphatase	Tyrosine-protein phosphatase MSG5	CC14A phosphatase	None	Protein-tyrosine-phosphatase	9
A8BAS0	GL50803_15000	74.63	TFIIH P44	General transcription factor IIH subunit 2	VWFA domain-containing protein	General transcription factor IIH subunit	VWFA domain-containing protein	276
A8BAK9	GL50803_16443	64.14	Protein phosphatase 2A B' regulatory subunit Wdb1	Serine/threonine protein phosphatase 2A 57 kDa regulatory subunit B' alpha isoform	Serine/threonine protein phosphatase 2A regulatory subunit	Serine/threonine protein phosphatase 2A regulatory subunit	Serine/threonine protein phosphatase 2A regulatory subunit	97
A8BAZ8	GL50803_10808	35.07	Uncharacterized protein	None	None	None	None	0
A8BB01	GL50803_10810	68.14	Eukaryotic rRNA processing protein EBP2	None	None	None	None	0
A8BAK0	GL50803_16444	77.58	Ankyrin repeat protein 1	Serine/threonine-protein phosphatase 6 regulatory ankyrin repeat subunit C	Protein 21.1	Serine/threonine-protein phosphatase 6 regulatory ankyrin repeat subunit C	Ankyrin repeat protein 1	149
A8BAR5	GL50803_9618	72.77	Leucine-rich repeat protein	Extracellular matrix protein 2	Myb-like domain-containing protein	Leucine-rich repeat and fibronectin type III domain-containing protein 1	L domain-like protein	7
A8BAJ1	GL50803_9266	81.04	ATP-dependent DNA helicase	ATP-dependent DNA helicase RecQ	RecQ family ATP-dependent DNA helicase	ATP-dependent DNA helicase	RNA helicase	293
A8BAY9	GL50803_10804	52.91	Uncharacterized protein	None	None	None	None	0
A8BAH7	GL50803_15120	49.91	Uncharacterized protein	None	None	None	None	0
A8BAI4	GL50803_9274	58.74	U3 small nucleolar ribonucleoprotein MPP10	None	None	None	None	0
A8BBA6	GL50803_16457	68.26	Uncharacterized protein	Exocyst complex component SEC6	Component of oligomeric Golgi complex 4	Exocyst complex component Sec6	Component of oligomeric Golgi complex 4	10
A8BBI7	GL50803_14460	54.9	Ubiquitin carboxyl-terminal hydrolase	Ubiquitin carboxyl-terminal hydrolase 2	USP domain-containing protein	Ubiquitin carboxyl-terminal hydrolase	Ubiquitin carboxyl-terminal hydrolase	309
A8BBH5	GL50803_137707	87.26	VSP	Variant-specific surface protein VSP4A1	VSP	Furin	Variant-specific surface protein	257
A8BBC1	GL50803_13603	94.75	ATP synthase subunit E family protein	V-type proton ATPase subunit E	V-type proton ATPase subunit E	ATPase H+-transporting V1 subunit E1b	Flagellar assembly protein FliH	189
A8BB91	GL50803_16456	85.22	Kinesin-like protein	Kinesin-like protein KIF17	Kinesin-like protein	Kinesin-like protein KIF17	Kinesin-like protein	577
A8BBN0	GL50803_5359	78.8	Nucleolar protein NOP5	Probable nucleolar protein 5-1	NOP58 ribonucleoprotein	Nop domain-containing protein	Nop domain-containing protein	347
A8BBB2	GL50803_8518	68.04	DNA-directed RNA polymerase subunit	Transcription factor S	DNA-directed RNA polymerase subunit	DNA-directed RNA polymerase subunit	Transcriptional repressor NrdR	411
A8BB85	GL50803_16453	95.22	Carbamate kinase	Carbamate kinase	Carbamate kinase	Carbamate kinase-like protein YqeA	Carbamate kinase	771
A8BBM0	GL50803_114246	88.6	Obg-like ATPase 1	Obg-like ATPase 1	Obg-like ATPase 1	Obg-like ATPase 1	GTPase Obg	383
A8BBK5	GL50803_6725	35.38	Uncharacterized protein	CCR4-NOT transcription complex subunit 6-like	Poly(A)-specific ribonuclease	CCR4-NOT transcription complex subunit 6-like	Endo/exonuclease/phosphatase domain-containing protein	118
A8BBA2	GL50803_8513	90.19	GPN-loop GTPase 3	GPN-loop GTPase 3	GPN-loop GTPase 3	GPN-loop GTPase 3	GPN-loop GTPase	283
A8BBM5	GL50803_13903	41.54	Transglutaminase-like domain-containing protein	None	Transglutaminase-like superfamily protein	None	TGc domain-containing protein	3
A8BB95	GL50803_8508	68.35	Basal body protein	Tetratricopeptide repeat protein 8	Tetratricopeptide repeat domain 8	Tetratricopeptide repeat domain 8	Tetratricopeptide repeat protein	215
A8BB56	GL50803_8942	73.75	Cilia- and flagella-associated protein 300	Cilia- and flagella-associated protein 300	Cilia- and flagella-associated protein 300	Cilia- and flagella-associated protein 300	Cilia- and flagella-associated protein 300	290
A8BB88	GL50803_16454	77.43	High cysteine membrane protein	None	None	None	None	0
A8BBE3	GL50803_15326	97.44	Glutathione S-transferase-like protein	Glutathione S-transferase alpha I	Glutathione S-transferase-like protein	Glutathione S-Transferase	Glutathione S-transferase	168
A8BB70	GL50803_8929	93.52	Metal-dependent phosphoesterase	5'-3' exoribonuclease	Metal-dependent phosphoesterase	POLIIIAc domain-containing protein	PHP domain-containing protein	352
A8BBE2	GL50803_117191	71.18	Uncharacterized protein	None	None	None	None	0
A8BBK4	GL50803_16130	89.87	Uncharacterized protein	Tetratricopeptide repeat protein 5	Tetratricopeptide repeat domain 5	TPR_REGION domain-containing protein	Tetratricopeptide repeat protein	221
A8BB93	GL50803_8505	78.67	TM2 domain-containing protein	TM2 domain-containing protein ZK858.5	MMPL family transporter	TM2 domain-containing protein ZK858.5	TM2 domain-containing protein	413
A8BB61	GL50803_8937	51.97	Uncharacterized protein	None	None	None	None	0
A8BBC3	GL50803_4337	90.39	Uncharacterized protein	Protein STRICTOSIDINE SYNTHASE-LIKE 4	Strictosidine synthase	Os07g0614000 protein	Tol-Pal system protein TolB	156
A8BB74	GL50803_12921	72.16	EF-hand domain-containing protein	EF-hand calcium-binding domain-containing protein 11	Calcium binding protein 2b	EF-hand calcium-binding domain-containing protein 11	EF-hand domain-containing protein	63
A8BB98	GL50803_8509	53.78	Uncharacterized protein	Transcription factor E	Transcription factor E	Transcription initiation factor IIE subunit alpha	Transcription factor E	72
A8BBA7	GL50803_8516	34.02	Uncharacterized protein	None	ABC transmembrane type-1 domain-containing protein	None	ABC transmembrane type-1 domain-containing protein	1
A8BB76	GL50803_87058	66.47	V-type proton ATPase subunit C	V-type proton ATPase subunit C	V-type proton ATPase subunit C	V-type proton ATPase subunit C	V-type proton ATPase subunit C	537
A8BBE0	GL50803_10978	41.08	Uncharacterized protein	None	None	None	None	0
A8BB83	GL50803_3147	88.3	Ankyrin repeat protein 1	Ankyrin-1	Protein 21.1	Ankyrin-3	Ankyrin_rpt-contain_dom domain-containing protein	102
A8BB52	GL50803_8944	90.23	GTPase SAR1 family protein	Intraflagellar transport protein 22 homolog	Rab-like protein 5	Intraflagellar transport protein 22 homolog	Elongation factor G	234
A8BBA9	GL50803_28549	79.66	Cornichon protein	Protein cornichon homolog 1	Cornichon protein	Protein cornichon homolog 1	Very-long-chain (3R)-3-hydroxyacyl-CoA dehydratase	47
A8BBM1	GL50803_6709	43.91	Uncharacterized protein	None	None	None	None	0
A8BB39	GL50803_8585	33.15	Uncharacterized protein	None	None	None	None	0
A8BBA5	GL50803_95269	83.51	Trafficking protein particle complex subunit	Trafficking protein particle complex subunit 1	Trafficking protein particle complex subunit	Trafficking protein particle complex subunit 1	Trafficking protein particle complex subunit	482
A8BBA1	GL50803_8512	49.5	Spindle pole protein, putative	None	None	None	None	0
A8BBB8	GL50803_8525	35.72	Uncharacterized protein	None	None	None	None	0
A8BBN6	GL50803_6242	89.28	Translationally controlled tumor protein-like protein	Translationally-controlled tumor protein homolog	Translationally controlled tumor protein-like protein	Translationally-controlled tumor protein homolog	Translationally-controlled tumor protein homolog	235
A8BBL0	GL50803_20081	28.11	Uncharacterized protein	None	None	None	None	0
A8BBL7	GL50803_114247	81.3	Ankyrin repeat protein 1	Ankyrin repeat domain-containing protein 6	Protein 21.1	NF-kappa-B inhibitor beta	Ankyrin repeat protein 1	174
A8BBN4	GL50803_6245	62.96	Leucine-rich repeat protein	Protein phosphatase 1 regulatory subunit 37 homolog	leucine-rich repeat-containing protein 74B	CHAT domain-containing protein	F-box domain-containing protein	7
A8BBC6	GL50803_24662	80.26	L-serine dehydratase	L-serine dehydratase TdcG	L-serine dehydratase SD1	L-serine dehydratase TdcG	L-serine dehydratase	383
A8BBB3	GL50803_8523	63.87	Amino acid transporter family	Sodium-coupled neutral amino acid transporter 5	Aa_trans domain-containing protein	Aa_trans domain-containing protein	Aa_trans domain-containing protein	128
A8BBK6	GL50803_6724	91.6	Nuclear transport factor 2	Nuclear transport factor 2	Nuclear envelope protein	Nuclear transport factor 2	DUF4440 domain-containing protein	344
A8BBJ9	GL50803_16129	48.93	Translation initiation factor	Probable translation initiation factor eIF-2B subunit gamma	NTP_transferase domain-containing protein	Probable translation initiation factor eIF-2B subunit gamma	Glucose-1-phosphate adenylyltransferase	354
A8BBB7	GL50803_8524	86	Transitional endoplasmic reticulum ATPase	Pachytene checkpoint protein 2 homolog	Transitional endoplasmic reticulum ATPase	Pachytene checkpoint protein 2 homolog	Holliday junction ATP-dependent DNA helicase RuvB	494
A8BBI5	GL50803_16124	89.75	T-complex protein 1 subunit eta	T-complex protein 1 subunit eta	T-complex protein 1 subunit eta	T-complex protein 1 subunit eta	60 kDa chaperonin	588
A8BBD8	GL50803_42328	81.99	Kinase, NEK	Probable serine/threonine-protein kinase nek2	Unplaced genomic scaffold supercont1.7, whole genome shotgun sequence	Protein kinase domain-containing protein	Non-specific serine/threonine protein kinase	404
A8BB65	GL50803_16877	69.85	Zinc finger domain protein	Zinc finger protein 593 homolog	Zinc finger domain protein	Zinc finger protein 593 homolog	C2H2-type domain-containing protein	253
A8BBJ5	GL50803_16127	93.1	Replication factor C, subunit 5	Replication factor C subunit 5	P-loop containing nucleoside triphosphate hydrolase protein	Unplaced genomic scaffold supercont1.9, whole genome shotgun sequence	DNA polymerase III subunit gamma/tau	343
A8BB64	GL50803_16876	33.53	Cyclin	None	None	None	None	0
A8BBD3	GL50803_29359	43	Uncharacterized protein	None	None	None	None	0
A8BBK1	GL50803_12942	92.22	Secondary thiamine-phosphate synthase enzyme	UPF0047 protein C4A8.02c	UPF0047 protein YjbQ	Secondary thiamine-phosphate synthase enzyme	YjbQ family protein	256
A8BBD0	GL50803_10971	46.9	Bacterial surface antigen (D15) domain-containing protein	SAM50-like protein SPAC17C9.06	Omp85 domain-containing protein	Autotransporter assembly factor TamA	Outer membrane protein assembly factor BamA	57
A8BBE8	GL50803_117204	84.8	VSP	Major surface-labeled trophozoite antigen 417	VSP	None	Variant-specific surface protein	243
A8BB47	GL50803_16880	89.17	Multidrug resistance protein B	Multidrug export protein EmrB	MFS transporter	Drug efflux transporter	MFS domain-containing protein	332
A8BB71	GL50803_8928	79	Ankyrin repeat protein 1	Serine/threonine-protein phosphatase 6 regulatory ankyrin repeat subunit B	Ankyrin repeat protein 1	Transient receptor potential cation channel subfamily A member 1	Ankyrin_rpt-contain_dom domain-containing protein	107
A8BBL3	GL50803_24412	87.56	Ankyrin repeat protein 1	Ankyrin-3	Kinase, NEK	Ankyrin 1, erythrocytic a	Ankyrin_rpt-contain_dom domain-containing protein	149
A8BBM4	GL50803_33898	42.57	Uncharacterized protein	None	Terminal uridylyltransferase 4	None	Terminal uridylyltransferase 4	1
A8BBV4	GL50803_7204	65.46	RNA recognition motif family protein	Probable RNA-binding protein 46	RNA recognition motif family protein	FI13061p	RRM domain-containing protein	252
A8BC45	GL50803_111809	57.47	Uncharacterized protein	None	Response regulator	None	Response regulator	1
A8BC89	GL50803_7374	61.62	Spec3 membrane protein	Protein stum	Spec3 membrane protein	None	Protein SPEC3	3
A8BCA8	GL50803_13838	51.87	SET domain-containing protein	Histone-lysine N-methyltransferase ASHR3	Histone-lysine N-methyltransferase SETD1B	Histone-lysine N-methyltransferase	Histone-lysine N-methyltransferase, H3 lysine-36 specific	111
A8BBT2	GL50803_8921	37.56	Histone-lysine N-methyltransferase MLL1	Histone-lysine N-methyltransferase trr	Transcription factor	Os12g0613200 protein	Histone-lysine N-methyltransferase, H3 lysine-36 specific	73
A8BBZ4	GL50803_33433	65.94	ASF1 like histone chaperone	Histone chaperone ASF1B	ASF1 like histone chaperone domain-containing protein	Histone chaperone ASF1B	Anti-silencing function protein 1	89
A8BBX7	GL50803_16472	85.27	VSP	Furin	Variant-specific surface protein	Furin	Variant-specific surface protein	211
A8BC51	GL50803_11867	78.63	Coiled-coil protein	None	RIB43A-like with coiled-coils protein 2 isoform X5	None	RIB43A-like with coiled-coils protein 2 isoform X5	1
A8BBU6	GL50803_16746	60.79	Uncharacterized protein	None	AH domain-containing protein	None	AH domain-containing protein	2
A8BBX0	GL50803_23808	77.92	DinF protein	Probable lipid II flippase MurJ	MATE domain protein	Probable transporter	MATE family efflux transporter	124
A8BBZ0	GL50803_33434	64.99	Rab-GAP TBC domain-containing protein	TBC1 domain family member 19	TBC family-like protein	GH15768p	Rab-GAP TBC domain-containing protein	395
A8BBQ9	GL50803_9293	68.12	Protein phosphatase 2C-like protein	Probable protein phosphatase 2C 45	Protein phosphatase family protein	Protein phosphatase 2C	Protein-serine/threonine phosphatase	240
A8BBZ1	GL50803_92729	81.92	3-ketoacyl-CoA synthase	3-ketoacyl-CoA synthase 13	3-ketoacyl-CoA synthase 13	3-ketoacyl-CoA synthase 13	3-oxoacyl-[acyl-carrier-protein] synthase 3	404
A8BBU3	GL50803_8913	80.95	Hydroxyacylglutathione hydrolase	Hydroxyacylglutathione hydrolase GloC	Hydroxyacylglutathione hydrolase	Lactamase_B domain-containing protein	MBL fold metallo-hydrolase	520
A8BCA7	GL50803_13836	75.52	Calcineurin-like phosphoesterase	Purple acid phosphatase 18	Metallophos domain-containing protein	Purple acid phosphatase	Metallophos domain-containing protein	224
A8BBX4	GL50803_13464	64.07	Splicesome-associated protein	None	Splicesome-associated protein	None	Matrin-type domain-containing protein	28
A8BC67	GL50803_17163	94.95	Peptidyl-prolyl cis-trans isomerase	Peptidyl-prolyl cis-trans isomerase B1	Peptidyl-prolyl cis-trans isomerase	Peptidyl-prolyl cis-trans isomerase	Peptidyl-prolyl cis-trans isomerase	851
A8BBY6	GL50803_13427	90.75	Ankyrin repeat protein 1	Ankyrin repeat family A protein 2	Ankyrin repeat protein	Ankyrin repeat family protein	Ankyrin repeat protein 1	228
A8BBU1	GL50803_28666	92.51	diphthine methyl ester synthase	Probable diphthine methyl ester synthase	Diphthine methyl ester synthase	Probable diphthine methyl ester synthase	Diphthine synthase	320
A8BC87	GL50803_28183	55.16	Spec3 membrane protein	None	Spec3 membrane protein	None	Spec3 membrane protein	2
A8BBU9	GL50803_16747	73.32	ATP-dependent DNA helicase	ATP-dependent DNA helicase pif1	ATP-dependent DNA helicase	None	ATP-dependent DNA helicase	10
A8BBP0	GL50803_10667	57.29	Uncharacterized protein	None	TRAP transporter small permease	None	TRAP transporter small permease	76
A8BC06	GL50803_11442	79.73	Kinesin-related protein	Kinesin-like protein KIN-14J	Kinesin-like protein	Kinesin-like protein	Kinesin-like protein	346
A8BBR2	GL50803_9287	95.54	Replication factor C, sub 2	Replication factor C subunit 4	AAA domain-containing protein	Replication factor C subunit 2	DNA polymerase III subunit gamma/tau	360
A8BC83	GL50803_7368	89.6	ATPases of the PP-loop superfamily	tRNA-cytidine(32) 2-sulfurtransferase	PP family ATPase	tRNA-cytidine(32) 2-sulfurtransferase	tRNA(Ile)-lysidine synthase	644
A8BBT9	GL50803_8916	59.72	Signal recognition particle subunit SRP68	Signal recognition particle subunit SRP68	Signal recognition particle subunit SRP68 (Trinotate prediction)	None	Signal recognition particle subunit SRP68	6
A8BC09	GL50803_15418	85.91	Uncharacterized protein	Importin subunit alpha-6	IBB domain-containing protein	Importin subunit alpha	RING-type E3 ubiquitin transferase	80
A8BCB5	GL50803_5456	57.76	Uncharacterized protein	Toxin coregulated pilus biosynthesis protein F	Down syndrome cell adhesion molecule Dscam2	Glycogen phosphorylase	Alpha-glucan phosphorylase	6
A8BBZ5	GL50803_11434	93.14	20S proteasome alpha subunit 2	Proteasome subunit alpha type-2-B	Proteasome subunit alpha type-2-A	Proteasome subunit alpha type	Proteasome subunit alpha type	383
A8BC43	GL50803_115468	93.81	Ras-associating domain-containing protein	Unconventional myosin-VIIa	FERM domain-containing protein	Unconventional myosin-VIIa	FERM domain-containing protein	115
A8BC07	GL50803_11443	63.26	Uncharacterized protein	Apoptosis regulatory protein Siva	apoptosis regulatory protein Siva isoform X1	SIVA1, apoptosis-inducing factor	LIM zinc-binding domain-containing protein	107
A8BC46	GL50803_11866	87.46	Acetyltransferase (GNAT) domain-containing protein	Probable GMP synthase [glutamine-hydrolyzing]	Acetyltransferase (GNAT) domain-containing protein	Probable acetyltransferase	N-acetyltransferase domain-containing protein	434
A8BBS6	GL50803_13478	81.23	ADP-ribosylation factor like protein 2a	ADP-ribosylation factor-like protein 3	ADP-ribosylation factor-like 3	ADP-ribosylation factor-like 3, arl3	Translation initiation factor IF-2	170
A8BBR0	GL50803_9289	81.37	Kinase, NEK	Probable serine/threonine-protein kinase nek2	Kinase-like protein	NIMA related kinase 2	Non-specific serine/threonine protein kinase	322
A8BBT4	GL50803_8920	80.41	Zinc finger domain protein	Zinc finger protein DZIP1L	Zinc finger domain-containing protein	Zinc finger protein DZIP1L	C2H2-type domain-containing protein	32
A8BC13	GL50803_11448	71.68	Phosphomannomutase-2	Probable phosphoribomutase	Phosphoglucomutase	Probable phosphoribomutase	Phosphoglucosamine mutase	773
A8BBY0	GL50803_92741	84.69	Kinase, CMGC CLK	Serine/threonine-protein kinase AFC3	Protein kinase domain-containing protein	Os01g0837900 protein	Protein kinase domain-containing protein	558
A8BCC2	GL50803_13930	93.42	ADP-ribosylation factor	ADP-ribosylation factor 1	Unplaced genomic scaffold supercont1.6, whole genome shotgun sequence	Unplaced genomic scaffold supercont1.6, whole genome shotgun sequence	Translation initiation factor IF-2	320
A8BBP7	GL50803_10659	87.21	High cysteine membrane protein Group 1	Variant-specific surface protein VSP4A1	VSP	Proprotein convertase subtilisin/kexin type 6	Variant-specific surface protein	175
A8BBQ5	GL50803_114230	70.75	Uncharacterized protein	None	Acyltransferase	None	Acyltransferase	1
A8BBT0	GL50803_8922	83.74	AAA+ ATPase domain-containing protein	ORC1-type DNA replication protein	ORC1-type DNA replication protein	Cell division control protein	Chromosomal replication initiator protein DnaA	925
A8BC91	GL50803_7375	81.11	Ankyrin repeat protein 1	Inversin	ANKRD50 protein	GH07239p	Protein kinase domain-containing protein	137
A8BBP3	GL50803_15260	62.57	Ribosomal protein S15	40S ribosomal protein S15-5	Ribosomal protein S15	Unplaced genomic scaffold supercont1.2, whole genome shotgun sequence	30S ribosomal protein S19	1245
A8BBS8	GL50803_13479	80.78	Kinase, NEK	Serine/threonine-protein kinase Nek2	Kinase, NEK	Protein kinase domain-containing protein	Protein kinase domain-containing protein	194
A8BC79	GL50803_2661	82.6	Cyclin-dependent kinases regulatory subunit	Cyclin-dependent kinases regulatory subunit	Cyclin-dependent kinases regulatory subunit	Cyclin-dependent kinases regulatory subunit	Cyclin-dependent kinases regulatory subunit	785
A8BC16	GL50803_11449	86.44	ATPase of the PP-loop superfamily implicated in cell cycle control, putative	Cytoplasmic tRNA 2-thiolation protein 1	Cytoplasmic tRNA 2-thiolation protein 1	Cytoplasmic tRNA 2-thiolation protein 1	tRNA(Ile)-lysidine synthase	532
A8BC11	GL50803_11446	60.33	Uncharacterized protein	Transmembrane and coiled-coil domain-containing protein 6	SYC2L protein	Stress-activated map kinase-interacting protein	TOG domain-containing protein	4
A8BBY9	GL50803_15936	50.29	Uncharacterized protein	None	Charged multivesicular body 4b	None	Charged multivesicular body protein 6	8
A8BBW5	GL50803_3287	89.14	Acetyl-CoA acetyltransferase	Acetyl-CoA acetyltransferase, mitochondrial	Acetyl-CoA acetyltransferase 1	Acetyl-CoA acetyltransferase, mitochondrial	3-oxoacyl-[acyl-carrier-protein] synthase 3	423
A8BBU2	GL50803_8914	85.46	Kinase, NEK	Serine/threonine-protein kinase Nek2	Protein kinase domain-containing protein	NIMA related kinase 4	Protein kinase domain-containing protein	388
A8BC41	GL50803_115797	85.14	VSP with INR	Major surface trophozoite antigen 11	Variant-specific surface protein	None	Variant-specific surface protein	229
A8BBV2	GL50803_14392	84.35	Metallo-beta-lactamase superfamily protein	2-aminobenzoylacetyl-CoA thioesterase	Metallo-beta-lactamase superfamily protein	2-aminobenzoylacetyl-CoA thioesterase	MBL fold metallo-hydrolase	392
A8BBQ0	GL50803_41472	87.19	VSP	Furin	VSP	Nesprin-2	Variant-specific surface protein	246
A8BCB9	GL50803_5458	79.22	Divalent cation transporter superfamily protein	Magnesium transporter MRS2-I	Magnesium transporter	Magnesium transporter MRS2-I	Magnesium transporter	174
A8BBQ8	GL50803_9296	74.48	Uncharacterized protein	Mitochondrial magnesium exporter 1	MC/SLC25 family protein	BMA-DIF-1	Mitochondrial carrier	33
A8BC78	GL50803_17167	46.12	Uncharacterized protein	E3 ubiquitin-protein ligase UPL4	Serine/threonine-protein kinase ULK4	None	E3 ubiquitin-protein ligase UPL4	1
A8BBZ9	GL50803_11436	95.11	Molybdopterin biosynthesis MoeB protein	tRNA threonylcarbamoyladenosine dehydratase	tRNA threonylcarbamoyladenosine dehydratase	ThiF domain-containing protein	ThiF domain-containing protein	212
A8BBW7	GL50803_16468	92.09	Cathepsin B	Cathepsin B-like CP3	Cathepsin B	Pept_C1 domain-containing protein	Pept_C1 domain-containing protein	267
A8BBV5	GL50803_7203	94.11	guanylate kinase	Guanylate kinase	Guanylate kinase	Guanylate kinase	Guanylate kinase	902
A8BBS5	GL50803_3883	76.05	Uncharacterized protein	Probable WRKY transcription factor 29	WRKY domain-containing protein	WRKY transcription factor	WRKY domain-containing protein	511
A8BBR3	GL50803_14921	31.73	Uncharacterized protein	None	None	None	None	0
A8BCQ4	GL50803_28064	59.58	Uncharacterized protein	Profilin-1	Response regulatory domain-containing protein	Robl_LC7 domain-containing protein	Histidine kinase	185
A8BCL1	GL50803_22677	93.78	Nitroreductase Fd-NR2	Nitroreductase NfnB	Nitroreductase Fd-NR2	Nitroreductase domain-containing protein	Nitroreductase	376
A8BCY8	GL50803_3636	74.23	D4Ertd196e protein-like protein	Transmembrane protein 222	D4Ertd196e protein-like protein	Transmembrane protein 222a	PPPDE domain-containing protein	91
A8BCR6	GL50803_88765	90.2	Cytosolic HSP70	Heat shock 70 kDa protein	Malate dehydrogenase	Heat shock cognate 71 kDa protein	Chaperone protein DnaK	644
A8BCC7	GL50803_8865	79.31	Dynein regulatory complex protein 9	Dynein regulatory complex protein 9	Dynein regulatory complex protein 9	Dynein regulatory complex protein 9	Flagellar FliJ protein	19
A8BCD1	GL50803_16678	69.11	Uncharacterized protein	None	BZIP domain-containing protein	None	BZIP domain-containing protein	1
A8BCG1	GL50803_8903	88.13	Copine I	E3 ubiquitin-protein ligase RGLG5	Phospholipid-binding Copine Family Protein	RING-type domain-containing protein	VWFA domain-containing protein	209
A8BCR3	GL50803_16173	85.63	U3 small nucleolar ribonucleoprotein IMP4	Brix domain-containing protein ZK795.3	Brix domain-containing protein	Brix domain-containing protein ZK795.3	Brix domain-containing protein	361
A8BCI4	GL50803_8963	66.94	Uncharacterized protein	Interleukin-2 receptor subunit beta	Tenascin-X	Interleukin-2 receptor subunit beta	Fibronectin type-III domain-containing protein	7
A8BCC5	GL50803_14791	78.1	High cysteine membrane protein	None	High cysteine protein	None	High cysteine protein	1
A8BCR7	GL50803_7029	81.19	CAAX prenyl protease	Probable CAAX prenyl protease 2	CAAX prenyl protease	Probable CAAX prenyl protease 2	CPBP family intramembrane metalloprotease	207
A8BCI0	GL50803_8968	47.96	Uncharacterized protein	None	None	None	None	0
A8BCE1	GL50803_28651	69.02	Dipeptidyl-peptidase I	Dipeptidyl peptidase 1	Dipeptidyl-peptidase I	Cathepsin C	Pept_C1 domain-containing protein	164
A8BCN7	GL50803_1590	67.61	Uncharacterized protein	None	Protein FAM33A	None	Protein FAM33A	1
A8BCH4	GL50803_16493	42.83	Ubiquitin-like protease family profile domain-containing protein	None	ULP_PROTEASE domain-containing protein	ULP_PROTEASE domain-containing protein	ULP_PROTEASE domain-containing protein	9
A8BCJ3	GL50803_8955	26.44	Uncharacterized protein	None	None	None	None	0
A8BCX9	GL50803_13791	86.35	ATP-dependent RNA helicase	ATP-dependent RNA helicase DRS1	RNA helicase	ATP-dependent RNA helicase DRS1	RNA helicase	291
A8BCR1	GL50803_7021	64.3	Ankyrin repeat protein 2	Ankyrin repeat and SAM domain-containing protein 3	Protein 21.1	Ankyrin repeat domain-containing protein 36C	Ankyrin repeat protein 1	222
A8BCH8	GL50803_14821	65.42	HesB domain-containing protein	Iron-sulfur cluster assembly 2 homolog, mitochondrial	Voltage-dependent calcium channel subunit alpha-2/delta-3	Iron-sulfur cluster assembly 2	Iron-sulfur cluster insertion protein ErpA	340
A8BCK2	GL50803_3408	78.61	U2 small nuclear ribonucleoprotein A	Dynein axonemal assembly factor 11	LRRcap domain-containing protein	LRRcap domain-containing protein	Leucine-rich repeat domain-containing protein	61
A8BCN0	GL50803_16587	89.43	Kinase	Probable serine/threonine-protein kinase DDB_G0292354	Protein kinase domain-containing protein	Protein kinase domain-containing protein	Protein kinase domain-containing protein	474
A8BCE0	GL50803_8858	60	Uncharacterized protein	None	Predicted protein	None	Predicted protein	1
A8BCF2	GL50803_22553	63.84	Encystation-specific protease	Dipeptidyl peptidase 1	Dipeptidyl-peptidase I	None	Dipeptidyl peptidase 1	7
A8BCY7	GL50803_3635	55.33	H/ACA ribonucleoprotein complex subunit	H/ACA ribonucleoprotein complex subunit GAR1	RNA-binding protein	H/ACA ribonucleoprotein complex subunit	H/ACA ribonucleoprotein complex subunit	23
A8BCP0	GL50803_16588	61.58	Ribosomal protein P2	60S acidic ribosomal protein P2	Ribosomal protein P2	60S acidic ribosomal protein P2	60S acidic ribosomal protein P2	142
A8BCR5	GL50803_7026	34.49	Uncharacterized protein	None	None	None	None	0
A8BCS0	GL50803_7030	92.4	Prefoldin subunit 3	Prefoldin subunit 3	Prefoldin subunit 3	Prefoldin subunit 3	Prefoldin subunit alpha	255
A8BCQ5	GL50803_7018	73.48	Uncharacterized protein	None	None	None	None	0
A8BCQ9	GL50803_14341	85.11	SF-assemblin/beta-giardin	None	None	None	None	0
A8BCX5	GL50803_10361	74.74	p60 Katanin	Katanin p60 ATPase-containing subunit A-like 1	Katanin p60 ATPase-containing subunit A1	Katanin p60 ATPase-containing subunit A1	AAA domain-containing protein	96
A8BCI2	GL50803_16495	76.06	phosphatidylserine decarboxylase	Phosphatidylserine decarboxylase proenzyme	Phosphatidylserine decarboxylase	Phosphatidylserine decarboxylase proenzyme	Phosphatidylserine decarboxylase proenzyme	657
A8BCD2	GL50803_14790	30.67	Uncharacterized protein	None	None	None	None	0
A8BCC6	GL50803_16679	56.29	Uncharacterized protein	Autophagic-related protein 16.1	WD domain, G-beta repeat-containing protein	Guanine nucleotide-binding protein subunit beta-like protein	Guanine nucleotide-binding protein subunit beta-like protein	5
A8BCP1	GL50803_35670	72.31	Zinc finger domain protein	None	Zinc finger domain-containing protein	None	C3H1-type domain-containing protein	6
A8BCE3	GL50803_8856	83.77	Kinase, NEK	Serine/threonine-protein kinase Nek4	Protein kinase domain-containing protein	Serine/threonine-protein kinase Nek4	Protein kinase domain-containing protein	512
A8BCE6	GL50803_8854	47.01	Uncharacterized protein	Citron Rho-interacting kinase	WD repeat-containing protein 91	WD_REPEATS_REGION domain-containing protein	Guanine nucleotide-binding protein subunit beta-like protein	4
A8BCJ1	GL50803_8958	34.72	Uncharacterized protein	None	None	None	None	0
A8BCK3	GL50803_3409	58.43	Coiled-coil protein	None	None	None	None	0
A8BCF0	GL50803_16677	25.57	Uncharacterized protein	None	None	None	None	0
A8BCF4	GL50803_8909	30.6	Uncharacterized protein	None	None	None	None	0
A8BCI8	GL50803_8960	85.83	Alpha/beta hydrolase family protein	Monoacylglycerol lipase ABHD6	Clan SC, family S33, methylesterase-like serine peptidase	Abhydrolase domain-containing 6, acylglycerol lipase a	AB hydrolase-1 domain-containing protein	334
A8BCH6	GL50803_8974	85.06	Uncharacterized protein	None	M protein, serotype 6	None	M protein, serotype 6	1
A8BCY2	GL50803_17438	54.94	ATP-dependent DNA helicase recQ	ATP-dependent DNA helicase RecQ	ATP-dependent DNA helicase	ATP-dependent DNA helicase RecQ	RNA helicase	296
A8BCP2	GL50803_15820	84.96	Rab geranylgeranyltransferase	Protein farnesyltransferase/geranylgeranyltransferase type-1 subunit alpha	Rab geranylgeranyltransferase	Os09g0514400 protein	Geranylgeranyl transferase type-2 subunit alpha	127
A8BCN9	GL50803_22439	24.77	MHD domain-containing protein	None	None	None	None	0
A8BCM3	GL50803_111871	37.4	Uncharacterized protein	None	None	None	None	0
A8BCJ9	GL50803_3180	90.82	dolichyl-phosphate beta-D-mannosyltransferase	Dolichol-phosphate mannosyltransferase subunit 1	Polyprenol monophosphomannose synthase	Dolichol-phosphate mannosyltransferase subunit 1	Glyco_trans_2-like domain-containing protein	212
A8BCH0	GL50803_8896	74.91	Uncharacterized protein	Proliferation-associated protein 2G4	DNA-binding protein	Proliferation-associated protein 2G4	Methionine aminopeptidase	404
A8BCP8	GL50803_16172	88.01	Actin related protein	Actin, cytoplasmic	Actin related protein	Actin-2	Actin-related protein 8	215
A8BDE4	GL50803_32332	42.08	Serine/threonine protein kinase	None	None	None	None	0
A8BD90	GL50803_15130	81.04	SGF29 tudor-like domain-containing protein	SAGA-associated factor 29	SGF29 C-terminal domain-containing protein	SGF29 C-terminal domain-containing protein	SGF29 C-terminal domain-containing protein	105
A8BDE1	GL50803_4181	83.68	Sulfite exporter TauE/SafE	Sulfite exporter TauE/SafE family protein 3	Predicted protein	Os08g0387200 protein	Probable membrane transporter protein	554
A8BDA3	GL50803_15126	97.38	Derlin	Derlin-2	Derlin	Derlin-2	Derlin	908
A8BDH0	GL50803_9421	83.19	Kinase, NEK	Serine/threonine-protein kinase Nek4	Kinase-like protein	Protein kinase domain-containing protein	Non-specific serine/threonine protein kinase	385
A8BD12	GL50803_4083	81.44	NEDD8-activating enzyme E1 catalytic subunit	NEDD8-activating enzyme E1 catalytic subunit	NEDD8-activating enzyme E1 catalytic subunit	NEDD8-activating enzyme E1 catalytic subunit	ThiF domain-containing protein	170
A8BDH2	GL50803_9422	85.06	Kinase, CMGC CDK	Serine/threonine-protein kinase ssn3	Cyclin-dependent kinase 17	Meiotic mRNA stability protein kinase UME5	Non-specific serine/threonine protein kinase	518
A8BD53	GL50803_10708	63.04	Sir2 family protein	NAD-dependent protein deacetylase hst2	NAD-dependent protein deacetylase	NAD-dependent protein deacetylase hst2	NAD-dependent protein deacetylase	213
A8BD60	GL50803_10712	74.85	WD-repeat family protein	Guanine nucleotide-binding protein subunit beta-like protein	WD40 repeat protein	WD repeat containing protein 61	WD_REPEATS_REGION domain-containing protein	80
A8BDC9	GL50803_32335	35.61	Uncharacterized protein	None	4-trimethylaminobutyraldehyde dehydrogenase	None	4-trimethylaminobutyraldehyde dehydrogenase	1
A8BD81	GL50803_6812	84.68	Tctex-1 family protein	Dynein light chain Tctex-type 5	Tctex1 domain-containing protein 1-B	Dynein light chain Tctex-type 5	Dynein light chain Tctex-type 1	34
A8BDG8	GL50803_14948	34.91	Uncharacterized protein	None	None	None	None	0
A8BD95	GL50803_10148	89.39	Nucleoside-diphosphate-sugar epimerase	UDP-glucose 4-epimerase	NAD-dependent epimerase/dehydratase family protein	Epimerase domain-containing protein	Epimerase domain-containing protein	169
A8BD58	GL50803_10711	92.24	Serine/threonine-protein phosphatase	Serine/threonine-protein phosphatase PP-X homolog 1	Serine/threonine-protein phosphatase	Serine/threonine-protein phosphatase	Serine/threonine-protein phosphatase	1125
A8BD32	GL50803_15269	82.68	Na+ driven multidrug efflux pump	Multidrug export protein MepA	Multi antimicrobial extrusion protein (Na(+)/drug antiporter), MATE family of MDR efflux pumps	MATE efflux family protein	Protein DETOXIFICATION	214
A8BD07	GL50803_41927	87.34	Rab GTPase-like family protein	Intraflagellar transport protein 27 homolog	Intraflagellar transport 27	Intraflagellar transport 27 homolog (Chlamydomonas)	Translation initiation factor IF-2	72
A8BDD5	GL50803_24122	68.43	Spindle pole protein, putative	None	Phasin_2 domain-containing protein	None	Phasin_2 domain-containing protein	1
A8BD88	GL50803_1894	64.77	U3 small nucleolar RNA-associated protein 11	None	None	None	None	0
A8BD41	GL50803_15270	72.45	Ubiquitin protein	NEDD8	Ubiquitin-like domain-containing protein	Ubiquitin-like domain-containing protein	Ubiquitin-like domain-containing protein	246
A8BD14	GL50803_4084	86.98	Hop1	HORMA domain-containing protein 2	Hop1	HORMA domain-containing protein 1	HORMA domain-containing protein	498
A8BD10	GL50803_4081	89.1	4Fe-4S binding domain-containing protein	Probable ferredoxin TA0517	Ferredoxin	L-aspartate semialdehyde sulfurtransferase iron-sulfur subunit	NAD(P)H-quinone oxidoreductase subunit I, chloroplastic	206
A8BD82	GL50803_17427	63.22	CDP-diacylglycerol--serine O-phosphatidyltransferase	CDP-diacylglycerol--serine O-phosphatidyltransferase	CDP-diacylglycerol--serine O-phosphatidyltransferase	None	CDP-diacylglycerol--serine O-phosphatidyltransferase	58
A8BD42	GL50803_10703	88.77	Ankyrin repeat protein 2	Ankyrin repeat domain-containing protein 16	Ankyrin repeat protein	Ank and Ank 2 and KAP NTPase and Ank 4 domain con taining protein	Ankyrin repeat protein 1	210
A8BD05	GL50803_4079	69.99	Serine/threonine-protein phosphatase 2A 55 kDa regulatory subunit B	Serine/threonine-protein phosphatase 2A 55 kDa regulatory subunit B alpha isoform	Serine/threonine-protein phosphatase 2A 55 kDa regulatory subunit B	Serine/threonine-protein phosphatase 2A 55 kDa regulatory subunit B	Serine/threonine-protein phosphatase 2A 55 kDa regulatory subunit B	578
A8BD37	GL50803_10698	64.15	Phosphorylase B kinase gamma catalytic chain	CCR4-NOT transcription complex subunit 9	serine/threonine-protein phosphatase 6 regulatory subunit 3	SMK-1 domain-containing protein	DUF1716 domain-containing protein	3
A8BD36	GL50803_10697	32.86	Uncharacterized protein	Sensory histidine kinase/phosphatase NtrB	None	None	Sensory histidine kinase/phosphatase NtrB	1
A8BCZ7	GL50803_5002	62.58	Uncharacterized protein	Hermansky-Pudlak syndrome 4 protein homolog	Hermansky-Pudlak syndrome 4 protein-like	Intu_longin_1 domain-containing protein	Coatomer subunit zeta	298
A8BDC7	GL50803_17421	66.49	Ankyrin repeat protein 1	Sex-determining protein fem-1	Protein 21.1	Nuclear factor of kappa light polypeptide gene enhancer in B-cells inhibitor, epsilon	Protein kinase domain-containing protein	100
A8BD30	GL50803_15267	78.75	GPI-anchor transamidase	GPI-anchor transamidase	GPI-anchor transamidase	GPI-anchor transamidase	GPI-anchor transamidase	154
A8BDD1	GL50803_3349	82.3	HMG (High mobility group) box-containing protein	High mobility group protein C	HMG (High mobility group) box-containing protein	Os02g0258200 protein	HMG box domain-containing protein	119
A8BD86	GL50803_24111	72.24	Phosphorylated CTD interacting factor PCIF1	mRNA (2'-O-methyladenosine-N(6)-)-methyltransferase	Phosphorylated CTD interacting factor 1, WW domain protein	mRNA (2'-O-methyladenosine-N(6)-)-methyltransferase	PCIF1_WW domain-containing protein	123
A8BD31	GL50803_15268	56.13	WD-repeat family protein	Ribosome biogenesis protein WDR12	Probable wd-repeat protein 5	Protein RAE1	Phosphate ABC transporter permease	11
A8BD27	GL50803_2969	96.97	protein-ribulosamine 3-kinase	Probable ketoamine kinase slr1563	Protein-ribulosamine 3-kinase	Protein kinase-like protein	Protein-ribulosamine 3-kinase	224
A8BD51	GL50803_10707	70.87	NAD-dependent histone deacetylase Sir2	NAD-dependent protein deacetylase HST1	DHS-like NAD/FAD-binding domain-containing protein	NAD-dependent protein deacetylase HST1	Deacetylase sirtuin-type domain-containing protein	259
A8BDI3	GL50803_11621	54.14	Sas10 domain-containing protein	None	Transmembrane protein	None	Transmembrane protein	1
A8BDF3	GL50803_24126	49.71	VID27 cytoplasmic protein	Vacuolar import and degradation protein 27	VID27 domain-containing protein	Vacuolar import and degradation protein 27	RanBD1 domain-containing protein	75
A8BD19	GL50803_13204	82.09	Zinc transporter domain protein	Zinc/cadmium resistance protein	Int-zinc_transporter_1	Zinc transporter 1	Cation transporter	229
A8BDB4	GL50803_10137	82.38	Kinesin-like protein	Kinesin-like protein KIF6	Kinesin-like protein	Kinesin-like protein KIF6	Kinesin-like protein	407
A8BDE8	GL50803_17417	68.86	dual-specificity kinase	Serine/threonine-protein kinase minibrain	Dual-specificity kinase	Protein kinase domain-containing protein	Protein kinase domain-containing protein	256
A8BDH7	GL50803_15456	70.87	Ankyrin repeat protein 1	Eye-specific diacylglycerol kinase	Ankyrin repeat domain-containing protein	S-acyltransferase	Ankyrin_rpt-contain_dom domain-containing protein	30
A8BD46	GL50803_10705	60.74	Uncharacterized protein	None	None	None	None	0
A8BDI2	GL50803_11624	40.17	Uncharacterized protein	None	ATP synthase subunit a	None	ATP synthase subunit a	1
A8BD23	GL50803_2970	89.86	Translation initiation factor 2 gamma subunit	Eukaryotic translation initiation factor 2 subunit gamma	Protein Translation Initiation Factor 2 subunit gamma (IF-2g)	Protein-synthesizing GTPase	Elongation factor G	383
A8BDD4	GL50803_17420	84.78	N(6)-L-threonylcarbamoyladenine synthase	Probable tRNA N6-adenosine threonylcarbamoyltransferase	Probable tRNA N6-adenosine threonylcarbamoyltransferase	Probable tRNA N6-adenosine threonylcarbamoyltransferase	tRNA N6-adenosine threonylcarbamoyltransferase	960
A8BDI0	GL50803_15455	87.86	E04F6.2 like protein	Parkin coregulated gene protein homolog	Parkin co-regulated protein	PARK2 co-regulated	Parkin coregulated	30
A8BD66	GL50803_6835	79.58	Ribosome production factor 2 homolog	Ribosome production factor 2 homolog	Ribosome production factor 2 homolog	Ribosome production factor 2 homolog	Ribosome production factor 2 homolog	502
A8BDF7	GL50803_14947	83.92	EF-hand domain pair-containing protein	Calglandulin	EF-hand domain-containing protein	Centrin-related	EF-hand domain-containing protein	102
A8BD33	GL50803_10696	49.84	Uncharacterized protein	None	Lysosomal amino acid transporter 1	None	Lysosomal amino acid transporter 1	1
A8BDB1	GL50803_10139	71.08	N-acetyltransferase domain-containing protein	None	DgyrCDS306	Si:dkeyp-50b9.1	N-acetyltransferase domain-containing protein	37
A8BDA9	GL50803_15124	81.13	Dynein light chain roadblock	Dynein light chain roadblock-type 1	Robl_LC7 domain-containing protein	Dynein light chain roadblock-type 1	Robl_LC7 domain-containing protein	344
A8BD17	GL50803_2972	80.5	Cytochrome b5-like Heme/Steroid binding domain-containing protein	Sulfite oxidase	Cytochrome b5 heme-binding domain-containing protein	GEO11555p1	Cytochrome b5 heme-binding domain-containing protein	401
A8BCZ9	GL50803_17434	61.2	Uncharacterized protein	Adhesion G protein-coupled receptor E2	Predicted protein	Glucagon-like peptide 1 receptor	G_PROTEIN_RECEP_F1_2 domain-containing protein	21
A8BDF2	GL50803_24123	84.13	Ankyrin repeat protein 1	Ankyrin repeat-containing protein ITN1	Protein 21.1	Ankyrin repeat-containing protein ITN1	Ankyrin repeat protein 1	126
A8BD04	GL50803_4078	53.22	Zinc finger domain-containing protein	None	C3H1-type domain-containing protein	None	C3H1-type domain-containing protein	1
A8BDB8	GL50803_10136	55.46	Uncharacterized protein	None	UPF0114 protein D6Z83_21685	None	UPF0114 protein D6Z83_21685	1
A8BD91	GL50803_17422	83.2	RNA polymerase I subunit A43	Probable DNA-directed RNA polymerase I subunit RPA43	Probable DNA-directed RNA polymerase I subunit RPA43	Probable DNA-directed RNA polymerase I subunit RPA43	Polyribonucleotide nucleotidyltransferase	474
A8BE61	GL50803_9750	68.32	Intraflagellar transport protein IFT74/72	None	AAA_23 domain-containing protein	None	Peptidase_M23 domain-containing protein	6
A8BE48	GL50803_6733	65.01	Palmitoyltransferase	Palmitoyltransferase ZDHHC9	Palmitoyltransferase	Palmitoyltransferase ZDHHC18	Palmitoyltransferase	952
A8BDQ8	GL50803_28888	85.27	Uncharacterized protein	ADP-ribosylation factor-like protein 5B	Signal recognition particle receptor subunit beta	Signal recognition particle receptor subunit beta	GTPase Der	150
A8BE70	GL50803_9741	84.59	ABC transporter, ATP-binding protein	ABC transporter F family member 3	ATP-binding cassette, subfamily F, member 3	ABC transporter F family member 3	Phosphate import ATP-binding protein PstB	247
A8BDP8	GL50803_121061	81.72	RNA polymerase III subunit C34	DNA-directed RNA polymerase III subunit RPC6	RNA polymerase Rpc34 subunit-containing protein	DNA-directed RNA polymerase III subunit RPC6	Heat-inducible transcription repressor HrcA	103
A8BE38	GL50803_14285	93.55	Malate dehydrogenase	NADP-dependent malic enzyme	Malic enzyme	NADP-dependent malic enzyme	Malic enzyme	476
A8BDY5	GL50803_16811	57.16	ZipA	None	Zinc ribbon domain-containing protein	None	Zinc ribbon domain-containing protein	1
A8BE67	GL50803_25238	80.35	High cysteine membrane protein	None	63 kDa sperm flagellar membrane protein	None	63 kDa sperm flagellar membrane protein	2
A8BDI6	GL50803_90710	87.11	Vacuolar protein sorting 22	Vacuolar-sorting protein SNF8	ESCRT-II complex subunit VPS22	Vacuolar-sorting protein SNF8	Vacuolar protein-sorting-associated protein 36	128
A8BDV0	GL50803_6291	70.7	Variant-specific surface protein	Probable serine/threonine-protein kinase nek2	Serine/threonine protein kinase	Protein kinase superfamily protein	Peptidase_M23 domain-containing protein	58
A8BDT9	GL50803_3062	74.78	Transmembrane protein	Transmembrane protein 181	Transmembrane protein	RGD1566403 protein	Olfactory receptor	157
A8BE31	GL50803_16648	68.78	CCDC81 HU domain-containing protein	None	None	None	None	0
A8BDZ5	GL50803_5346	80.97	Kinase, NEK	Probable serine/threonine-protein kinase nek2	Other NEK kinase	G2-specific protein kinase nimA	Protein kinase domain-containing protein	543
A8BDJ2	GL50803_38519	53.06	Uncharacterized protein	None	None	None	None	0
A8BE33	GL50803_88888	61.77	Uncharacterized protein	None	None	None	None	0
A8BE24	GL50803_42008	42.18	Uncharacterized protein	Coiled-coil domain-containing protein 87	None	None	Coiled-coil domain-containing protein 87	1
A8BE66	GL50803_16720	55.09	Radial spokehead-like protein	None	radial spoke head protein 6 homolog A-like	None	radial spoke head protein 6 homolog A-like	1
A8BDS9	GL50803_13616	81.89	Glycine-rich protein	Nucleolar protein 10	Nucleolar 10 isoform A	Nucleolar protein 10	WD_REPEATS_REGION domain-containing protein	101
A8BDT5	GL50803_3063	71.93	Uncharacterized protein	Probable arabinogalactan endo-beta-1,4-galactanase A	Outer membrane protein TolC	Lactase	GH18 domain-containing protein	127
A8BE60	GL50803_9751	60.7	Chaperone protein dnaJ	Chaperone protein DnaJ	Chaperone protein dnaJ	Chaperone protein dnaJ 1 mitochondrial	Chaperone protein DnaJ	203
A8BE41	GL50803_6736	76.37	5'-Nucleotidase C-terminal domain-containing protein	Mannosylglucosyl-3-phosphoglycerate phosphatase	5_nucleotid_C domain-containing protein	Silent protein UshA(0)	Bifunctional metallophosphatase/5'-nucleotidase	167
A8BDU6	GL50803_16820	83.54	Ankyrin repeat protein 1	Ankyrin repeat domain-containing protein 6	Ankyrin repeat domain 50	Ankyrin repeat domain-containing protein 6	Ankyrin_rpt-contain_dom domain-containing protein	41
A8BDU9	GL50803_6294	75.85	Uncharacterized protein	Juxtamembrane domain-associated catenin	armadillo repeat-containing protein gudu-like	Importin subunit alpha	Importin N-terminal domain-containing protein	60
A8BDZ0	GL50803_5347	57.68	Myb 1-like protein	None	SLC41 divalent cation transporters, integral membrane domain	None	Myb-like domain-containing protein	5
A8BDV4	GL50803_6289	92.71	FixW protein	Thiol-disulfide oxidoreductase ResA	Thioredoxin-like protein	Probable conserved lipoprotein DsbF	Thioredoxin domain-containing protein	354
A8BDW4	GL50803_16817	82.15	Transglutaminase/protease	Kyphoscoliosis peptidase	TGc domain-containing protein	Kyphoscoliosis peptidase	TGc domain-containing protein	393
A8BDQ6	GL50803_9594	89.39	Heat shock 70kD protein binding protein	TPR repeat-containing thioredoxin TDX	HipN domain-containing protein	TPR repeat-containing thioredoxin TDX	Tetratricopeptide repeat protein	158
A8BDY9	GL50803_16810	75.52	DNA polymerase kappa	DNA polymerase kappa	DNA polymerase kappa	DNA polymerase kappa	DNA polymerase IV	632
A8BDP5	GL50803_137681	90.17	VSP	Major surface trophozoite antigen 11	VSP	Surface antigen-like protein	Variant-specific surface protein	220
A8BDY4	GL50803_16812	40.66	Uncharacterized protein	None	None	None	None	0
A8BDY0	GL50803_16814	45.7	EF-hand domain-containing protein	None	None	None	None	0
A8BE21	GL50803_6524	86.49	Ubiquitin-conjugating enzyme E2-28.4 kDa	Ubiquitin-conjugating enzyme E2 J2	Ubiquitin-conjugating enzyme E2 J1	Ubiquitin-conjugating enzyme E2 J1	UBC core domain-containing protein	510
A8BDS8	GL50803_113038	89.92	Tenascin-like protein	None	Neurocan core protein Chondroitin sulfate proteoglycan 3	None	63 kDa sperm flagellar membrane protein	2
A8BE26	GL50803_32531	51.11	PHF5-like protein	None	None	None	None	0
A8BDJ4	GL50803_11613	44.93	Uncharacterized protein	None	None	None	None	0
A8BE65	GL50803_9746	57.46	Uncharacterized protein	Kelch-like protein 30	Exo-alpha-sialidase	Kelch-like protein 30	F-box domain-containing protein	47
A8BDL4	GL50803_11595	75.66	Glycosyl transferase family protein	Glycogenin-1	Glycosyl transferase family protein	Glycogenin-1	Hexosyltransferase	264
A8BDU0	GL50803_13210	70.28	Uncharacterized protein	Collectin-12	ABC transporter permease	Starch synthase, chloroplastic/amyloplastic	Methyl-accepting chemotaxis protein	9
A8BDX6	GL50803_16815	80.8	Seven transmembrane protein 1	Lysosomal amino acid transporter 1	Seven transmembrane protein 1	PQ loop repeat family protein	Bidirectional sugar transporter SWEET	53
A8BE03	GL50803_21063	26.75	RNA pol II accessory factor, Cdc73 family, C-terminal domain-containing protein	None	None	None	None	0
A8BE15	GL50803_6530	72.86	Ankyrin repeat protein 1	Ankyrin repeat and KH domain-containing protein CBG24701	Ankyrin domain protein	Ankyrin repeat domain-containing protein 6	Ankyrin_rpt-contain_dom domain-containing protein	21
A8BE11	GL50803_14235	85.3	Uncharacterized protein	UPF0674 endoplasmic reticulum membrane protein YNR021W	Coiled-coil domain-containing protein 47	Coiled-coil domain-containing protein 47	Coiled-coil domain-containing protein 47	156
A8BE13	GL50803_6531	83.48	Queuine tRNA-ribosyltransferase	Queuine tRNA-ribosyltransferase accessory subunit 2	TGT domain-containing protein	Queuine tRNA-ribosyltransferase accessory subunit 2	Queuine tRNA-ribosyltransferase	812
A8BE02	GL50803_16652	82.21	Ribosomal protein S13	40S ribosomal protein S13-1	U2 snRNP auxilliary factor	40S ribosomal protein S13-1	30S ribosomal protein S15	389
A8BDL2	GL50803_11599	87.85	Acid phosphatase	Lysophosphatidic acid phosphatase type 6	Lysophosphatidic acid phosphatase	Acid phosphatase 6, lysophosphatidic	Lysosomal acid phosphatase	51
A8BDI5	GL50803_16808	73.54	PAP2 superfamily protein	Phospholipid phosphatase 1	acidPPc domain-containing protein	acidPPc domain-containing protein	acidPPc domain-containing protein	60
A8BE39	GL50803_14284	70.27	DinF protein	Probable multidrug resistance protein NorM	Multidrug export protein MepA	Protein DETOXIFICATION	Protein DETOXIFICATION	207
A8BDY2	GL50803_12657	48.03	Uncharacterized protein	None	ANK_REP_REGION domain-containing protein	Os02g0767100 protein	Os02g0767100 protein	2
A8BDK5	GL50803_11604	29.01	Uncharacterized protein	None	None	None	None	0
A8BE06	GL50803_14238	67.89	Ankyrin repeat protein 1	Ankyrin repeat domain-containing protein 1	Ankyrin_rpt-contain_dom domain-containing protein	Ankyrin repeat domain-containing protein 6	Ankyrin_rpt-contain_dom domain-containing protein	19
A8BDZ7	GL50803_5345	87.95	DinF protein	Multidrug export protein MepA	MATE family efflux transporter	MATE efflux family protein	Protein DETOXIFICATION	221
A8BE62	GL50803_15030	87.35	Ankyrin repeat protein 1	Ankyrin repeat-containing protein NPR4	Protein 21.1	ANK_REP_REGION domain-containing protein	Ankyrin repeat protein 1	222
A8BE72	GL50803_25235	59.32	AAA-ATPase like protein	None	AAA-ATPase like protein	None	AAA-ATPase_like domain-containing protein	356
A8BDW9	GL50803_21053	48.53	Uncharacterized protein	MEMO1 family protein Pcal_0028	UPF0103/Mediator of ErbB2-driven cell motility domain-containing protein	Memo-like protein	AmmeMemoRadiSam system protein B	8
A8BE08	GL50803_6535	71.95	Uncharacterized protein	Probable 39S ribosomal protein L53, mitochondrial	Sep15_SelM domain-containing protein	CG7484 protein	Sep15_SelM domain-containing protein	87
A8BDK0	GL50803_15446	33.39	CRC domain-containing protein	None	None	None	None	0
A8BDY6	GL50803_2527	65.48	Uncharacterized protein	None	None	None	None	0
A8BDV8	GL50803_6288	81.45	Ubiquitin-activating enzyme E1	SUMO-activating enzyme subunit 2	Ubiquitin-activating enzyme E1-like	Ubiquitin-activating enzyme E1-like	ThiF domain-containing protein	188
A8BEQ9	GL50803_13075	83.71	Replication factor-a protein	Probable replication factor A 73 kDa subunit	Replication factor A protein 1	Probable replication factor A 73 kDa subunit	Exodeoxyribonuclease 7 large subunit	359
A8BEX1	GL50803_101955	37.08	Uncharacterized protein	None	None	None	None	0
A8BED1	GL50803_21444	61.02	Spindle pole protein	None	None	None	None	0
A8BEW0	GL50803_9184	54.45	Transducin	Chromatin assembly factor 1 subunit FAS2	Piso0_003281 protein	Chromatin assembly factor 1 subunit FAS2	Protein HIRA	13
A8BEC3	GL50803_16483	88.2	Dephospho-CoA kinase	Dephospho-CoA kinase	Dephospho-CoA kinase	Bm5592	Dephospho-CoA kinase	1149
A8BEN4	GL50803_16283	78.57	Amino acid transporter family	Amino acid transporter AVT6D	Amino acid transporter	Vacuolar amino acid transporter 6	Aa_trans domain-containing protein	164
A8BED4	GL50803_5012	52.95	Rhodanese-like domain-containing protein	Centrosomal protein of 41 kDa	Rhodanese domain-containing protein	Rhodanese domain-containing protein	Rhodanese domain-containing protein	9
A8BEW8	GL50803_9180	31.25	Uncharacterized protein	None	None	None	None	0
A8BED8	GL50803_5013	89.9	Endothelin-converting enzyme 1	eEF1A lysine and N-terminal methyltransferase	Phosphoethanolamine N-methyltransferase-related protein	Methyltranfer_dom domain-containing protein	tRNA (guanine-N(7)-)-methyltransferase	478
A8BEB2	GL50803_4946	91.33	peptide-methionine (S)-S-oxide reductase	Peptide methionine sulfoxide reductase MsrA	Peptide methionine sulfoxide reductase MsrA	Multifunctional fusion protein	Peptide methionine sulfoxide reductase MsrA	918
A8BEU9	GL50803_27652	52.56	Uncharacterized protein	None	DUF4175 domain-containing protein	Os02g0700300 protein	Sensor histidine kinase	3
A8BES4	GL50803_7559	52.3	Ankyrin repeat protein	DENN domain-containing protein 11	DENN domain-containing protein 11	DENN domain-containing protein 11	DENN domain-containing protein 11	66
A8BEZ7	GL50803_15906	82.78	Tubulin specific chaperone D	Tubulin-specific chaperone C	Tubulin-folding cofactor C	Tubulin-folding cofactor C	Tubulin-folding cofactor C	314
A8BEZ9	GL50803_4447	50.62	Uncharacterized protein	None	Planctomycete cytochrome C	None	Planctomycete cytochrome C	1
A8BEY6	GL50803_86683	69.76	26S protease regulatory subunit 7	26S proteasome regulatory subunit 7	26S proteasome regulatory subunit 7	26S proteasome regulatory subunit 7	AAA domain-containing protein	393
A8BEE3	GL50803_1908	65.87	Palmitoyltransferase	Palmitoyltransferase ZDHHC7	Palmitoyltransferase	Palmitoyltransferase	Palmitoyltransferase	956
A8BEL5	GL50803_16766	91.32	Lysine--tRNA ligase	Lysine--tRNA ligase, cytoplasmic	Lysine--tRNA ligase	Lysine--tRNA ligase, cytoplasmic	Lysine--tRNA ligase	711
A8BF19	GL50803_13627	43.71	Uncharacterized protein	None	None	None	None	0
A8BEP5	GL50803_4016	46.82	Uncharacterized protein	RING finger protein B	Galactose oxidase/kelch repeat superfamily protein	Galactose oxidase/kelch repeat superfamily protein	ACB domain-containing protein	18
A8BEL0	GL50803_16765	81.24	Kinase, NEK	Spindle assembly checkpoint kinase	Other NEK kinase	Non-specific serine/threonine protein kinase	Non-specific serine/threonine protein kinase	318
A8BEE1	GL50803_26129	69.57	Uncharacterized protein	None	basic leucine zipper 43-like	None	basic leucine zipper 43-like	1
A8BE83	GL50803_16716	82	High cysteine membrane protein Group 5	None	REJ domain	None	Chondroitin sulfate proteoglycan 5	4
A8BEK5	GL50803_6211	59.12	Protein required for cell viability	U3 small nucleolar RNA-associated protein 25	U3 small nucleolar RNA-associated protein 25 homolog	U3 small nucleolar RNA-associated protein 25	U3 small nucleolar RNA-associated protein 25	101
A8BEA2	GL50803_111732	86.07	VSP	Variant-specific surface protein VSP4A1	VSP	Proprotein convertase subtilisin/kexin type 6	Variant-specific surface protein	191
A8BE76	GL50803_98056	75.2	Ribosomal protein L17	60S ribosomal protein L17	60S ribosomal protein L17	60S ribosomal protein L17-A	50S ribosomal protein L22	1394
A8BF17	GL50803_4430	86.77	Zinc finger, C3HC4 type (RING finger) domain-containing protein	E3 ubiquitin-protein ligase RNF8	Zinc finger-RING-type	RING-type domain-containing protein	RING-type domain-containing protein	80
A8BEX3	GL50803_9174	87.63	Microsomal signal peptidase 18 kDa subunit	Signal peptidase complex catalytic subunit SEC11	Microsomal signal peptidase 18 kDa subunit	Signal peptidase complex catalytic subunit SEC11	Signal peptidase I	561
A8BEB5	GL50803_4950	58	TAFII55 protein conserved region domain-containing protein	Transcription initiation factor TFIID subunit 7-like	TAFII55_N domain-containing protein	TAFII55_N domain-containing protein	Transcription initiation factor IIF subunit beta	82
A8BEE0	GL50803_13809	77.39	Chromosome segregation protein SMC	Testis-expressed protein 9	testis-expressed protein 9 isoform X3	None	Testis-expressed protein 9	2
A8BEZ0	GL50803_86681	78.3	glutamate--tRNA ligase	Bifunctional glutamate/proline--tRNA ligase	Prolyl-tRNA synthetase	Glutamyl-tRNA synthetase	Glutamate--tRNA ligase	864
A8BEB6	GL50803_16485	83.45	Hikeshi-like domain-containing protein	Protein OPI10 homolog	DUF775 domain-containing protein	DUF775 domain-containing protein	DUF775 domain-containing protein	182
A8BE97	GL50803_5144	67.38	Protein kinase	None	Protein kinase	Receptor-like kinase	Protein kinase domain-containing protein	87
A8BEU2	GL50803_137617	85.82	VSP	Major surface-labeled trophozoite antigen 417	Variable surface protein	Proprotein convertase subtilisin/kexin type 6	Variant-specific surface protein	205
A8BE94	GL50803_7760	75.01	Sentrin	Small ubiquitin-related modifier 5	Small ubiquitin-related modifier	Small ubiquitin-related modifier 5	Ubiquitin-like domain-containing protein	301
A8BEA9	GL50803_39117	52.41	Uncharacterized protein	Myocilin	Membrane fusion protein (MFP) family protein	None	ING domain-containing protein	2
A8BES2	GL50803_7562	82.19	ADP-ribosylation factor	ADP-ribosylation factor 2	ARF2	ADP-ribosylation factor 6	GTP-binding protein	140
A8BES6	GL50803_14481	80.63	EF-hand domain-containing protein	EF-hand calcium-binding domain-containing protein 10	EF-hand domain-containing protein	EF-hand calcium-binding domain-containing protein 10	EF-hand domain-containing protein	116
A8BET4	GL50803_115159	88.42	Phospholipase B-like	Phospholipase B-like protein D	Phospholipase B-like	Phospholipase B-like protein D	Phospholipase B-like	213
A8BE77	GL50803_16718	92.6	Partner of Nob1	RNA-binding protein pno1	Partner of Nob1	RNA-binding protein pno1	Polyribonucleotide nucleotidyltransferase	540
A8BEI6	GL50803_101291	94.21	Tubulin beta chain	Tubulin beta chain	Tubulin beta chain	Tubulin beta chain	Tubulin beta chain	388
A8BEC1	GL50803_27293	45.31	PB1 domain-containing protein	None	SWIM-type domain-containing protein	None	SWIM-type domain-containing protein	2
A8BET5	GL50803_137685	84.26	dolichyl-diphosphooligosaccharide--protein glycotransferase	Dolichyl-diphosphooligosaccharide--protein glycosyltransferase subunit STT3A	Dolichyl-diphosphooligosaccharide--protein glycotransferase	Dolichyl-diphosphooligosaccharide--protein glycosyltransferase subunit STT3A	Dolichyl-diphosphooligosaccharide--protein glycotransferase	260
A8BEC2	GL50803_4954	70.7	LSM domain-containing protein	Small nuclear ribonucleoprotein F	Sm protein F	Sm protein F	Sm domain-containing protein	247
A8BER9	GL50803_16343	57.95	Median body protein	None	None	None	None	0
A8BEN7	GL50803_14100	74.29	Ankyrin repeat protein 1	Ankyrin repeat domain-containing protein 6	Ankyrin repeat domain 6	Ankyrin repeat domain-containing protein 30A	Ankyrin_rpt-contain_dom domain-containing protein	20
A8BEE2	GL50803_1909	74.48	Uncharacterized protein	Peptidyl-prolyl cis-trans isomerase	Peptidyl-prolyl cis-trans isomerase E	Peptidylprolyl isomerase	Peptidyl-prolyl cis-trans isomerase	775
A8BEE5	GL50803_137682	78.6	Uncharacterized protein	None	None	None	None	0
A8BEK6	GL50803_6212	49.32	RNA recognition motif-containing protein	CUGBP Elav-like family member 3-A	Cugbp, Elav-like family member 2	Bruno 2, isoform E	RRM domain-containing protein	284
A8BEJ8	GL50803_137672	84.38	High cysteine membrane protein VSP-like	Major surface-labeled trophozoite antigen 417	High cysteine membrane VSP-like protein	None	Variant-specific surface protein	71
A8BEN9	GL50803_6048	56.86	Uncharacterized protein	None	Chemotaxis protein	None	Chemotaxis protein	3
A8BET6	GL50803_14478	32.1	Uncharacterized protein	None	None	None	None	0
A8BE80	GL50803_16717	78.46	START domain-containing protein	StAR-related lipid transfer protein 6	START domain-containing protein	StAR-related lipid transfer protein 6	START domain-containing protein	244
A8BEI9	GL50803_95233	45.31	Uncharacterized protein	None	OmpR/PhoB-type domain-containing protein	None	ATPase_2 domain-containing protein	2
A8BED0	GL50803_2419	88.9	DNA replication complex GINS protein SLD5	Probable DNA replication complex GINS protein PSF1	Sld5 domain-containing protein	Probable DNA replication complex GINS protein PSF1	GINS complex subunit 1	168
A8BE88	GL50803_7765	39.68	Uncharacterized protein	None	None	None	None	0
A8BEQ0	GL50803_16279	63.71	Kinase, NEK	Mitogen-activated protein kinase ERK-A	Kinase-like protein	Protein kinase domain-containing protein	Protein kinase domain-containing protein	262
A8BEY0	GL50803_9173	87.58	Serine/Threonine-protein kinase pkwA, putative	Angio-associated migratory cell protein	Vegetative incompatibility protein HET-E-1	F-box domain-containing protein	Eukaryotic translation initiation factor 3 subunit I	94
A8BER3	GL50803_2616	73.25	Uncharacterized protein	None	DUF945 family protein	Glucan 1\3-alpha-glucosidase ROT2	Nuclear transport factor 2 family protein	109
A8BFB7	GL50803_17474	65.35	FHA domain-containing protein	Kinesin-like protein unc-104	PAX-interacting protein 1	None	FHA domain-containing protein	31
A8BFI7	GL50803_94654	60.21	Uncharacterized protein	Eukaryotic translation initiation factor 3 subunit I	Serine/threonine protein kinase	Eukaryotic translation initiation factor 3 subunit I	WD_REPEATS_REGION domain-containing protein	72
A8BFA9	GL50803_13225	53.95	YTH1 family protein	mRNA 3'-end-processing protein YTH1	C3H1-type domain-containing protein	mRNA 3'-end-processing protein yth1	mRNA 3'-end-processing protein YTH1	2
A8BFP8	GL50803_21971	74.55	Tetratricopeptide repeat-containing protein	Tetratricopeptide repeat protein 19, mitochondrial	Regulatory protein AfsR	BMA-AGS-3	Tetratricopeptide repeat protein	163
A8BFH0	GL50803_3549	70.49	Uncharacterized protein	None	None	None	None	0
A8BFJ6	GL50803_17492	41.8	MYND finger domain-containing protein	KIF-binding protein	MYND finger domain-containing protein	None	KIF-binding protein	1
A8BFA8	GL50803_3021	27.31	Uncharacterized protein	None	None	None	None	0
A8BFN3	GL50803_114392	36.06	Uncharacterized protein	None	None	None	None	0
A8BFA4	GL50803_21924	84.46	Kinase, NEK	Serine/threonine-protein kinase Nek7	Serine/threonine-protein kinase Nek7	Serine/threonine-protein kinase Nek7	Protein kinase domain-containing protein	496
A8BF72	GL50803_761	39.61	Uncharacterized protein	None	None	None	None	0
A8BFI5	GL50803_13220	68.02	ATP-dependent RNA helicase	ATP-dependent RNA helicase mak5	RNA helicase	ATP-dependent RNA helicase mak5	RNA helicase	417
A8BF42	GL50803_16690	43.84	Major capsid protein	None	CSON012962 protein	None	CSON012962 protein	1
A8BF28	GL50803_1623	42.95	Uncharacterized protein	None	None	None	None	0
A8BFK8	GL50803_12057	79.32	Spindle pole body component	Gamma-tubulin complex component 3	Spindle pole body component	Gamma-tubulin complex component	Gamma-tubulin complex component	329
A8BFH4	GL50803_94662	74.06	Ankyrin repeat protein 2	Ankyrin repeat domain-containing protein 17	ANK2 protein	Nuclear factor NF-kappa-B p110 subunit	Ankyrin_rpt-contain_dom domain-containing protein	24
A8BFF4	GL50803_5425	76.64	TMP-1 protein	None	Tryptophan-rich sensory protein	None	Tryptophan-rich sensory protein	150
A8BF41	GL50803_2631	60.38	Uncharacterized protein	None	Regulatory protein BlaR1	None	Regulatory protein BlaR1	1
A8BFM9	GL50803_12071	61.8	Chromosome segregation protein SMC	None	None	None	None	0
A8BFN5	GL50803_12082	91.54	Biotin-protein ligase (BirA)	Bifunctional enzyme BirA/CoaX	BPL/LPL catalytic domain-containing protein	Bifunctional ligase/repressor BirA	Biotin--[acetyl-CoA-carboxylase] ligase	387
A8BFP9	GL50803_12093	60.31	Uncharacterized protein	U-box domain-containing protein 7	RING-type E3 ubiquitin transferase	U-box domain-containing protein 6	RING-type E3 ubiquitin transferase	4
A8BFE9	GL50803_11354	66.15	Uncharacterized protein	Secreted frizzled-related protein 5	DNA alkylation repair protein	Secreted frizzled-related protein 2	Cytochrome c-type biogenesis protein CcmE	86
A8BFP4	GL50803_12091	96.37	Macrophage migration inhibitory factor	Macrophage migration inhibitory factor	Macrophage migration inhibitory factor	Os06g0699500 protein	Macrophage migration inhibitory factor	83
A8BFN0	GL50803_15569	47.25	Uncharacterized protein	Mite allergen Der p 7	Mite allergen Lep d 7	FI04421p	SMP-LTD domain-containing protein	20
A8BFG8	GL50803_17483	87.95	Chaperone protein DnaJ subfamily B	DnaJ homolog subfamily B member 1	J domain-containing protein	J domain-containing protein	Chaperone protein DnaJ	769
A8BFG6	GL50803_1770	83.51	Chromatin associated protein KTI12	Protein KTI12 homolog	DRL1 protein	Protein KTI12 homolog	Thymidylate kinase	238
A8BFC0	GL50803_3559	43.38	Uncharacterized protein	None	None	None	None	0
A8BFG4	GL50803_17482	93.34	T-complex protein 1 subunit delta	T-complex protein 1 subunit delta	T-complex protein 1 subunit delta	T-complex protein 1 subunit delta	60 kDa chaperonin	678
A8BF99	GL50803_107659	80.28	Ubiquitin-like domain-containing protein	Ubiquitin domain-containing protein 1	NEDD8	Small ubiquitin-related modifier	Ubiquitin-like domain-containing protein	345
A8BFG1	GL50803_17480	88.27	tRNA delta2-isopentenylpyrophosphate transferase	tRNA dimethylallyltransferase	tRNA isopentenyltransferase 1	tRNA dimethylallyltransferase	tRNA dimethylallyltransferase	1549
A8BF37	GL50803_2633	39.98	Uncharacterized protein	None	None	None	None	0
A8BFG9	GL50803_3546	86.48	Kinase, NEK	Serine/threonine-protein kinase Nek2	Protein kinase domain-containing protein	Serine/threonine-protein kinase Nek1	Protein kinase domain-containing protein	443
A8BFH7	GL50803_94658	71.37	NPL4-like protein	NPL4-like protein 2	NPL4-like protein	NPL4 family protein	Nuclear protein localization protein 4	173
A8BF27	GL50803_92663	46.05	Uncharacterized protein	None	None	None	None	0
A8BF32	GL50803_16693	52.16	Uncharacterized protein	None	F5/8 type C domain-containing protein	None	F5/8 type C domain-containing protein	1
A8BFJ7	GL50803_103454	85.46	High cysteine membrane protein Group 1	Proprotein convertase subtilisin/kexin type 4	High cysteine membrane protein Group 1	None	Variant-specific surface protein	160
A8BFE3	GL50803_11359	89.65	40S ribosomal protein S4	40S ribosomal protein S4	(1->3)-beta-glucan endohydrolase	40S ribosomal protein S4	30S ribosomal protein S4e	340
A8BFL3	GL50803_15566	85.87	Peter pan protein	Peter Pan-like protein	Peter pan protein	Peter Pan-like protein	Brix domain-containing protein	404
A8BFL9	GL50803_12063	81.96	High cysteine protein	None	Variant-specific surface protein	None	Variant-specific surface protein	70
A8BF21	GL50803_16697	28.17	Uncharacterized protein	None	None	None	None	0
A8BF51	GL50803_19667	47.14	Uncharacterized protein	None	None	None	None	0
A8BF61	GL50803_13091	61.69	Deoxynucleoside kinase	Deoxyadenosine/deoxycytidine kinase	dNK domain-containing protein	dNK domain-containing protein	Thymidylate kinase	658
A8BF96	GL50803_104994	64.07	Uncharacterized protein	Mitochondrial import receptor subunit TOM34	Small glutamine-rich tetratricopeptide repeat-containing protein	Mitochondrial import receptor subunit TOM34	Tetratricopeptide repeat protein	48
A8BFJ1	GL50803_13455	68.78	Uncharacterized protein	Interleukin-22 receptor subunit alpha-2	Tenascin-X	MG2 domain-containing protein	Host specificity protein J	19
A8BFA2	GL50803_114442	77.36	Ankyrin repeat protein 2	26S proteasome non-ATPase regulatory subunit 10	Ankyrin repeat protein	LP22840p	Ankyrin repeat protein 1	230
A8BF69	GL50803_1499	44.23	Uncharacterized protein	None	None	None	None	0
A8BF44	GL50803_34151	80.18	Integrase catalytic domain-containing protein	Retrovirus-related Pol polyprotein from transposon opus	Integrase catalytic domain-containing protein	Integrase catalytic domain-containing protein	Integrase catalytic domain-containing protein	291
A8BF50	GL50803_16687	85.75	Ribonuclease	E3 ubiquitin-protein ligase APD3	RING-type domain-containing protein	E3 ubiquitin-protein ligase APD3	RING-type domain-containing protein	100
A8BFG3	GL50803_21943	57.26	Uncharacterized protein	None	CCAAT/enhancer-binding protein gamma-like	None	CCAAT/enhancer-binding protein gamma-like	1
A8BFH2	GL50803_17484	32.04	Uncharacterized protein	None	None	None	None	0
A8BF57	GL50803_3666	27.6	Uncharacterized protein	None	None	None	None	0
A8BFD3	GL50803_94582	85.55	Ornithine decarboxylase	Ornithine decarboxylase 1	Ornithine decarboxylase	Diaminopimelate decarboxylase 2 chloroplastic	Diaminopimelate decarboxylase	497
A8BFI3	GL50803_3007	53.71	Uncharacterized protein	Eukaryotic translation initiation factor 3 subunit I	WDR88 protein	Autophagy/beclin-1 regulator 1b	Eukaryotic translation initiation factor 3 subunit I	5
A8BFF8	GL50803_21942	94.07	Glutamate dehydrogenase	NADP-specific glutamate dehydrogenase	Glutamate dehydrogenase	Glutamate dehydrogenase	Glutamate dehydrogenase	506
A8BGA9	GL50803_15930	91.13	RNA helicase	ATP-dependent RNA helicase DHX33	RNA helicase	ATP-dependent RNA helicase DHX33	RNA helicase	245
A8BG92	GL50803_6072	82.14	Kelch motif-containing protein	Protein GLUTELIN PRECURSOR ACCUMULATION 3	RING finger protein B	Galactose oxidase/kelch repeat superfamily protein	BTB domain-containing protein	115
A8BFW1	GL50803_15039	57.17	Uncharacterized protein	None	None	None	None	0
A8BG99	GL50803_114336	65.57	tRNA(Ile)-lysidine synthetase	tRNA-cytidine(32) 2-sulfurtransferase	tRNA(Ile)-2-lysyl-cytidine synthase	ATP_bind_3 domain-containing protein	tRNA(Ile)-lysidine synthase	970
A8BG96	GL50803_91463	64.62	Uncharacterized protein	None	Unplaced genomic scaffold scaffold_88, whole genome shotgun sequence	None	Unplaced genomic scaffold scaffold_88, whole genome shotgun sequence	1
A8BG81	GL50803_26435	36.59	Uncharacterized protein	None	None	None	None	0
A8BFR0	GL50803_12102	81.01	Elongation factor 1-gamma	Elongation factor 1-gamma	Elongation factor 1-gamma	Elongation factor 1-gamma	Glutathione S-transferase	144
A8BG41	GL50803_2098	86.9	ATP-dependent RNA helicase p54	DEAD-box ATP-dependent RNA helicase 12	Mitogen-activated protein kinase	DEAD-box ATP-dependent RNA helicase 12	RNA helicase	389
A8BFQ4	GL50803_12095	74.08	Kinase, NEK	Serine/threonine-protein kinase Nek7	serine/threonine-protein kinase Nek7 isoform X1	Serine/threonine-protein kinase Nek7	Protein kinase domain-containing protein	394
A8BFQ5	GL50803_15576	84.1	Ankyrin repeat protein 1	Serine/threonine-protein phosphatase 6 regulatory ankyrin repeat subunit A	Ankyrin repeat protein 1	Ankyrin repeat domain 44	Ankyrin_rpt-contain_dom domain-containing protein	84
A8BG37	GL50803_22454	64.36	ARF GAP	Sporulation protein SPS18	Arf-GAP domain-containing protein	Age3p	Arf-GAP domain-containing protein	294
A8BFV2	GL50803_16829	89.39	Calcineurin B subunit	Calcineurin subunit B	EF hand family protein	Calcineurin subunit B	Calmodulin	123
A8BGE2	GL50803_9834	89.57	DNA-(apurinic or apyrimidinic site) endonuclease	Exodeoxyribonuclease	DNA-(apurinic or apyrimidinic site) endonuclease	Exodeoxyribonuclease III	Exodeoxyribonuclease III	642
A8BFR8	GL50803_12109	78.04	Lysophosphatidylcholine acyltransferase/Lyso-PAF acetyltransferase	Lysophosphatidylcholine acyltransferase 2B	EF-hand domain-containing protein	Lysophosphatidylcholine acyltransferase 4	1-acyl-sn-glycerol-3-phosphate acyltransferase	387
A8BFU4	GL50803_9780	74.54	Uncharacterized protein	Probable chemoreceptor glutamine deamidase CheD	CSP and TRAP-related protein (CTRP)	DUF1794 domain-containing protein	DUF1794 domain-containing protein	4
A8BFU0	GL50803_9782	45.74	Uncharacterized protein	None	None	None	None	0
A8BGD6	GL50803_9829	95.33	CDP-diacylglycerol--inositol 3-phosphatidyltransferase	CDP-diacylglycerol--inositol 3-phosphatidyltransferase	CDP-diacylglycerol--inositol 3-phosphatidyltransferase	CDP-diacylglycerol--inositol 3-phosphatidyltransferase	CDP-diacylglycerol--inositol 3-phosphatidyltransferase	243
A8BGA3	GL50803_27717	83.12	High cysteine membrane protein Group 3	Carcinoembryonic antigen-related cell adhesion molecule 20	Variant-specific surface protein	Chitin elicitor receptor kinase 1	Variant-specific surface protein	26
A8BG76	GL50803_7962	94.95	20S proteasome alpha subunit 6	Proteasome subunit alpha type-1	Proteasome subunit alpha type	Proteasome subunit alpha type-1	Proteasome subunit beta	402
A8BG72	GL50803_7968	71.02	Uncharacterized protein	Cyclic AMP receptor 3	Unplaced genomic scaffold scaffold_37, whole genome shotgun sequence	Cyclic AMP receptor 3	Olfactory receptor	226
A8BG32	GL50803_4246	82.71	Trimethylguanosine synthase	Trimethylguanosine synthase	Trimethylguanosine synthase	Trimethylguanosine synthase	Trimethylguanosine synthase	475
A8BG90	GL50803_16887	89.26	ATP-dependent RNA helicase	ATP-dependent RNA helicase HAS1	RNA helicase	RNA helicase	RNA helicase	433
A8BG66	GL50803_91451	72.62	Kinase, NEK	Serine/threonine-protein kinase ULK3	Aurora kinase	Protein kinase domain-containing protein	Non-specific serine/threonine protein kinase	245
A8BG83	GL50803_16889	84.36	Kinase, NEK	Probable serine/threonine-protein kinase nek2	Serine/threonine protein kinase	Probable serine/threonine-protein kinase nek2	Protein kinase domain-containing protein	323
A8BFW5	GL50803_16827	69.3	Uncharacterized protein	Exosome complex protein LRP1	Exosome complex protein LRP1	None	Exosome complex protein LRP1	2
A8BFX3	GL50803_16824	82.39	Kinase, NEK	Probable serine/threonine-protein kinase nek3	Kinase-like protein	Unplaced genomic scaffold supercont1.7, whole genome shotgun sequence	Non-specific serine/threonine protein kinase	417
A8BFT7	GL50803_15045	85.45	THUMP domain-containing protein	THUMP domain-containing protein 1	THUMP domain-containing protein 1-like protein	THUMP domain containing protein	THUMP domain-containing protein	376
A8BFR3	GL50803_12105	48.07	Uncharacterized protein	None	None	None	None	0
A8BG80	GL50803_16891	86.86	Leucine rich repeat protein	Cilia- and flagella-associated protein 410	Leucine Rich repeats (2 copies) domain-containing protein	Cilia- and flagella-associated protein 410	U2 small nuclear ribonucleoprotein A'	46
A8BFV5	GL50803_15042	77.54	Cleavage stimulation factor 50 kDa subunit	Cleavage stimulation factor subunit 50	Cleavage stimulation factor 50 kDa subunit	WD_REPEATS_REGION domain-containing protein	WD_REPEATS_REGION domain-containing protein	93
A8BFT3	GL50803_15046	80.22	Ribosomal protein L26	60S ribosomal protein L26-2	LSU ribosomal protein L24P	KOW domain-containing protein	50S ribosomal protein L24	948
A8BGD2	GL50803_9826	51.08	Uncharacterized protein	None	None	None	None	0
A8BGC3	GL50803_9823	36	Uncharacterized protein	None	None	None	None	0
A8BFS8	GL50803_9788	65.37	Dynein beta chain, ciliary	Ubiquitin carboxyl-terminal hydrolase 23	Ubiquitin carboxyl-terminal hydrolase	Ubiquitin carboxyl-terminal hydrolase	Ubiquitin carboxyl-terminal hydrolase	25
A8BG44	GL50803_16894	52.47	Calcineurin-like phosphoesterase	Phosphodiesterase MJ0936	Calcineurin-like phosphoesterase	Metallophos domain-containing protein	Calcineurin-like phosphoesterase	3
A8BGC2	GL50803_21366	73.55	Kinase, NEK	Serine/threonine-protein kinase Nek4	Kinase-like protein	Serine/threonine-protein kinase NrkA	Protein kinase domain-containing protein	351
A8BFQ6	GL50803_17498	31.32	Uncharacterized protein	None	None	None	None	0
A8BG20	GL50803_137619	75.27	DNA-directed RNA polymerase subunit	DNA-directed RNA polymerase III subunit RPC10	DNA-directed RNA polymerase subunit	DNA-directed RNA polymerase III subunit RPC10	DNA-directed RNA polymerase subunit	328
A8BG61	GL50803_101010	83.46	VSP with INR	Major surface-labeled trophozoite antigen 417	Variant-specific surface protein	None	Variant-specific surface protein	195
A8BFX0	GL50803_16826	81.3	Kinase, NEK	Serine/threonine-protein kinase Nek2	Protein kinase domain-containing protein	Ornithine--oxo-acid aminotransferase	Protein kinase domain-containing protein	509
A8BFQ9	GL50803_17499	64.9	Uncharacterized protein	None	Tetratricopeptide repeat-containing protein	FI18193p1	Histidine kinase	21
A8BGC8	GL50803_9825	87.74	RuvB-like helicase	RuvB-like 1	RuvB-like helicase	RuvB-like 1	RuvB-like helicase	740
A8BFR9	GL50803_97072	75.62	Ankyrin repeat protein 1	Transient receptor potential cation channel subfamily A member 1	Protein 21.1	CARD- and ANK-domain containing inflammasome adapter protein	Ankyrin_rpt-contain_dom domain-containing protein	54
A8BFS1	GL50803_8468	91.07	Short chain dehydrogenase	Very-long-chain 3-oxoacyl-CoA reductase	Short-chain dehydrogenase	Short chain dehydrogenase family protein	SDR family oxidoreductase	165
A8BFU8	GL50803_9778	87.6	Tem-1-like protein	Septum-promoting GTP-binding protein 1	Ras-GTPase	Septum-promoting GTP-binding protein 1	Elongation factor Tu	144
A8BGC6	GL50803_9824	92.41	proteasome endopeptidase complex	Probable proteasome subunit beta type-1	Proteasome subunit beta	Probable proteasome subunit beta type-1	Proteasome subunit beta	633
A8BFV8	GL50803_15041	96.26	Pyridoxal phosphate homeostasis protein	Pyridoxal phosphate homeostasis protein	Pyridoxal phosphate homeostasis protein	Pyridoxal phosphate homeostasis protein	Pyridoxal phosphate homeostasis protein	876
A8BGF1	GL50803_16605	75.41	ABC transporter family protein	ABC transporter A family member 5	Int-abc_transporter_10	ABC transporter domain-containing protein	ABC transporter ATP-binding protein	260
A8BGH4	GL50803_6254	47.9	Uncharacterized protein	None	Predicted protein	None	Predicted protein	1
A8BGH2	GL50803_31439	33.79	Uncharacterized protein	None	None	None	None	0
A8BGE5	GL50803_9835	63.54	Uncharacterized protein	U-box domain-containing protein 6	U-box domain-containing protein 6	RH51096p	Tetratricopeptide repeat protein	114
A8BGG7	GL50803_3786	75.35	Helix-turn-helix domain-containing protein	Protein gooseberry-neuro	Unplaced genomic scaffold SPHSTscaffold_349, whole genome shotgun sequence	Si:ch211-276i12.9	Transposase	64
A8BGG4	GL50803_5795	66.38	Leucine-rich repeat protein 1 virus receptor protein	Gamma-interferon-inducible-lysosomal thiol reductase	Leucine rich repeat family, N-terminal domain protein	Gamma interferon inducible lysosomal thiol reductase GILT	Protein kinase domain-containing protein	118
A8BGG9	GL50803_16269	52.69	FAD synthetase	None	Adenine nucleotide alpha hydrolases-like protein	None	Adenine nucleotide alpha hydrolases-like protein	1
A8BGI2	GL50803_6248	54.74	Fip1 motif-containing protein	None	None	None	None	0
A8BH61	GL50803_16431	87.62	Ribosomal protein L19	60S ribosomal protein L19-A	Ribosomal protein L19	60S ribosomal protein L19-A	Ribosomal protein L19	454
A8BGZ4	GL50803_24452	77.95	Uncharacterized protein	None	C2 domain-containing protein	None	C2 domain-containing protein	1
A8BH09	GL50803_480	94.83	Translation initiation inhibitor	RutC family protein PH0854	RidA family protein	RutC family protein C23G10.2	RidA family protein	226
A8BH05	GL50803_11381	31.09	Uncharacterized protein	None	None	None	None	0
A8BH29	GL50803_15412	79.02	Ankyrin repeat protein 2	Serine/threonine-protein phosphatase 6 regulatory ankyrin repeat subunit C	Ankyrin repeat protein	Transient receptor potential cation channel subfamily A member 1	Ankyrin_rpt-contain_dom domain-containing protein	107
A8BH97	GL50803_2107	48.98	Uncharacterized protein	Neopullulanase	Calpain catalytic domain-containing protein	Aamy domain-containing protein	Aamy domain-containing protein	29
A8BH45	GL50803_14681	72.65	Ankyrin repeat protein 1	Receptor-interacting serine/threonine-protein kinase 4	Ankrd17 protein	CMGC/CDK/CDK10 protein kinase	Protein kinase domain-containing protein	450
A8BGT6	GL50803_11495	92.4	Rab GDP dissociation inhibitor	Probable secretory pathway GDP dissociation inhibitor 1	Rab GDP dissociation inhibitor	Probable secretory pathway GDP dissociation inhibitor 1	Rab GDP dissociation inhibitor	273
A8BGJ9	GL50803_2400	74.59	Ribonuclease P protein subunit p29	Probable ribonuclease P protein subunit 1	Ribonuclease P protein subunit p29	Ribonuclease P protein subunit p29	Ribonuclease P protein component 1	319
A8BGJ0	GL50803_2404	51.73	Uncharacterized protein	None	Expressed protein	None	Expressed protein	1
A8BH14	GL50803_11389	85.46	Ankyrin repeat protein 2	Ankyrin-3	Serine/threonine-protein phosphatase 6 regulatory ankyrin repeat subunit B	Ankyrin-3	Ankyrin_rpt-contain_dom domain-containing protein	143
A8BGN4	GL50803_23004	46.64	Uncharacterized protein	Nascent polypeptide-associated complex subunit beta-2	Nascent polypeptide-associated complex subunit beta	Nascent polypeptide-associated complex subunit beta-2	Nascent polypeptide-associated complex subunit beta-2	3
A8BGM3	GL50803_8799	81.97	Uncharacterized protein	Kinetochore protein Spc25	Mitotic spindle assembly checkpoint protein MAD1-like	Kinetochore protein Spc25	Kinetochore protein SPC25	10
A8BH10	GL50803_11383	69.99	E2F/DP family winged-helix DNA-binding domain-containing protein	Protamine-like protein	Histone H1	IP04124p	H15 domain-containing protein	4
A8BHB2	GL50803_5926	77.04	Ankyrin repeat protein 1	Probable serine/threonine-protein kinase nek2	Unplaced genomic scaffold supercont1.7, whole genome shotgun sequence	Probable serine/threonine-protein kinase nek2	Protein kinase domain-containing protein	369
A8BGP0	GL50803_5568	92.04	Uncharacterized protein	CXXC motif containing zinc binding protein	CXXC motif containing zinc binding protein	DUF866 domain containing protein	CXXC motif containing zinc binding protein	72
A8BGW7	GL50803_14404	79.47	Phosphatase	Probable protein phosphatase 2C 45	Protein-serine/threonine phosphatase	Probable protein phosphatase 2C 45	PPM-type phosphatase domain-containing protein	374
A8BGU6	GL50803_11487	66.32	Uncharacterized protein	Heavy metal-binding protein HIP	BclA_C domain-containing protein	None	C1q domain-containing protein	6
A8BGK5	GL50803_21341	43.52	Uncharacterized protein	ATP-sensitive inward rectifier potassium channel 1	Host specificity protein J	Predicted gene, 36028	Host specificity protein J	15
A8BGK7	GL50803_101011	46.93	Zinc finger domain protein	E3 ubiquitin-protein ligase SRFP1	Zinc finger domain protein	E3 ubiquitin-protein ligase SRFP1	RING finger and CHY zinc finger domain-containing protein 1	49
A8BH48	GL50803_8325	84.82	Zinc finger, C3HC4 type (RING finger) domain-containing protein	Baculoviral IAP repeat-containing protein 7	Zinc finger, C3HC4 type (RING finger) domain-containing protein	RING-type domain-containing protein	RING-type domain-containing protein	229
A8BGM5	GL50803_8794	75.63	H/ACA ribonucleoprotein complex subunit	Probable H/ACA ribonucleoprotein complex subunit 1	H/ACA ribonucleoprotein complex subunit	Probable H/ACA ribonucleoprotein complex subunit 1	H/ACA ribonucleoprotein complex subunit	620
A8BGJ7	GL50803_2401	54.28	Uncharacterized protein	None	None	None	None	0
A8BGN9	GL50803_15954	44.38	ER membrane protein complex subunit 1	DNA damage-responsive serine/threonine-protein kinase RqkA	Transmembrane domain-containing protein	NACHT domain-containing protein	PQQ-binding-like beta-propeller repeat protein	26
A8BGZ9	GL50803_11380	41.35	Uncharacterized protein	DnaJ homolog subfamily C member 5 homolog	Unplaced genomic scaffold scaffold_5, whole genome shotgun sequence	J domain-containing protein	J domain-containing protein	5
A8BGV3	GL50803_16707	83.37	Clusterin associated protein 1	None	Clusterin associated protein 1	None	Clusterin associated protein 1	1
A8BGK2	GL50803_21342	81.8	Uncharacterized protein	Autophagy-related protein 11	Golgin candidate 1	None	Autophagy-related protein 11	1
A8BHA3	GL50803_27028	47.41	Uncharacterized protein	None	None	None	None	0
A8BH37	GL50803_112150	77.38	Uncharacterized protein	None	None	None	None	0
A8BH18	GL50803_11390	70.79	Kinase, NEK	Probable serine/threonine-protein kinase nek2	Other NEK kinase	Serine/threonine protein kinase	Protein kinase domain-containing protein	356
A8BGY8	GL50803_24451	85.14	Fibroblast growth factor family protein	Fibroblast growth factor 2	Fibroblast growth factor family protein	Fibroblast growth factor	Fibroblast growth factor	605
A8BGI6	GL50803_13000	91.97	V-type proton ATPase subunit	V-type proton ATPase subunit d1	V-type proton ATPase subunit	V-type proton ATPase subunit d1	V-type ATP synthase subunit C	165
A8BH59	GL50803_8329	89.11	Vacuolar protein sorting 25	Vacuolar protein-sorting-associated protein 25	ESCRT-II-domain-containing protein	Os01g0658500 protein	PadR family transcriptional regulator	287
A8BHA1	GL50803_4255	87.98	ATP-dependent (S)-NAD(P)H-hydrate dehydratase	ATP-dependent (S)-NAD(P)H-hydrate dehydratase	ATP-dependent (S)-NAD(P)H-hydrate dehydratase	ATP-dependent (S)-NAD(P)H-hydrate dehydratase	Bifunctional NAD(P)H-hydrate repair enzyme	435
A8BH31	GL50803_11397	93.86	CCT-beta	Probable T-complex protein 1 subunit beta	CCT-beta	CCT-beta	60 kDa chaperonin	672
A8BGN1	GL50803_8789	90.38	Kelch motif-containing protein	Protein GLUTELIN PRECURSOR ACCUMULATION 3	RING-type domain-containing protein	F-box domain-containing protein	BTB domain-containing protein	104
A8BHA5	GL50803_4257	59.41	CBF/Mak21 family protein	Nucleolar complex protein 4 homolog	CBF/Mak21 Family Protein	Nucleolar complex protein 4 homolog	CBF domain-containing protein	181
A8BHC2	GL50803_16068	53.48	Chromosome segregation protein SMC	B-cell receptor-associated protein 29	Flagellar FliJ protein	Unplaced genomic scaffold supercont1.5, whole genome shotgun sequence	Flagellar FliJ protein	26
A8BH46	GL50803_16429	72.12	Translation machinery-associated protein 16	Translation machinery-associated protein 16	Translation machinery-associated protein 16	Translation machinery-associated protein 16	Translation machinery-associated protein 16	112
A8BGU4	GL50803_16708	67.11	Uncharacterized protein	Importin subunit alpha-2	Importin subunit alpha	Importin subunit alpha-2	RING-type E3 ubiquitin transferase	21
A8BHA7	GL50803_4259	67.21	Clathrin light chain	None	None	None	None	0
A8BGL0	GL50803_23017	63.92	FHA domain-containing protein	Oxoglutarate dehydrogenase inhibitor	Sigma-54-dependent Fis family transcriptional regulator	GEO12045p1	FHA domain-containing protein	137
A8BH12	GL50803_11384	76.66	DNA helicase	Helicase POLQ-like	helicase POLQ-like isoform X2	Helicase, POLQ-like	DEAD/DEAH box helicase	160
A8BGW5	GL50803_14403	78.16	Lysophosphatidic acid acyltransferase, putative	Glycerol-3-phosphate acyltransferase 9	PlsC domain-containing protein	Glycerol-3-phosphate acyltransferase 9	1-acyl-sn-glycerol-3-phosphate acyltransferase	422
A8BGX7	GL50803_7261	93.58	Phosphatidylinositol-4-phosphate 5-kinase	Radial spoke head 10 homolog B	2-isopropylmalate synthase	MORN_repeat-containing_protein_1	Phosphatidylinositol 4-phosphate 5-kinase	38
A8BGZ7	GL50803_24453	27.04	Uncharacterized protein	None	None	None	None	0
A8BH24	GL50803_15411	74.47	Kinase, NEK	Probable serine/threonine-protein kinase nek2	Other NEK kinase	Probable serine/threonine-protein kinase nek2	Protein kinase domain-containing protein	237
A8BH19	GL50803_15409	82.89	Kinase, NEK	Serine/threonine-protein kinase Nek2	Protein kinase domain-containing protein	Serine/threonine-protein kinase Nek2	Protein kinase domain-containing protein	210
A8BGX6	GL50803_7260	92	Aldose reductase	Aldo-keto reductase family 1 member A1	Aldehyde reductase	Aldo-keto reductase family 1 member A1	Aldo_ket_red domain-containing protein	381
A8BGY7	GL50803_1643	46.57	Uncharacterized protein	None	None	None	None	0
A8BH99	GL50803_27027	77.13	Pre-mRNA-processing factor 19	Eukaryotic translation initiation factor 3 subunit I	Katanin p80 WD40 repeat-containing subunit B1	Katanin p80 WD40 repeat-containing subunit B1 homolog	WD40 domain containing protein	42
A8BGV6	GL50803_90872	97.81	Phosphoglycerate kinase	Probable phosphoglycerate kinase	Pgk-1 protein	Probable phosphoglycerate kinase	Phosphoglycerate kinase	1693
A8BHC9	GL50803_2340	44.33	Uncharacterized protein	None	None	None	None	0
A8BHG3	GL50803_9478	81.31	Alpha mitochondrial protein peptidase like protein	Mitochondrial-processing peptidase subunit beta	Insulinase family protein	Protease	Insulinase family protein	331
A8BHD5	GL50803_16070	37.45	Uncharacterized protein	None	None	None	None	0
A8BHU4	GL50803_101339	61.38	peptidylprolyl isomerase	FK506-binding protein 1	Peptidyl-prolyl cis-trans isomerase	Peptidylprolyl isomerase	Peptidylprolyl isomerase	713
A8BHC4	GL50803_16067	61.86	Uncharacterized protein	Protein FAM92A	HDL407Wp	DCC-interacting protein 13-alpha	SH3 domain-containing protein	9
A8BHT0	GL50803_95880	76.29	Polymerase nucleotidyl transferase domain-containing protein	Terminal nucleotidyltransferase 4A	PAP-associated domain-containing protein	Terminal nucleotidyltransferase 4B	Polynucleotide adenylyltransferase	153
A8BHR6	GL50803_95895	64.95	ZipA	None	None	None	None	0
A8BI15	GL50803_7800	86.2	ATP adenylyltransferase	Diadenosine 5',5'''-P1,P4-tetraphosphate phosphorylase 2	ATP adenylyltransferase	ATP_transf domain-containing protein	ATP_transf domain-containing protein	217
A8BHR8	GL50803_3449	82.29	Kinase, NEK	Probable serine/threonine-protein kinase nek2	ANK2 protein	NIMA-related kinase 1	Protein kinase domain-containing protein	435
A8BHN4	GL50803_16184	34.63	Uncharacterized protein	None	None	None	None	0
A8BHP0	GL50803_7328	49.72	CFA20 domain-containing protein	Cilia- and flagella-associated protein 20	ADP-ribosylation factor 1-like 2	None	Cilia- and flagella-associated protein 20	1
A8BHQ3	GL50803_7323	79.23	Vacuolar protein sorting 24	Vacuolar protein sorting-associated protein 2 homolog 3	Charged multivesicular body protein 2B	Os10g0476400 protein	Methyl-accepting chemotaxis protein	14
A8BI31	GL50803_13852	70.26	Kinase, CAMK CAMK-Unique	Probable LRR receptor-like serine/threonine-protein kinase At1g07550	Protein kinase domain-containing protein	Probable LRR receptor-like serine/threonine-protein kinase At1g07550	Protein kinase domain-containing protein	472
A8BHF6	GL50803_9483	52.78	Uncharacterized protein	None	Ribonuclease H2 non-catalytic subunit (Ylr154p-like)	None	TAFII55_N domain-containing protein	5
A8BHR4	GL50803_13354	80.61	EF-hand domain-containing protein	Caltractin	Calmodulin	Probable calcium-binding protein CML18	Calmodulin	135
A8BHG0	GL50803_9480	85.93	Histone-like transcription factor	DNA polymerase epsilon subunit C	Histone-like transcription factor (CBF/NF-Y)	CBFD_NFYB_HMF domain-containing protein	CBFD_NFYB_HMF domain-containing protein	483
A8BI20	GL50803_14553	73.49	CCAAT-binding transcription factor subunit C	DNA polymerase epsilon subunit 4	Histone-like CCAAT-binding transcription factor subunit C/ CBF/NF-Y family protein	DNA polymerase epsilon subunit 4	CBFD_NFYB_HMF domain-containing protein	346
A8BI87	GL50803_5171	83.39	Ankyrin repeat protein 1	Ankyrin repeat domain-containing protein 16	Ankyrin repeat protein	Serine/threonine-protein phosphatase 6 regulatory ankyrin repeat subunit C	Ankyrin repeat protein 1	153
A8BHE4	GL50803_15956	82.07	WD-40 repeat protein	Cilia- and flagella-associated protein 52	cilia- and flagella-associated protein 52	Guanine nucleotide-binding protein subunit beta-like protein	WD_REPEATS_REGION domain-containing protein	84
A8BHW1	GL50803_16034	83.93	Kinase, CAMK CAMKL	Serine/threonine-protein kinase SIK1	Non-specific serine/threonine protein kinase	Non-specific serine/threonine protein kinase	Non-specific serine/threonine protein kinase	406
A8BHY6	GL50803_13832	80.14	D-aminoacyl-tRNA deacylase	D-aminoacyl-tRNA deacylase	D-aminoacyl-tRNA deacylase	D-aminoacyl-tRNA deacylase	D-aminoacyl-tRNA deacylase	1454
A8BHY9	GL50803_114852	82.72	High cysteine membrane protein VSP-like	Major surface-labeled trophozoite antigen 417	High cysteine membrane VSP-like protein	None	Variant-specific surface protein	73
A8BHM5	GL50803_114885	85.17	Kinesin-associated protein	Kinesin-associated protein 3	Kinesin associated protein 3	Kinesin-associated protein 3b	RING-type E3 ubiquitin transferase	101
A8BHN2	GL50803_1935	64.03	Zinc finger domain protein	E3 ubiquitin-protein ligase MIEL1	Zinc finger protein	Ring finger and CHY zinc finger domain-containing 1	RING-type domain-containing protein	66
A8BI78	GL50803_121045	73.08	Histone H2B	Histone H2B.2	Histone H2B	Histone H2B type 1-B	Histone H2B	443
A8BHG7	GL50803_9477	92.98	DNA replication complex GINS protein SLD5	DNA replication complex GINS protein sld5	DNA replication complex GINS protein SLD5	DNA replication complex GINS protein SLD5	DNA replication complex GINS protein SLD5	300
A8BHT5	GL50803_3920	63.42	Coiled-coil protein	None	Flagellar FliJ protein	None	Flagellar FliJ protein	4
A8BHE5	GL50803_24485	55.87	GYF domain-containing protein	None	GYF domain-containing protein	None	GYF domain-containing protein	5
A8BI74	GL50803_102978	86.45	N-acetylglucosaminyldiphosphodolichol N-acetylglucosaminyltransferase	UDP-N-acetylglucosamine transferase subunit ALG13 homolog	N-acetylglucosaminyldiphosphodolichol N-acetylglucosaminyltransferase	N-acetylglucosaminyldiphosphodolichol N-acetylglucosaminyltransferase	UDP-N-acetylglucosamine--N-acetylmuramyl-(pentapeptide) pyrophosphoryl-undecaprenol N-acetylglucosamine transferase	999
A8BHN6	GL50803_21628	70.42	Uncharacterized protein	Heterogeneous nuclear ribonucleoprotein M	RRM domain-containing protein	RNA-binding protein CP33 chloroplastic	RRM domain-containing protein	197
A8BHZ4	GL50803_31671	83.86	DNA-directed RNA polymerase II subunit RPB7	DNA-directed RNA polymerase II subunit RPB7	DNA-directed RNA polymerase II subunit RPB7	DNA-directed RNA polymerase II subunit RPB7	DNA-directed RNA polymerase	125
A8BHE7	GL50803_4577	80.86	NlpC/P60 domain-containing protein	Peptidoglycan endopeptidase RipA	NlpC/P60 domain-containing protein	NlpC/P60 domain-containing protein	NlpC/P60 domain-containing protein	68
A8BI13	GL50803_14551	95.17	Alpha-6 giardin	Giardin subunit alpha-6	Alpha-6 giardin	Annexin	Annexin	803
A8BI35	GL50803_13851	82.63	Leucine-rich repeat protein	Leucine-rich repeat-containing protein 61	Leucine rich repeat containing 61	Leucine-rich repeat-containing 61	LRRcap domain-containing protein	74
A8BHF9	GL50803_9481	62.97	MORN repeat-containing protein 5	MORN repeat-containing protein 5	MORN repeat-containing protein 5	MORN repeat-containing protein 5	MORN repeat-containing protein 5	70
A8BI36	GL50803_5158	60.34	Transcription factor TFIIS	Transcription elongation factor A protein 3	Transcription factor S-II-related protein	Transcription elongation factor A (SII), 3	TFIIS-type domain-containing protein	38
A8BHX1	GL50803_28699	79.4	Uncharacterized protein	Calcium load-activated calcium channel homolog	Integral membrane protein	Calcium load-activated calcium channel homolog	Calcium load-activated calcium channel	100
A8BHF4	GL50803_9485	41.85	KH domain-containing protein	Zinc finger CCCH domain-containing protein 36	Heterogeneous nuclear ribonucleoprotein K	Zinc finger CCCH domain-containing protein 44	KH domain-containing protein	22
A8BHQ5	GL50803_95898	77.13	ATP-dependent RNA helicase	ATP-dependent RNA helicase DBP8	XXYS1_4_G0002180.mRNA.1.CDS.1	ATP-dependent RNA helicase DBP8	RNA helicase	413
A8BHZ1	GL50803_16543	64.46	Chromosome segregation protein SMC	None	None	None	None	0
A8BHG9	GL50803_14960	71.14	Uncharacterized protein	None	None	None	None	0
A8BHQ9	GL50803_16906	90.61	phosphatidate cytidylyltransferase	Phosphatidate cytidylyltransferase 1	Phosphatidate cytidylyltransferase	Phosphatidate cytidylyltransferase	Phosphatidate cytidylyltransferase	986
A8BI72	GL50803_5180	73.51	Peptide-methionine (R)-S-oxide reductase	Peptide methionine sulfoxide reductase MsrB	Peptide methionine sulfoxide reductase MsrB	Peptide-methionine (R)-S-oxide reductase	Peptide-methionine (R)-S-oxide reductase	608
A8BI89	GL50803_16700	40.66	Uncharacterized protein	None	None	None	None	0
A8BI95	GL50803_5593	76.81	Ribosomal protein L11	60S ribosomal protein L11-A	Ribosomal protein L11	60S ribosomal protein L11	50S ribosomal protein L5	1095
A8BHD9	GL50803_4571	49.44	Uncharacterized protein	Molybdenum import ATP-binding protein ModC	GTPase subunit of restriction endonuclease	DNA repair protein brc-2	40S ribosomal protein S28	25
A8BHD0	GL50803_2341	51.75	Uncharacterized protein	None	DNA repair protein SWI5 homolog	DUF1337 domain-containing protein	DNA repair protein SWI5 homolog	8
A8BHS7	GL50803_14256	71.86	Histone H2A	Histone H2A	Histone H2A	Probable histone H2A.6	Histone H2A	1007
A8BI27	GL50803_5164	89.43	Sugar-proton symporter	Arabinose-proton symporter	MFS transporter	Unplaced genomic scaffold supercont1.3, whole genome shotgun sequence	MFS transporter	333
A8BHD1	GL50803_2342	41.67	Uncharacterized protein	None	None	None	None	0
A8BI09	GL50803_7797	95.17	Alpha-5 giardin	Giardin subunit alpha-5	Giardin subunit alpha-5	Annexin	Annexin	822
A8BI18	GL50803_7807	74.87	WD-40 repeat protein	Guanine nucleotide-binding protein subunit beta	WD40 repeat domain-containing protein	WD repeat-containing protein 61	WD40 repeat domain-containing protein	43
A8BIA6	GL50803_23694	63.22	Uncharacterized protein	Ubiquitin carboxyl-terminal hydrolase 43	Ubiquitin carboxyl-terminal hydrolase	Ubiquitin specific protease 43 (Predicted)	Ubiquitin carboxyl-terminal hydrolase	312
A8BHG1	GL50803_14961	71.96	Vacuolar ATP synthase subunit H	V-type proton ATPase subunit H	Vacuolar ATP synthase subunit H	V-type proton ATPase subunit H	V-type proton ATPase subunit H	77
A8BI43	GL50803_33022	88.43	Exosome complex exonuclease RRP4	Exosome complex component rrp4	Exosome complex exonuclease RRP4	Ribosomal RNA-processing protein 4	Polyribonucleotide nucleotidyltransferase	731
A8BI30	GL50803_5161	89.72	Qb-SNARE 3	Golgi SNAP receptor complex member 2	Sec20-domain-containing	Golgi SNAP receptor complex member 1	t-SNARE coiled-coil homology domain-containing protein	29
A8BHU7	GL50803_16900	67.86	Collagen alpha 1 chain	Polyadenylation factor subunit 2	WD repeat-containing protein 33, variant 2	Guanine nucleotide-binding protein subunit beta-like protein	WD_REPEATS_REGION domain-containing protein	116
A8BI67	GL50803_92673	80.74	CHL1-like protein	ATP-dependent DNA helicase CHL1	ATP-dependent DNA helicase CHL1	ATP-dependent DNA helicase CHL1	DNA helicase	186
A8BI14	GL50803_7799	95.21	Alpha-4 giardin	Giardin subunit alpha-4	Alpha-6 giardin	Annexin	Annexin	774
A8BI42	GL50803_33023	49.47	Uncharacterized protein	None	None	None	None	0
A8BHM2	GL50803_16988	88.82	Kinase, NEK	Probable serine/threonine-protein kinase nek2	Other NEK kinase	Probable serine/threonine-protein kinase nek2	Protein kinase domain-containing protein	480
A8BHE1	GL50803_27141	31.24	Uncharacterized protein	None	None	None	None	0
A8BIE7	GL50803_11207	74.42	Ankyrin repeat protein 1	GA-binding protein subunit beta-2	Ankyrin_rpt-contain_dom domain-containing protein	ANK_REP_REGION domain-containing protein	Ankyrin_rpt-contain_dom domain-containing protein	17
A8BIA8	GL50803_9219	85.62	Ubiquitin-like domain-containing protein	BAG family molecular chaperone regulator 2	Ubiquitin-like domain-containing protein	Ubiquitin-like protein	Ubiquitin-like domain-containing protein	331
A8BIC5	GL50803_92618	90.73	Nicotinamide-nucleotide adenylyltransferase	Probable nicotinate-nucleotide adenylyltransferase	Nicotinamide-nucleotide adenylyltransferase	Nicotinamide/nicotinic acid mononucleotide adenylyltransferase	Probable nicotinate-nucleotide adenylyltransferase	605
A8BIC9	GL50803_17203	71.75	SacB	Exopolysaccharide phosphotransferase SCO6023	SacB	UDP-glucose-4-epimerase	2-C-methyl-D-erythritol 4-phosphate cytidylyltransferase	81
A8BJ07	GL50803_14361	39.04	Uncharacterized protein	None	None	None	None	0
A8BJ01	GL50803_7114	45.91	Uncharacterized protein	None	None	None	None	0
A8BII2	GL50803_1995	93.22	Proteasome subunit beta	Proteasome subunit beta type-4	Myb_DNA-bind_3 domain-containing protein	Proteasome subunit beta	Proteasome subunit beta	627
A8BIF5	GL50803_17200	41.37	Uncharacterized protein	None	C2 domain-containing protein	None	C2 domain-containing protein	3
A8BJ08	GL50803_7110	86.66	Ubiquitin	Ubiquitin	Ubiquitin 40s ribosomal S27a fusion	Ubiquitin2	Ubiquitin-like domain-containing protein	315
A8BIZ4	GL50803_14364	69.21	Kinase, CAMK CAMKL	Carbon catabolite-derepressing protein kinase	Protein kinase domain-containing protein	Non-specific serine/threonine protein kinase	Non-specific serine/threonine protein kinase	481
A8BIK9	GL50803_3256	74.84	EH domain binding protein epsin 2	Epsin-3	Predicted protein	Telomere length regulation protein TEL2 homolog	ENTH domain-containing protein	12
A8BIY4	GL50803_16552	90	Phosphomevalonate kinase	Phosphomevalonate kinase	Phosphomevalonate kinase	Phosphomevalonate kinase	Mevalonate kinase	319
A8BIN9	GL50803_5822	47.26	C2H2-type domain-containing protein	None	None	None	None	0
A8BIV0	GL50803_24471	32.14	Uncharacterized protein	None	None	None	None	0
A8BJ09	GL50803_14360	85.42	Tenascin-X	Amphiregulin	Tenascin-X	Amphiregulin	Amphiregulin	15
A8BJ04	GL50803_14362	68.35	Uncharacterized protein	None	Receptor kinase	None	Receptor kinase	1
A8BIJ7	GL50803_13945	33.46	Serine/threonine protein kinase	None	None	None	None	0
A8BIJ3	GL50803_21485	33.68	C2H2-type domain-containing protein	Chromosome alignment-maintaining phosphoprotein 1	Chromosome alignment maintaining phosphoprotein 1	Chromosome alignment-maintaining phosphoprotein 1	Chromosome alignment-maintaining phosphoprotein 1	3
A8BIW3	GL50803_7728	88.12	Ankyrin repeat protein 1	Ankyrin-3	Protein 21.1	Ankyrin 1, erythrocytic b	Ankyrin_rpt-contain_dom domain-containing protein	106
A8BIT6	GL50803_24400	77.43	Kinase, NEK	Probable serine/threonine-protein kinase nek2	Kinase, NEK	Probable serine/threonine-protein kinase nek2	Protein kinase domain-containing protein	579
A8BIH6	GL50803_15377	61.35	Metallocarboxypeptidase, M14 family protein	None	ATP/GTP binding protein-like 1	LP17541p	ATP/GTP binding protein-like 1	1
A8BIH0	GL50803_11220	80.36	Qa-SNARE 4	Syntaxin-18	Syntaxin-18	Syntaxin-18	t-SNARE coiled-coil homology domain-containing protein	25
A8BIF9	GL50803_17199	80.75	Sun/nucleolar protein family protein	Multisite-specific tRNA:(cytosine-C(5))-methyltransferase trm4b	tRNA (cytosine(34)-C(5))-methyltransferase	tRNA (cytosine(34)-C(5))-methyltransferase	SAM_MT_RSMB_NOP domain-containing protein	297
A8BIK7	GL50803_3255	70.47	Chromosome segregation ATPase	Coiled-coil domain-containing protein CG32809	Flagellar FliJ protein	Coiled-coil domain-containing protein CG32809	Flagellar FliJ protein	75
A8BIZ7	GL50803_16549	70.15	Uridine kinase	Uridine kinase	Nucleoside kinase	Uridine kinase	Threonine--tRNA ligase	617
A8BIY8	GL50803_86761	58.54	LEK1	None	Chromosome partition protein Smc	None	Methyl-accepting chemotaxis protein	32
A8BIF0	GL50803_92645	88.28	5' nucleotidase family protein	Secreted protein ARB_01864	5' nucleotidase family protein	Metallophos domain-containing protein	Bifunctional metallophosphatase/5'-nucleotidase	138
A8BIJ0	GL50803_13942	38.46	Uncharacterized protein	None	None	None	None	0
A8BIY6	GL50803_16553	88.45	EVE domain-containing protein	Thymocyte nuclear protein 1	EVE domain-containing protein	At2g14660	EVE domain-containing protein	424
A8BIB0	GL50803_14905	82.25	Nuclear LIM interactor-interacting factor 1	Carboxy-terminal domain RNA polymerase II polypeptide A small phosphatase 2	Protein-serine/threonine phosphatase	Carboxy-terminal domain RNA polymerase II polypeptide A small phosphatase 2	FCP1 homology domain-containing protein	370
A8BID9	GL50803_11201	71.84	Uncharacterized protein	Poly(U)-binding-splicing factor rnp-6	RNA binding motif protein 19	Poly(U)-binding-splicing factor rnp-6	RRM domain-containing protein	351
A8BIM3	GL50803_7231	86.38	CCAAT-binding transcription factor subunit A	Nuclear transcription factor Y subunit B-3	Histone-fold-containing protein	NF-YB-like protein	CBFD_NFYB_HMF domain-containing protein	493
A8BIE5	GL50803_11204	71.86	Plant adhesion molecule 1	TBC1 domain family member whacked	Growth hormone-regulated TBC protein 1	LD45246p	Rab-GAP TBC domain-containing protein	464
A8BIV6	GL50803_8026	67.83	Cleavage and polyadenylation specificity factor, 73 kDa subunit	Integrator complex subunit 11	Cleavage and polyadenylation specificity factor, 73 kDa subunit	Integrator complex subunit 11	MBL fold metallo-hydrolase	244
A8BIB8	GL50803_23699	31.38	Uncharacterized protein	None	None	None	None	0
A8BII9	GL50803_13941	91.21	histidinol-phosphatase	Probable histidinol-phosphatase	Histidinol-phosphatase	Histidinol-phosphatase	Histidinol-phosphatase	852
A8BIE9	GL50803_11209	63.16	Cathepsin L	Procathepsin L	Cathepsin L	Cathepsin S, ortholog 1	Pept_C1 domain-containing protein	212
A8BIU1	GL50803_6564	92.65	Proliferating cell nuclear antigen	Proliferating cell nuclear antigen	Proliferating cell nuclear antigen	Proliferating cell nuclear antigen	Proliferating cell nuclear antigen	338
A8BIW8	GL50803_16194	61.18	Chromosome segregation protein SMC	None	None	None	None	0
A8BIF2	GL50803_93938	97.74	Triosephosphate isomerase	Triosephosphate isomerase	Triosephosphate isomerase	Triosephosphate isomerase	Triosephosphate isomerase	1520
A8BIM9	GL50803_7236	83	Reduced folate carrier	Thiamine transporter 2	Transporter, major facilitator family protein	Major facilitator superfamily protein	MFS domain-containing protein	333
A8BIY9	GL50803_16550	33.99	Uncharacterized protein	None	None	None	None	0
A8BIN6	GL50803_5823	74.01	Uncharacterized protein	Interferon-stimulated 20 kDa exonuclease-like 2	Exonuclease domain-containing protein	Interferon-stimulated 20 kDa exonuclease-like 2	RNA exonuclease 4	602
A8BIQ0	GL50803_16322	84.55	Neurogenic locus Notch protein	None	Tenascin family protein	None	SEA domain-containing protein	6
A8BIN3	GL50803_32676	60	Ankyrin repeat protein 1	Cortactin-binding protein 2	F-box domain-containing protein	ANK_REP_REGION domain-containing protein	Ankyrin_rpt-contain_dom domain-containing protein	15
A8BIQ2	GL50803_137690	63.68	ATP-dependent RNA helicase	ATP-dependent RNA helicase DBP6	ATP-dependent RNA helicase	ATP-dependent RNA helicase DBP6	RNA helicase	477
A8BIJ2	GL50803_13943	92.76	Eukaryotic translation initiation factor 2 alpha subunit	Eukaryotic translation initiation factor 2 subunit alpha	Eukaryotic translation initiation factor 2 subunit alpha	Unplaced genomic scaffold supercont1.6, whole genome shotgun sequence	Polyribonucleotide nucleotidyltransferase	720
A8BIE4	GL50803_15368	84.08	Katanin p60 ATPase-containing subunit A1	Katanin p60 ATPase-containing subunit A-like 1	Katanin p60 ATPase-containing subunit A1	Katanin p60 ATPase-containing subunit A1	AAA domain-containing protein	391
A8BII4	GL50803_17195	78.62	NECAP PHear domain-containing protein	Adaptin ear-binding coat-associated protein 1	DUF1681 domain-containing protein	Adaptin ear-binding coat-associated protein 2	DUF1681 domain-containing protein	246
A8BIM8	GL50803_7234	45.98	Uncharacterized protein	None	None	None	None	0
A8BIC4	GL50803_17205	84.9	5' nucleotidase family protein	Secreted protein ARB_01864	5' nucleotidase family protein	Metallophos domain-containing protein	Bifunctional metallophosphatase/5'-nucleotidase	130
A8BIM7	GL50803_7233	41.21	Uncharacterized protein	None	None	None	None	0
A8BIN4	GL50803_7046	46.5	Uncharacterized protein	None	None	None	None	0
A8BIQ4	GL50803_114773	56.92	Cysteine protease	Probable cysteine protease RDL4	Cathepsin L	Probable cysteine protease RDL4	Pept_C1 domain-containing protein	194
A8BIV5	GL50803_8025	71.18	Nuclear ATP/GTP-binding protein	Cytosolic carboxypeptidase-like protein 5	ATP/GTP-binding protein-like 5	Cytosolic carboxypeptidase-like protein 5	ATP/GTP-binding protein-like 5	14
A8BIB6	GL50803_9213	61.63	Programmed cell death protein 2 C-terminal domain-containing protein	Programmed cell death protein 2-like	Programmed cell death 2 like	Pcdc2 (Programmed cell death protein 2)-related	PDCD2_C domain-containing protein	102
A8BJ56	GL50803_8816	36.83	Uncharacterized protein	None	LamGL domain-containing protein	Fels-1 prophage protein	DUF3168 domain-containing protein	40
A8BJK0	GL50803_10775	84.48	DNA-directed DNA polymerase	DNA polymerase delta subunit 2	DNA-directed DNA polymerase	DNA polymerase delta small subunit	DNA polymerase II small subunit	234
A8BJN4	GL50803_1376	89.94	Mge1	Protein GrpE	GrpE protein homolog	GrpE protein homolog 1, mitochondrial	Protein GrpE	1352
A8BJE5	GL50803_3209	93.91	Proteasome subunit beta	Proteasome subunit beta type-2-A	20S proteasome beta 4 subunit	Proteasome subunit beta	Proteasome subunit beta	622
A8BJJ7	GL50803_29307	89.09	UTP--glucose-1-phosphate uridylyltransferase	UTP--glucose-1-phosphate uridylyltransferase	UTP--glucose-1-phosphate uridylyltransferase	UTP--glucose-1-phosphate uridylyltransferase	UTP--glucose-1-phosphate uridylyltransferase	426
A8BJJ6	GL50803_10773	52.18	Uncharacterized protein	None	Methyl-accepting transducer domain-containing protein	None	Methyl-accepting transducer domain-containing protein	4
A8BJ58	GL50803_17112	79.08	U3 small nucleolar ribonucleoprotein IMP4	Ribosome production factor 1	Ribosome production factor 1 homolog	AT4g01560/F11O4_6	Brix domain-containing protein	352
A8BJB5	GL50803_13239	34.37	Dynein heavy chain and region D6 of dynein motor containing protein	None	None	None	None	0
A8BJE9	GL50803_13288	63.35	Uncharacterized protein	None	None	None	None	0
A8BJ28	GL50803_14783	82.74	High cysteine membrane protein	Major surface-labeled trophozoite antigen 417	VSP	Furin	Variant-specific surface protein	233
A8BJ64	GL50803_17111	45.73	Uncharacterized protein	DNA-directed RNA polymerase subunit L	Peptidase_S8 domain-containing protein	None	AntA domain-containing protein	9
A8BJI8	GL50803_10762	51.32	Uncharacterized protein	None	Peptidase_M23 domain-containing protein	None	Peptidase_M23 domain-containing protein	1
A8BJ93	GL50803_102051	81.53	Amino acid transporter family	Sodium-coupled neutral amino acid transporter 1	sodium-coupled neutral amino acid transporter 2 isoform X1	Sodium-coupled neutral amino acid transporter 1	Aa_trans domain-containing protein	146
A8BJH4	GL50803_16569	76.27	Transcriptional regulator, Sir2 family	NAD-dependent deacetylase sir2E	Transcriptional regulator, Sir2 family	NAD-dependent deacetylase sir2E	Deacetylase sirtuin-type domain-containing protein	237
A8BJH3	GL50803_16570	46.9	Serine/threonine-protein phosphatase	Serine/threonine-protein phosphatase PP-X homolog 2	Serine/threonine-protein phosphatase	Serine/threonine-protein phosphatase	Serine/threonine-protein phosphatase	180
A8BJ80	GL50803_27852	68.55	Uncharacterized protein	None	None	None	None	0
A8BJ61	GL50803_1656	71.08	Kinase, STE STE11	MAP3K epsilon protein kinase 1	Protein kinase domain-containing protein	MAP3K epsilon protein kinase 1	Protein kinase domain-containing protein	357
A8BJ69	GL50803_22338	74.23	mRNA (guanine-N(7))-methyltransferase	mRNA cap guanine-N7 methyltransferase	mRNA (guanine-N(7)-)-methyltransferase	mRNA cap guanine-N7 methyltransferase	mRNA (guanine-N(7)-)-methyltransferase	332
A8BJM0	GL50803_114042	84.64	High cysteine membrane protein Group 4	None	Variant-specific surface protein	None	Variant-specific surface protein	95
A8BJN2	GL50803_3417	84.22	Preimplantation protein 3	MOB-like protein phocein	Mob1/phocein family protein	Bm11204	Mob1/phocein	48
A8BJI1	GL50803_10756	90.57	Membrane protein	Solute carrier family 35 member F1	Solute carrier family 35 member F1	Os05g0444300 protein	TPT domain-containing protein	143
A8BJB0	GL50803_17102	92.45	Proteasome activator pa28 beta subunit	Proteasome activator complex subunit 2	Proteasome activator pa28 beta subunit	Proteasome activator pa28 beta subunit family pro tein	DUF2959 domain-containing protein	28
A8BJH7	GL50803_29304	80.9	Cathepsin B	Cathepsin B-like CP2	Cathepsin B	Pept_C1 domain-containing protein	Pept_C1 domain-containing protein	298
A8BJM2	GL50803_114044	64.87	Uncharacterized protein	29 kDa ribonucleoprotein A, chloroplastic	Splicing factor, arginine/serine-rich 1	Splicing factor, arginine/serine-rich 1	RRM domain-containing protein	254
A8BJ20	GL50803_2366	75.39	Uncharacterized protein	WD repeat-containing protein 31	WD40 repeat-like protein	Si:ch73-266o15.4	WD_REPEATS_REGION domain-containing protein	78
A8BJ70	GL50803_2906	58.51	IQ calmodulin-binding motif-containing protein	None	None	None	None	0
A8BJ84	GL50803_6423	63.13	Uncharacterized protein	None	Methyl-accepting chemotaxis protein	None	Chemotaxis protein	6
A8BJI4	GL50803_10760	37.47	Uncharacterized protein	None	None	None	None	0
A8BJN3	GL50803_91911	91.34	eIF-2B GDP-GTP exchange factor subunit alpha	Translation initiation factor eIF-2B subunit alpha	Translation initiation factor eIF-2B subunit alpha	Translation initiation factor eIF-2B subunit alpha	Methylthioribose-1-phosphate isomerase	468
A8BJ39	GL50803_8827	67.5	Protein required for cell viability, possible role in assembly of the ribosome	Pre-rRNA-processing protein IPI3	DEKNAAC105637	Protein ROOT INITIATION DEFECTIVE 3	F-box domain-containing protein	94
A8BJN0	GL50803_101943	91.38	GINS complex protein	Probable DNA replication complex GINS protein PSF2	Sld5 domain-containing protein	Probable DNA replication complex GINS protein PSF2	DNA replication complex GINS protein PSF2	273
A8BJ82	GL50803_17106	90.55	26S protease regulatory subunit 8	26S proteasome regulatory subunit 8	AAA domain-containing protein	Proteasome (Prosome, macropain) 26S subunit, ATPase, 5	AAA domain-containing protein	406
A8BJF7	GL50803_16774	58.48	Trichohyalin	None	Jnk-SapK_ap_N domain-containing protein	None	Jnk-SapK_ap_N domain-containing protein	1
A8BJ49	GL50803_8821	65.61	Uncharacterized protein	Cytoskeleton-associated protein 2	Molecular chaperone DnaJ	BUB1 N-terminal domain-containing protein	Tetratricopeptide repeat protein	27
A8BJ98	GL50803_17104	69.26	EF-hand domain-containing protein	EF-hand calcium-binding domain-containing protein 9	EF-hand domain-containing protein	EF-hand calcium-binding domain-containing protein 9	EF-hand domain-containing protein	106
A8BJ21	GL50803_104031	81.36	Glycogen [starch] synthase	Glycogen [starch] synthase, liver	Glycogen [starch] synthase	Glycogen [starch] synthase	Glycogen [starch] synthase	321
A8BJ86	GL50803_6422	63.85	KOW domain-containing protein	Endonuclease MutS2	Transcription elongation factor SPT5	Tudor/PWWP/MBT superfamily protein	Endonuclease MutS2	5
A8BJ52	GL50803_8819	76.26	Cia2	MIP18 family protein galla-2	FeS_assembly_P domain-containing protein	FeS_assembly_P domain-containing protein	FeS_assembly_P domain-containing protein	299
A8BJA4	GL50803_17103	86.31	Origin recognition complex subunit 1	Origin recognition complex subunit 1	Origin recognition complex subunit 1	Origin recognition complex subunit 1	AAA domain-containing protein	208
A8BJ60	GL50803_1657	77.25	Translation initiation factor	Protein translation factor SUI1 homolog 2	Translation initiation factor	Os04g0627900 protein	SUI1 domain-containing protein	311
A8BJM8	GL50803_3419	87.4	Coiled-coil domain-containing protein 153	None	Coiled-coil domain-containing protein 153	Coiled-coil domain-containing protein 153	Coiled-coil domain-containing protein 153	17
A8BJ13	GL50803_7103	82.99	Kinase, NEK	Probable serine/threonine-protein kinase nek2	Protein kinase domain-containing protein	Probable serine/threonine-protein kinase nek2	Protein kinase domain-containing protein	487
A8BJ76	GL50803_14200	66.52	Molybdenum cofactor sulfurase	Molybdenum cofactor sulfurase	Aminotran_5 domain-containing protein	Molybdenum cofactor sulfurase	Molybdenum cofactor sulfurase	212
A8BJM1	GL50803_114043	29.49	Uncharacterized protein	None	None	None	None	0
A8BJM7	GL50803_3421	30.11	Uncharacterized protein	None	None	None	None	0
A8BJL2	GL50803_15284	68.49	Phosphate-starvation-inducible E	None	Phosphate-starvation-inducible E-like protein	None	Phosphate-starvation-inducible E-like protein	6
A8BJG6	GL50803_13143	66.57	Uncharacterized protein	None	None	None	None	0
A8BJG3	GL50803_2825	90.25	Ribonucloprotein	13 kDa ribonucleoprotein-associated protein	Nuclear pore complex protein	Ribonucloprotein	40S ribosomal protein S12	222
A8BJF0	GL50803_3211	69.21	Transposase Tc1-like domain-containing protein	Paired box protein Pax-5	DDE superfamily endonuclease domain-containing protein	Paired domain-containing protein	HTH_Tnp_Tc3_2 domain-containing protein	201
A8BJ43	GL50803_37711	76.1	Uncharacterized protein	Taste receptor type 2 member 3	G_PROTEIN_RECEP_F1_2 domain-containing protein	G_PROTEIN_RECEP_F1_2 domain-containing protein	G_PROTEIN_RECEP_F1_2 domain-containing protein	253
A8BJH8	GL50803_10755	74.75	Splicing factor 3A subunit 2	Splicing factor 3A subunit 2	Splicing factor 3A subunit 2	Matrin-type domain-containing protein	Matrin-type domain-containing protein	128
A8BJ23	GL50803_1903	95.19	DNA methyltransferase	Methyltransferase N6AMT1	MTS domain-containing protein	Bm2532	Release factor glutamine methyltransferase	287
A8BJF5	GL50803_2486	77.75	Cytosine deaminase	tRNA-specific adenosine deaminase 2	CMP/dCMP-type deaminase domain-containing protein	tRNA-specific adenosine deaminase 2	tRNA-specific adenosine deaminase	742
A8BJ79	GL50803_6427	89.3	Major facilitator family transporter	Probable hexose phosphate transport protein	MFS domain-containing protein	Probable major facilitator superfamily (MFS) transporter	MFS transporter	328
A8BJG5	GL50803_2824	30.77	Uncharacterized protein	None	None	None	None	0
A8BJ46	GL50803_8822	86.13	phosphoglycerate mutase (2,3-diphosphoglycerate-independent)	Probable 2,3-bisphosphoglycerate-independent phosphoglycerate mutase	Phosphoglycerate mutase (2,3-diphosphoglycerate-independent)	Phosphoglycerate mutase (2,3-diphosphoglycerate-independent)	2,3-bisphosphoglycerate-independent phosphoglycerate mutase	744
A8BJR8	GL50803_3762	60.21	Ankyrin repeat protein 1	KN motif and ankyrin repeat domain-containing protein 2	Ankyrin_rpt-contain_dom domain-containing protein	S-acyltransferase	Ankyrin_rpt-contain_dom domain-containing protein	49
A8BJP8	GL50803_17000	95.59	Peptidyl-prolyl cis-trans isomerase	Peptidyl-prolyl cis-trans isomerase B1	Peptidyl-prolyl cis-trans isomerase	Peptidyl-prolyl cis-trans isomerase	Peptidyl-prolyl cis-trans isomerase	841
A8BK39	GL50803_17273	72.49	Uncharacterized protein	None	UPF0202 protein	AT21585p	DUF4804 domain-containing protein	15
A8BJQ4	GL50803_31998	63.91	Nuclear pore protein	None	Nuclear pore protein	None	Nuclear pore protein	6
A8BK91	GL50803_37578	53.33	Uncharacterized protein	None	None	None	None	0
A8BJP4	GL50803_16998	68.72	Uncharacterized protein	None	Coiled-coil domain containing 151	None	Coiled-coil domain containing 151	1
A8BKB3	GL50803_10182	50.22	Uncharacterized protein	Mitochondrial import inner membrane translocase subunit Tim17-B	Transmembrane protein	Mitochondrial import inner membrane translocase subunit Tim17-B	Mitochondrial import inner membrane translocase subunit TIM22	29
A8BJV1	GL50803_8883	64.1	Spindle pole protein	None	None	None	None	0
A8BK58	GL50803_15247	81.38	Glucose regulated protein 94 / Heat shock protein 90	Heat shock cognate 90 kDa protein	Grp94/Hsp90	Heat shock cognate 90 kDa protein	Chaperone protein HtpG	420
A8BJU4	GL50803_15244	82.84	Rhomboid family protein	Rhomboid-like protein 20	Transmembrane domain-containing protein	Rhomboid-like protein 20	Rhomboid domain-containing protein	237
A8BKF1	GL50803_17337	59.97	Ribosomal protein P1B	60S acidic ribosomal protein P1-alpha 5	LSU ribosomal protein L12AE/P1B	Ribosomal protein P1B	60S acidic ribosomal protein P1	64
A8BK67	GL50803_33513	57.08	Uncharacterized protein	None	Cilia- and flagella-associated protein 157	None	Cilia- and flagella-associated protein 157	1
A8BK53	GL50803_10572	38.83	Uncharacterized protein	None	None	None	None	0
A8BJQ6	GL50803_2155	74.91	Ankyrin repeat protein	NAD-capped RNA hydrolase NUDT12	Ankyrin repeat domain-containing protein	NAD-capped RNA hydrolase NUDT12	Ankyrin_rpt-contain_dom domain-containing protein	116
A8BKA8	GL50803_87261	40.01	Uncharacterized protein	None	None	None	None	0
A8BK65	GL50803_23439	88.88	TM2 domain-containing protein	DnaJ homolog subfamily C member 22	MMPL family transporter	TM2 domain-containing protein	TM2 domain-containing protein	429
A8BK43	GL50803_10568	57.05	U3-containing 90S pre-ribosomal complex subunit	Protein CMSS1	MFS domain-containing protein	Unplaced genomic scaffold supercont1.5, whole genome shotgun sequence	ATP-dependent RNA helicase DDX1	6
A8BK23	GL50803_7829	65.71	Coiled-coil protein	None	AAA family ATPase	None	AAA family ATPase	1
A8BJQ0	GL50803_2605	40.22	Uncharacterized protein	ADP-ribosylation factor GTPase-activating protein AGD3	Hemolysin	ADP-ribosylation factor GTPase-activating protein AGD4	zf-RING_7 domain-containing protein	20
A8BK32	GL50803_87208	84.36	tRNA pseudouridine(55) synthase	tRNA pseudouridine synthase Pus10	tRNA pseudouridine(55) synthase	tRNA pseudouridine(55) synthase	tRNA pseudouridine(55) synthase	593
A8BJT5	GL50803_5374	90.6	Tubulin specific chaperone B	Tubulin-folding cofactor B	Tubulin specific chaperone B	Os04g0692100 protein	CAP-Gly domain-containing protein	266
A8BJN8	GL50803_3590	39.01	Uncharacterized protein	None	L domain-like protein	None	L domain-like protein	1
A8BK98	GL50803_10192	79.19	Uncharacterized protein	Eukaryotic translation initiation factor 4E-4	Type I restriction enzyme R Protein	Eukaryotic translation initiation factor 4E-4	Lrp/AsnC family transcriptional regulator	23
A8BKA3	GL50803_10190	60.84	protein-serine/threonine phosphatase	RNA polymerase II subunit A C-terminal domain phosphatase	Protein-serine/threonine phosphatase	RNA polymerase II subunit A C-terminal domain phosphatase	FCP1 homology domain-containing protein	377
A8BK61	GL50803_10577	88.15	Nop domain-containing protein	Nucleolar protein 56	Nop domain-containing protein	Nop domain-containing protein	Nop domain-containing protein	353
A8BK59	GL50803_15248	89.43	Rab-GTPase-TBC domain-containing protein	Cell division control protein 16	Rab-GAP TBC domain-containing protein	Cell division control protein 16	Rab-GAP TBC domain-containing protein	449
A8BJW5	GL50803_8890	45.24	Uncharacterized protein	None	DUF1565 domain-containing protein	None	DUF1565 domain-containing protein	1
A8BJW1	GL50803_14797	83.48	Uncharacterized protein	Calmodulin-like protein 4	calmodulin-like protein 4 isoform X1	Calmodulin-like protein 4	Calmodulin	178
A8BKD1	GL50803_17333	74.3	Kinesin-like protein	Kinesin-like protein KIF13B	Kinesin-like protein	Unplaced genomic scaffold supercont1.6, whole genome shotgun sequence	Kinesin-like protein	311
A8BKC6	GL50803_4652	69.34	Ribosomal protein S16	40S ribosomal protein S16-A	SSU ribosomal protein S9P/S16	40S ribosomal protein S16-A	30S ribosomal protein S9	1029
A8BK46	GL50803_10569	55.65	KRI1-like family protein	None	None	None	None	0
A8BKD8	GL50803_17334	45.37	Uncharacterized protein	None	None	None	None	0
A8BK16	GL50803_13720	52.08	Chromosome segregation protein SMC	None	WG repeat-containing protein	None	WG repeat-containing protein	1
A8BK86	GL50803_10196	45.37	RRM domain-containing protein	RNA-binding protein 4.1	RRM domain-containing protein	RNA-binding protein 4.1	RRM domain-containing protein	276
A8BJX2	GL50803_86934	91.6	Kinase, NEK	Cytokinesis protein sepH	Protein kinase domain-containing protein	LD04361p	Protein kinase domain-containing protein	507
A8BKB9	GL50803_15139	46.54	Uncharacterized protein	None	PSCyt1 domain-containing protein	None	PSCyt1 domain-containing protein	1
A8BKB6	GL50803_10181	60.4	Uncharacterized protein	Exportin-6-A	Phosphorylase B kinase gamma catalytic chain	Os05g0592500 protein	GBD/FH3 domain-containing protein	4
A8BJV9	GL50803_8886	84.77	Kinesin-like protein	Kinesin-like protein KIFC3	Kinesin-like protein	Kinesin-like protein KIFC3	Kinesin-like protein	465
A8BJX8	GL50803_102575	83.41	Lipid-binding serum glycoprotein C-terminal domain-containing protein	BPI fold-containing family C protein	BPI domain containing protein	BPI fold-containing family C protein	Bactericidal permeability-increasing protein	112
A8BJW7	GL50803_8892	67.79	U3 small nucleolar RNA-associated protein 6	U3 small nucleolar RNA-associated protein 6 homolog	U3 small nucleolar RNA-associated protein 6-domain-containing protein	Bm9476	Tetratricopeptide repeat protein	257
A8BKE6	GL50803_3993	76.15	Polyadenylate-binding protein	Nuclear localization sequence-binding protein	Unplaced genomic scaffold scaffold_219, whole genome shotgun sequence	Nuclear localization sequence-binding protein	RRM domain-containing protein	420
A8BK27	GL50803_7825	53.74	Uncharacterized protein	Katanin p60 ATPase-containing subunit A1	Katanin p60 ATPase-containing subunit A1	Katanin p60 ATPase-containing subunit A1	MIT domain-containing protein	128
A8BJT1	GL50803_5375	83.81	Kinase, NEK	Probable serine/threonine-protein kinase nek2	Kinase-like protein	LD04361p	Non-specific serine/threonine protein kinase	323
A8BJV0	GL50803_28657	86.22	Tetratricopeptide repeat-containing protein	Translocon at the outer membrane of chloroplasts 64	Tetratricopeptide repeat protein	Protein unc-45 homolog B	Tetratricopeptide repeat protein	173
A8BK56	GL50803_10573	78.85	Ankyrin repeat protein 1	Ankyrin repeat domain-containing protein 6	ELKS	Ankyrin repeat domain-containing protein 6	Ankyrin_rpt-contain_dom domain-containing protein	69
A8BJW0	GL50803_14796	46.07	RING-type domain-containing protein	None	J domain-containing protein	None	Peptidase_M23 domain-containing protein	4
A8BK77	GL50803_17326	86.08	Na+ driven multidrug efflux pump	Probable multidrug resistance protein NorM	Multi antimicrobial extrusion protein (Na(+)/drug antiporter), MATE family of MDR efflux pumps	MATE efflux family protein	Protein DETOXIFICATION	217
A8BJR2	GL50803_17005	49.55	Protein 21.6	None	None	None	None	0
A8BK79	GL50803_17327	85.75	Xaa-Pro dipeptidase	Xaa-Pro dipeptidase	PEPD dipeptidase	AMP_N domain-containing protein	Aminopeptidase P family protein	227
A8BK73	GL50803_17325	69.6	Pumilio-family RNA-binding protein	mRNA-binding protein PUF2	PUM-HD domain-containing protein	Pumilio homolog 12	PUM-HD domain-containing protein	34
A8BK50	GL50803_10570	76.71	peptidylprolyl isomerase	Peptidyl-prolyl cis-trans isomerase FKBP15-3	Peptidylprolyl isomerase	Peptidyl-prolyl cis-trans isomerase FKBP15-3	Peptidylprolyl isomerase	708
A8BK85	GL50803_17329	60.15	RING-type zinc-finger domain-containing protein	None	Transcription elongation factor SPT5	RING-type domain-containing protein	Transcription elongation factor SPT5	2
A8BKC8	GL50803_4653	86.3	Serpin 1	Alpha-1-antichymotrypsin	SERPIN domain-containing protein	Serpin 43Aa	SERPIN domain-containing protein	340
A8BK10	GL50803_117436	82	Ankyrin repeat protein 1	Ankyrin repeat family A protein 2	Ankyrin repeat protein 1	Ankyrin repeat, family A (RFXANK-like), 2	Ankyrin repeat protein 1	237
A8BJN9	GL50803_3589	83.24	Ribosome biogenesis protein Brix	Ribosome biogenesis protein brx1	Brix-domain-containing protein	Ribosome biogenesis protein brx1	Brix domain-containing protein	357
A8BKE5	GL50803_3994	81.63	Ubiquitin fusion degradation protein 1	Ubiquitin recognition factor in ER-associated degradation protein 1	Protein midA homolog	Ubiquitin recognition factor in ER-associated degradation protein 1	Aspartate 1-decarboxylase	175
A8BKX5	GL50803_8382	93.11	Short-chain dehydrogenase	Dehydrogenase/reductase SDR family member 7B	Ketoacyl reductase	Short chain dehydrogenase family protein	SDR family oxidoreductase	110
A8BKF4	GL50803_103540	60.06	Uncharacterized protein	Cytoplasmic dynein 1 light intermediate chain 2	Cytoplasmic dynein 2 light intermediate chain 1	Cytoplasmic dynein 2 light intermediate chain 1	Dynein light intermediate chain	161
A8BKV6	GL50803_113610	86.21	GlcNAc-PI synthesis protein	Phosphatidylinositol N-acetylglucosaminyltransferase subunit A	Glycosyltransferase family 4 protein	GlcNAc-PI synthesis protein	Glycogen synthase	348
A8BKX9	GL50803_10217	92.87	Cathepsin B	Cathepsin B-like CP1	Cathepsin B	Pept_C1 domain-containing protein	Pept_C1 domain-containing protein	268
A8BKM0	GL50803_13528	81.44	Sec1 family protein	Vacuolar protein-sorting-associated protein 33 homolog	Sec1 family protein	Vacuolar protein-sorting-associated protein 33 homolog	Vacuolar protein sorting-associated protein 33A	50
A8BKM1	GL50803_17347	79.8	Regulatory subunit of cAMP-dependent protein kinase	Ropporin-1B	Regulatory subunit of cAMP-dependent protein kinase	Ropporin-1B	Calmodulin	31
A8BKJ1	GL50803_5939	86.72	Ceramide synthetase	ASC1-like protein 3	TLC domain-containing protein	ASC1-like protein	TLC domain-containing protein	357
A8BKJ5	GL50803_14069	61.12	C2HC-type zinc-finger domain-containing protein	None	zinc finger C2HC domain-containing protein 1C	None	zinc finger C2HC domain-containing protein 1C	1
A8BKL5	GL50803_4063	68.28	Nuclear LIM interactor-interacting factor 1	Phosphatase Herzog	Predicted protein	FCP1 homology domain-containing protein	FCP1 homology domain-containing protein	21
A8BKG7	GL50803_23420	94.95	Diphosphomevalonate decarboxylase	Diphosphomevalonate decarboxylase	Diphosphomevalonate decarboxylase	Diphosphomevalonate decarboxylase	Diphosphomevalonate decarboxylase	648
A8BKM5	GL50803_112210	48.93	Uncharacterized protein	None	None	None	None	0
A8BKY4	GL50803_16931	30.13	Uncharacterized protein	None	None	None	None	0
A8BKI2	GL50803_13133	57.5	Spindle pole protein	None	None	None	None	0
A8BKH3	GL50803_17340	49.71	Uncharacterized protein	Dual specificity mitogen-activated protein kinase kinase sek-1	Protein kinase domain-containing protein	Non-specific serine/threonine protein kinase	Protein kinase domain-containing protein	80
A8BKJ9	GL50803_14070	60.96	Kinesin family protein GiKIN22	Kinesin-like protein KIF1B	Kinesin-like protein	Kinesin-like protein KIF1B	Kinesin-like protein	640
A8BKW2	GL50803_14691	57.69	Uncharacterized protein	Chromatin modification-related protein YNG2	Protein CBG10225	UBC core domain-containing protein	DUF4124 domain-containing protein	25
A8BKS4	GL50803_4549	86.24	WD40 repeat protein	F-box/WD repeat-containing protein 10	RING-type E3 ubiquitin transferase	F-box/WD repeat-containing protein 10	F-box domain-containing protein	86
A8BKV7	GL50803_8371	33.28	Uncharacterized protein	None	None	None	None	0
A8BL01	GL50803_14471	28.68	Uncharacterized protein	None	None	None	None	0
A8BL00	GL50803_7514	74.79	Kinase, NEK	Serine/threonine-protein kinase Nek2	Protein kinase domain-containing protein	Serine/threonine-protein kinase Nek1	Protein kinase domain-containing protein	421
A8BKH6	GL50803_14014	49.77	Kinase	Serine/threonine-protein kinase Nek6	CHK1 checkpoint homolog	Serine/threonine-protein kinase Nek6	Protein kinase domain-containing protein	464
A8BKK6	GL50803_5949	94.61	Tetratricopeptide repeat protein	Tetratricopeptide repeat protein 1	SGTA_dimer domain-containing protein	Os10g0486900 protein	Tetratricopeptide repeat protein	191
A8BKX1	GL50803_93463	52.18	RNA recognition motif-containing protein	Nucleolysin TIA-1	RRM domain-containing protein	Nucleolysin TIA-1	RRM domain-containing protein	338
A8BKM3	GL50803_17348	62.79	Uncharacterized protein	None	None	None	None	0
A8BKL0	GL50803_5950	92.13	Uncharacterized protein	Peptide chain release factor 2	Serine/threonine-protein kinase DCLK1	Leucine-rich repeat-containing 9	DUF2721 domain-containing protein	18
A8BKI4	GL50803_17342	72.78	Major Facilitator Superfamily protein	Bacillibactin exporter	Predicted arabinose efflux permease, MFS family	Cis,cis-muconate transporter MucK	MFS transporter	310
A8BKU5	GL50803_5890	83.15	Uncharacterized protein	Chaperone protein Skp	Protein transport protein BOS1	Unplaced genomic scaffold supercont1.8, whole genome shotgun sequence	zf-RING_7 domain-containing protein	50
A8BKS6	GL50803_4548	68.68	Pumilio-family RNA-binding protein	mRNA-binding protein PUF2	PUM-HD domain-containing protein	Unplaced genomic scaffold supercont1.4, whole genome shotgun sequence	PUM-HD domain-containing protein	12
A8BKL8	GL50803_4064	85.17	RIIa domain-containing protein	None	RIIa domain-containing protein	None	RIIa domain-containing protein	1
A8BKU3	GL50803_5892	86.67	Pelo protein	Protein pelota	Pelo protein	Protein pelota homolog	Protein pelota homolog	381
A8BKM6	GL50803_8528	48.92	Uncharacterized protein	None	HGL105Wp	None	HGL105Wp	1
A8BKF5	GL50803_27813	63.6	Ankyrin repeat protein 1	Poly [ADP-ribose] polymerase tankyrase-2	Ankyrin repeat protein 1	Glutaminase	Ankyrin_rpt-contain_dom domain-containing protein	160
A8BKZ9	GL50803_7513	89.36	Nudix hydrolase domain-containing protein	mRNA-decapping enzyme subunit 2	Nudix hydrolase domain-containing protein	Nudix hydrolase domain-containing protein	Nudix hydrolase domain-containing protein	321
A8BKZ4	GL50803_14469	87.8	R-SNARE 3	None	Synaptobrevin-like protein	None	Histidine kinase	11
A8BKW6	GL50803_16929	74.73	PCI domain-containing protein	26S proteasome non-ATPase regulatory subunit 12	26S proteasome non-ATPase regulatory subunit 12	Os03g0851300 protein	Tetratricopeptide repeat protein	233
A8BKU9	GL50803_16926	63.13	Uncharacterized protein	None	Ubiquitous surface protein A2	None	Ubiquitous surface protein A2	1
A8BKZ1	GL50803_16433	80.57	Amino acid permease	Polyamine transporter PUT1	APC family permease	Polyamine transporter RMV1	Amino acid permease	107
A8BKV2	GL50803_14054	29.86	Uncharacterized protein	None	None	None	None	0
A8BKJ0	GL50803_5938	59.35	Myb 1-like protein	Transcription factor MYB54	Myb 1-like protein	Myb domain protein 69	Myb-like DNA-binding domain containing protein	9
A8BKZ7	GL50803_7512	93.44	very-long-chain (3R)-3-hydroxyacyl-CoA dehydratase	Very-long-chain (3R)-3-hydroxyacyl-CoA dehydratase PHS1	Very-long-chain (3R)-3-hydroxyacyl-CoA dehydratase	Very-long-chain (3R)-3-hydroxyacyl-CoA dehydratase	Very-long-chain (3R)-3-hydroxyacyl-CoA dehydratase	717
A8BKV3	GL50803_5883	69.48	Chromosome segregation protein SMC	None	Glutamate receptor 2C	None	Biotin_lipoyl_2 domain-containing protein	2
A8BKW0	GL50803_16928	72.93	Palmitoyltransferase	Palmitoyltransferase PFA4	Palmitoyltransferase	S-acyltransferase	Palmitoyltransferase	1005
A8BKJ8	GL50803_5942	79.42	Polyadenylate-binding protein	Polyadenylate-binding protein, cytoplasmic and nuclear	Polyadenylate-binding protein	Polyadenylate-binding protein	RRM domain-containing protein	192
A8BKX2	GL50803_8381	34.48	PHD zinc finger domain-containing protein	None	HDC14735	None	HDC14735	1
A8BKV1	GL50803_14055	39.36	FHA domain-containing protein	None	FHA domain containing protein	RING-type E3 ubiquitin transferase	FHA domain-containing protein	11
A8BKK5	GL50803_5947	70.79	Ribosomal protein L35a	50S ribosomal protein L35Ae	Ribosomal protein L35a	60S ribosomal protein L35a-1	ATP synthase subunit alpha	287
A8BKS8	GL50803_4547	89.06	Ribosomal protein S9	40S ribosomal protein S9	40S ribosomal protein S9	40S ribosomal protein S9	30S ribosomal protein S4	1076
A8BKH4	GL50803_5710	41.73	Uncharacterized protein	None	None	None	None	0
A8BKK3	GL50803_17345	74.35	Coatomer subunit zeta	Coatomer subunit zeta-1	Coatomer subunit zeta	Coatomer subunit zeta-1	AP complex subunit sigma	296
A8BLK9	GL50803_14838	63.91	Ankyrin repeat protein 1	Cortactin-binding protein 2	RING-type E3 ubiquitin transferase	ANK_REP_REGION domain-containing protein	Ankyrin_rpt-contain_dom domain-containing protein	17
A8BLE7	GL50803_14117	78.38	Uncharacterized protein	Nucleolar protein 9	Nucleolar protein 9	Nucleolar protein 9	Nucleolar protein 9	250
A8BL06	GL50803_7520	65.89	Chromosome segregation protein SMC	None	Cell wall-associated hydrolase, NlpC family	FERM domain-containing protein	Methyl-accepting chemotaxis protein	124
A8BLC1	GL50803_16285	70.11	Topoisomerase I-related protein	Poly(A) RNA polymerase cid14	PAP-associated domain-containing protein 5	Terminal nucleotidyltransferase 4B	Polynucleotide adenylyltransferase	221
A8BLI8	GL50803_14831	58.07	Variant-specific surface protein VSP4A1	Surface membrane glycoprotein GP46/M-2	VSP	P/Homo B domain-containing protein	Variant-specific surface protein	18
A8BL07	GL50803_7522	85.09	Elongation initiation factor 5C	Protein krasavietz	Eukaryotic initiation factor 5C	Protein krasavietz	W2 domain-containing protein	159
A8BLL7	GL50803_17244	82.41	60S ribosomal protein L7a	60S ribosomal protein L7a	60S ribosomal protein L7a	60S ribosomal protein L7a	60S ribosomal protein L7a	284
A8BLW9	GL50803_6334	82.55	Uncharacterized protein	Cysteine proteinase inhibitor 6	Cystatin	Cystatin domain-containing protein	DUF5590 domain-containing protein	21
A8BLY8	GL50803_7664	56.72	Intraflagellar transport protein IFT46/ FAP32	None	Intraflagellar transport protein 46 homolog	Intraflagellar transport protein 46 homolog	Intraflagellar transport protein 46 homolog	4
A8BLM5	GL50803_24009	76.58	Ankyrin repeat protein 1	Cortactin-binding protein 2	Protein 21.1	Protein binding protein	Ankyrin_rpt-contain_dom domain-containing protein	132
A8BLW4	GL50803_6330	69.13	Uncharacterized protein	UPF0147 protein AF_2370.1	DUF4241 domain-containing protein	None	DUF4241 domain-containing protein	14
A8BLT8	GL50803_14310	78.28	RNA polymerase Rpb4	DNA-directed RNA polymerase III subunit RPC9	RNA polymerase Rpb4	DNA-directed RNA polymerase III subunit RPC9	DNA-directed RNA polymerase III subunit RPC9	515
A8BL69	GL50803_17266	85.08	Uncharacterized protein	None	None	None	None	0
A8BLN7	GL50803_116967	71.96	Uncharacterized protein	None	None	None	None	0
A8BL64	GL50803_9851	77.63	Uncharacterized protein	None	None	None	None	0
A8BLV1	GL50803_14309	75.24	Cyclin	Cyclin-U1-1	Cyclin N-terminal domain-containing protein	CYCLIN domain-containing protein	Cyclin N-terminal domain-containing protein	143
A8BLJ0	GL50803_9003	83.25	High cysteine membrane protein	None	High cysteine protein	Os04g0366000 protein	Variant-specific surface protein	11
A8BLH6	GL50803_2198	86.78	Serine/threonine-protein phosphatase	Serine/threonine-protein phosphatase T	Serine/threonine-protein phosphatase	Serine/threonine-protein phosphatase 5	Serine/threonine-protein phosphatase	403
A8BLX3	GL50803_6336	87.68	Epsilon-tubulin	Tubulin epsilon chain	Tubulin domain-containing protein	Tubulin epsilon chain	Tubulin beta chain	503
A8BLJ4	GL50803_9008	91.65	Aldose reductase	Aldo-keto reductase family 1 member A1	Aldo_ket_red domain-containing protein	Aldo_ket_red domain-containing protein	Aldo_ket_red domain-containing protein	401
A8BLV7	GL50803_14171	50.04	Ribosomal protein L37	60S ribosomal protein L37-A	Ribosomal protein L37	60S ribosomal protein L37-A	Ribosomal protein L37	194
A8BLN2	GL50803_90575	55.39	Kinase	Checkpoint serine/threonine-protein kinase BUB1	Checkpoint serine/threonine-protein kinase	Protein kinase	Non-specific serine/threonine protein kinase	132
A8BLX2	GL50803_6335	82.11	isopentenyl-diphosphate Delta-isomerase	Isopentenyl-diphosphate delta-isomerase 2	Isopentenyl-diphosphate Delta-isomerase	Isopentenyl-diphosphate delta-isomerase 2	Isopentenyl-diphosphate Delta-isomerase	717
A8BLQ0	GL50803_5672	73.72	Centrosomal protein	Centrosomal protein of 76 kDa	Centrosomal protein	Centrosomal protein of 76 kDa	Centrosomal protein of 76 kDa	51
A8BLI1	GL50803_17237	52.29	Uncharacterized protein	None	None	None	None	0
A8BLT2	GL50803_33281	55.47	Uncharacterized protein	None	Chromosome segregation protein SMC	None	Chromosome segregation protein SMC	1
A8BLA8	GL50803_14133	83.22	Ankyrin repeat protein 1	Ankyrin repeat domain-containing protein 35	Protein 21.1	Ankyrin repeat domain 35	Ankyrin repeat protein 1	238
A8BLM7	GL50803_15777	55.67	Uncharacterized protein	None	None	None	None	0
A8BLS1	GL50803_20601	38.17	Uncharacterized protein	None	None	None	None	0
A8BLK6	GL50803_28696	58.26	Uncharacterized protein	None	NUFIP1 domain-containing protein	None	NUFIP1 domain-containing protein	1
A8BL39	GL50803_17261	88.01	Eukaryotic initiation factor 4E	Eukaryotic translation initiation factor 4E-3	Eukaryotic initiation factor 4E	eIF-4F 25 kDa subunit	eIF-4F 25 kDa subunit	183
A8BLM1	GL50803_17246	89.06	ELMO/CED-12 family protein	ELMO domain-containing protein B	ELMO/CED-12 family protein	ELMO domain-containing protein B	ELMO domain-containing protein	413
A8BLR7	GL50803_17385	54.15	Uncharacterized protein	None	None	None	None	0
A8BL74	GL50803_9861	63.42	Uncharacterized protein	Sex-lethal homolog	RRM domain-containing protein	RNA-binding (RRM/RBD/RNP motifs) family protein	RRM domain-containing protein	198
A8BLK0	GL50803_9011	95.33	glycine--tRNA ligase	Glycine--tRNA ligase, mitochondrial 1	Diadenosine tetraphosphate synthetase	Diadenosine tetraphosphate synthetase	Histidine--tRNA ligase	515
A8BLF9	GL50803_14661	68.34	Kinase, CAMK CAMKL	Serine/threonine-protein kinase SIK3	Aurora kinase	Protein kinase domain-containing protein	Non-specific serine/threonine protein kinase	403
A8BLT1	GL50803_6896	59.74	RRM domain-containing protein	Polyadenylate-binding protein 3	RRM domain-containing protein	Serine/arginine-rich splicing factor RS31A	RRM domain-containing protein	22
A8BL25	GL50803_14637	31.71	Uncharacterized protein	None	None	None	None	0
A8BL02	GL50803_28232	89.27	aminoacyl-tRNA hydrolase	Peptidyl-tRNA hydrolase	Aminoacyl-tRNA hydrolase	Aminoacyl-tRNA hydrolase	Aminoacyl-tRNA hydrolase	882
A8BLM2	GL50803_13231	84.19	Calmodulin	Sorcin	Calmodulin	CALmodulin related genes	Calmodulin	174
A8BLK5	GL50803_17241	87.48	Uncharacterized protein	PHO85 cyclin-1	Cyclin N-terminal domain-containing protein	PHO85 cyclin-1	Cyclin N-terminal domain-containing protein	314
A8BLC3	GL50803_113553	83.6	Kinase, NEK	Serine/threonine-protein kinase Nek9	Kinase-like protein	Serine/threonine-protein kinase Nek9	Protein kinase domain-containing protein	362
A8BLG2	GL50803_8191	69.5	TsaA-like domain-containing protein	tRNA (adenine(37)-N6)-methyltransferase	TsaA-like domain-containing protein	Methyltransferase	tRNA (N6-threonylcarbamoyladenosine(37)-N6)-methyltransferase TrmO	441
A8BL31	GL50803_17258	83.95	Adenylate kinase isoenzyme 6 homolog	Adenylate kinase isoenzyme 6	Adenylate kinase isoenzyme 6 homolog	Adenylate kinase isoenzyme 6	Shikimate kinase	334
A8BLG8	GL50803_8189	83.65	ubiquitinyl hydrolase 1	Ubiquitin carboxyl-terminal hydrolase 14	Ubiquitin carboxyl-terminal hydrolase	Ubiquitin carboxyl-terminal hydrolase	Ubiquitin carboxyl-terminal hydrolase	429
A8BLE4	GL50803_6120	45.23	Uncharacterized protein	None	None	None	None	0
A8BLL1	GL50803_4038	65.75	Transglutaminase-like superfamily protein	Kyphoscoliosis peptidase	Dockerin domain-containing protein	Kyphoscoliosis peptidase	TGc domain-containing protein	424
A8BL61	GL50803_9848	90.75	Dynein light chain	Dynein light chain 2, cytoplasmic	Dynein light chain	Dynein light chain	Dynein light chain	818
A8BL10	GL50803_87149	68.33	Spindle pole protein	None	None	None	None	0
A8BL62	GL50803_9850	66.56	RING finger domain-containing protein	Tripartite motif-containing protein 72	Tripartite motif-containing protein 72	FinTRIM family, member 8	RING-type domain-containing protein	100
A8BLS7	GL50803_6897	80.4	Uncharacterized protein	None	None	None	None	0
A8BLH2	GL50803_17236	61.54	Acyltransferase 3 domain-containing protein	None	DUF1624 domain-containing protein	None	Acyl_transf_3 domain-containing protein	7
A8BLH7	GL50803_4455	46.99	Uncharacterized protein	None	None	None	None	0
A8BLF7	GL50803_8195	44.09	Uncharacterized protein	SID1 transmembrane family member 1	PPC domain-containing protein	GOLD domain-containing protein	GOLD domain-containing protein	74
A8BLG0	GL50803_20413	61.78	Uncharacterized protein	RNA-binding motif protein, X chromosome	Os12g0435000 protein	Os12g0435000 protein	RRM domain-containing protein	293
A8BLI0	GL50803_2267	54.67	Uncharacterized protein	None	DUF4175 domain-containing protein	None	DUF4175 domain-containing protein	1
A8BLD3	GL50803_3099	63.7	Cathepsin L-like protease	Procathepsin L	Cathepsin L	Cathepsin O	Pept_C1 domain-containing protein	208
A8BLV8	GL50803_14172	92.05	Kinase, CMGC RCK	Probable serine/threonine-protein kinase DDB_G0268078	serine/threonine-protein kinase MAK-like isoform X5	Serine/threonine-protein kinase ICK	Non-specific serine/threonine protein kinase	391
A8BLJ7	GL50803_14834	79.2	Ankyrin repeat protein 1	Ankyrin repeat, PH and SEC7 domain containing protein secG	Ankyrin repeat	Ankyrin, isoform B	ANK_REP_REGION domain-containing protein	90
A8BL12	GL50803_16435	64.55	Ankyrin repeat protein 1	Cortactin-binding protein 2	Ankyrin repeat-containing protein	KN motif and ankyrin repeat domain-containing protein 2	Ankyrin_rpt-contain_dom domain-containing protein	19
A8BL40	GL50803_17262	65.12	PUM-HD domain-containing protein	Pumilio domain-containing protein C6G9.14	PUM-HD domain-containing protein	Pumilio homolog 5	PUM-HD domain-containing protein	53
A8BL50	GL50803_17264	63.75	Kinesin-like protein	Kinesin-like protein KIN-5C	Kinesin-like protein	Kinesin-like protein	Kinesin-like protein	130
A8BLY6	GL50803_7663	62.36	Polyribonucleotide 5'-hydroxyl-kinase Clp1 P-loop domain-containing protein	Polyribonucleotide 5'-hydroxyl-kinase Clp1	Protein CLP1 homolog	Polyribonucleotide 5'-hydroxyl-kinase Clp1	CLP1_P domain-containing protein	212
A8BLF2	GL50803_8201	72.91	RNA recognition motif-containing protein	Zinc finger CCHC-type and RNA-binding motif-containing protein 1	RRM domain-containing protein	RRM domain-containing protein	RRM domain-containing protein	356
A8BLU4	GL50803_6887	46.39	Uncharacterized protein	None	None	None	None	0
A8BLA6	GL50803_14135	92.43	Nucleoside diphosphate kinase	Nucleoside diphosphate kinase 7	Nucleoside diphosphate kinase 7	Nucleoside diphosphate kinase 7	Nucleoside diphosphate kinase	1293
A8BLL4	GL50803_3042	84.22	Hybrid cluster protein	Hydroxylamine reductase	Hybrid-cluster protein	Hydroxylamine reductase	Hydroxylamine reductase	538
A8BLM8	GL50803_4912	88.49	Kinase, NEK	Probable serine/threonine-protein kinase nek2	Other NEK kinase	G2-specific protein kinase nim-1	Protein kinase domain-containing protein	462
A8BL35	GL50803_17260	60.72	Uncharacterized protein	Protein CLEC16A homolog	FPL domain-containing protein	Protein CLEC16A homolog	FPL domain-containing protein	77
A8BLE5	GL50803_17232	38.72	Uncharacterized protein	None	None	None	None	0
A8BLT6	GL50803_14311	89.4	Serine/threonine-protein phosphatase	Serine/threonine-protein phosphatase PP-X homolog 2	Serine/threonine-protein phosphatase	Serine/threonine-protein phosphatase PP-X isozyme 2	Serine/threonine-protein phosphatase	1098
A8BLJ1	GL50803_9004	41.19	Uncharacterized protein	None	None	None	None	0
A8BMH0	GL50803_11299	83.09	Amino acid transporter	Transmembrane protein 104 homolog	Aa_trans domain-containing protein	Transmembrane protein 104 homolog	Aa_trans domain-containing protein	161
A8BMB6	GL50803_112018	25.51	Uncharacterized protein	None	None	None	None	0
A8BM32	GL50803_12598	80.71	KRR1 small subunit processome component	KRR1 small subunit processome component	KRR1 small subunit processome component	KRR-R motif-containing protein 1	KRR-R motif-containing protein 1	210
A8BME0	GL50803_24528	64.69	Uncharacterized protein	DNA damage-binding protein 1	tRNA (guanine-N(7)-)-methyltransferase non-catalytic subunit	DNA damage-binding protein 1	Protein transport protein SEC31	45
A8BLZ2	GL50803_17391	71.17	Maebl	None	TPH domain-containing protein	None	TPH domain-containing protein	1
A8BLZ5	GL50803_115047	83.56	VSP	Surface membrane glycoprotein GP46/M-2	VSP	None	Variant-specific surface protein	86
A8BMD9	GL50803_14049	66.41	Ribosomal protein L32	60S ribosomal protein L32	Ribosomal protein L32	60S ribosomal protein L32	50S ribosomal protein L32e	389
A8BME4	GL50803_11311	86.73	Kinase, NEK	Serine/threonine-protein kinase Nek2	Kinase-like protein	LD04361p	Protein kinase domain-containing protein	350
A8BM24	GL50803_11713	89.81	Prefoldin subunit 2	Prefoldin subunit 2	Prefoldin subunit 2-like	KE2 family protein, expressed	Prefoldin subunit beta	140
A8BMI7	GL50803_16512	71.38	DNA helicase	General transcription and DNA repair factor IIH helicase subunit XPB	RepB protein	General transcription and DNA repair factor IIH helicase subunit XPB	DNA helicase	367
A8BMA0	GL50803_15204	86.53	ERP3	Protein ERP1	Transmembrane emp24 domain-containing protein 7	GOLD domain-containing protein	GOLD domain-containing protein	277
A8BMB5	GL50803_112017	64.45	Uncharacterized protein	Methenyltetrahydrofolate synthase domain-containing protein	Serine/arginine-rich splicing factor 1	ASF/SF2-like pre-mRNA splicing factor SRP32	RRM domain-containing protein	205
A8BMD0	GL50803_5871	91.98	Developmentally regulated GTP-binding protein 1	Developmentally-regulated GTP-binding protein 2 homolog	Developmentally regulated GTP binding protein 2	Developmentally-regulated GTP-binding protein 2 homolog	GTPase Obg	271
A8BM93	GL50803_10422	80.41	CCDC81 HU domain-containing protein	Coiled-coil domain-containing protein 81	HU-CCDC81_euk_2 domain-containing protein	HU-CCDC81_euk_2 domain-containing protein	HU-CCDC81_euk_2 domain-containing protein	57
A8BMH5	GL50803_11297	43.67	Uncharacterized protein	WD repeat-containing protein 20	WD repeat-containing protein	IP10750p	WD_REPEATS_REGION domain-containing protein	29
A8BM39	GL50803_33218	67.79	Dynein intermediate chain	Dynein intermediate chain 2, ciliary	Flagellar outer dynein arm intermediate chain 1	Dynein, axonemal, intermediate chain 1, paralog 2	GATOR complex protein WDR24	31
A8BM82	GL50803_10429	83.51	Wos2 protein	Co-chaperone protein SBA1	HSP20-like chaperone	Tudor domain-containing 12	CS domain-containing protein	301
A8BME3	GL50803_11312	78.73	TRAPPC2	Trafficking protein particle complex subunit 2	Sedlin N-terminal conserved region-containing protein	Trafficking protein particle complex subunit 2	Trafficking protein particle complex subunit 2-like protein	255
A8BMG4	GL50803_29486	47.65	Uncharacterized protein	None	Haloacid dehalogenase	None	Translin family protein	3
A8BMF7	GL50803_36069	65.87	Ribosomal protein L34	60S ribosomal protein L34-A	Ribosomal protein L34	60S ribosomal protein L34B	60S ribosomal protein L34	104
A8BMJ3	GL50803_15386	87.27	Phosphatase similar to the C-terminal domain of histone macroH2A1	ADP-ribose 1''-phosphate phosphatase	Phosphatase	Macro domain-containing protein	Macro domain-containing protein	237
A8BM19	GL50803_11720	69.54	Ankyrin repeat protein 1	Cortactin-binding protein 2	Ankyrin_rpt-contain_dom domain-containing protein	Cortactin-binding protein 2	Ankyrin_rpt-contain_dom domain-containing protein	17
A8BM21	GL50803_15483	87.27	UAA transporter family protein	UDP-galactose transporter homolog 1	UAA transporter	UDP-galactose transporter homolog 1	WAT1-related protein	133
A8BMC5	GL50803_14046	53.6	Uncharacterized protein	None	zf-RING_UBOX domain-containing protein	PIT1	TIGR00645 family protein	2
A8BM90	GL50803_10425	59.44	Uncharacterized protein	ATP synthase subunit a	Transmembrane domain-containing protein	None	DUF202 domain-containing protein	7
A8BMF3	GL50803_11305	67.96	Ribosomal RNA-processing protein 14/surfeit locus protein 6 C-terminal domain-containing protein	None	None	None	None	0
A8BM33	GL50803_17396	51.47	Ankyrin repeat protein	Cortactin-binding protein 2	Ankyrin	None	Cortactin-binding protein 2	1
A8BMB7	GL50803_14045	75.7	BAR domain-containing protein	Inositol-pentakisphosphate 2-kinase	F-BAR domain-containing protein	Inositol-pentakisphosphate 2-kinase	zf-RING_7 domain-containing protein	27
A8BMA9	GL50803_4044	46.21	RING-finger domain-containing protein	Transmembrane E3 ubiquitin-protein ligase FLY2	RING-finger domain-containing protein	RING-type domain-containing protein	RING-type domain-containing protein	182
A8BMJ0	GL50803_11287	92.37	Ribonucloprotein	13 kDa ribonucleoprotein-associated protein	NHP2-like protein 1-like protein	Ribonucloprotein	40S ribosomal protein S12	211
A8BMB9	GL50803_5866	87.78	Phosphate-starvation-inducible E family protein	[F-actin]-monooxygenase MICAL3	Phosphate-starvation-inducible E-like protein	[F-actin]-monooxygenase MICAL3	Phosphate-starvation-inducible E-like protein	30
A8BM86	GL50803_10428	67.68	Ribosomal protein L10	60S ribosomal protein L10-1	Ribosomal protein L10	60S ribosomal protein L10-1	50S ribosomal protein L16	857
A8BMG9	GL50803_11301	90.18	Nucleoside diphosphate kinase	Nucleoside diphosphate kinase	Nucleoside diphosphate kinase	Nucleoside diphosphate kinase	Nucleoside diphosphate kinase	1288
A8BMI3	GL50803_11290	67.54	Kinase, CMGC CDK	Serine/threonine-protein kinase KIN28	[RNA-polymerase]-subunit kinase	Serine/threonine-protein kinase KIN28	Non-specific serine/threonine protein kinase	389
A8BM87	GL50803_10427	83.65	U2 small nuclear ribonucleoprotein B	U2 small nuclear ribonucleoprotein B''	RRM domain-containing protein	U2 small nuclear ribonucleoprotein B''	RRM domain-containing protein	348
A8BMK0	GL50803_4156	93.64	HIT family protein	Protein hit	HIT family protein	HIT domain-containing protein	HIT domain-containing protein	317
A8BM23	GL50803_11714	62.6	Ankyrin repeat protein 1	Ankyrin repeat domain-containing protein 30B	Ankyrin repeat protein	Unplaced genomic scaffold supercont1.3, whole genome shotgun sequence	Ankyrin_rpt-contain_dom domain-containing protein	138
A8BMC6	GL50803_14047	82.7	Tenascin-X	Amphiregulin	Tenascin-X	Amphiregulin	Amphiregulin	9
A8BMF0	GL50803_15392	67.09	Replication factor C, subunit 1	Replication factor C subunit 1	Replication factor C subunit 1	Replication factor C subunit 1	DNA ligase	527
A8BMA7	GL50803_4046	31.52	Uncharacterized protein	None	None	None	None	0
A8BM37	GL50803_2980	93.11	20S proteasome alpha subunit 5	Proteasome subunit alpha type-5	20S proteasome alpha subunit 5	Proteasome subunit alpha type	Proteasome subunit beta	425
A8BM98	GL50803_15205	58.92	Phosphatidylinositol transfer protein	Phosphatidylinositol transfer protein 1	Protein retinal degeneration B	Phosphatidylinositol transfer protein 1	PRELI/MSF1 domain-containing protein	96
A8BMJ8	GL50803_90343	69.4	kinase, WNK	Serine/threonine-protein kinase polo	Non-specific serine/threonine protein kinase	Protein kinase domain-containing protein	Non-specific serine/threonine protein kinase	304
A8BME6	GL50803_16516	76.07	EXS family protein	Xenotropic and polytropic retrovirus receptor 1 homolog	EXS family protein	Xenotropic and polytropic retrovirus receptor 1	SPX domain-containing protein	61
A8BMV2	GL50803_30354	79.46	Kinase, NEK	E3 ubiquitin-protein ligase KEG	ANK2 protein	Ankyrin repeat family protein	Protein kinase domain-containing protein	467
A8BN16	GL50803_18559	48.27	Uncharacterized protein	Serine/arginine-rich splicing factor 2	RNA-binding proteins RRM domain	RRM domain-containing protein	RRM domain-containing protein	290
A8BMY4	GL50803_14642	90.49	Prefoldin subunit	Prefoldin subunit 3	Prefoldin subunit 3	Prefoldin subunit 3	Prefoldin subunit alpha	278
A8BN21	GL50803_5514	65	Uncharacterized protein	None	None	None	None	0
A8BN19	GL50803_5513	41.97	Uncharacterized protein	RNA-silencing factor ers1	Helix-turn-helix domain-containing protein	RNA-silencing factor ers1	Protein kinase domain-containing protein	12
A8BMV5	GL50803_16622	74.09	Uncharacterized protein	S-methylmethionine--homocysteine S-methyltransferase BHMT2	T9SS type A sorting domain-containing protein	S-methylmethionine--homocysteine S-methyltransferase BHMT2	Imidazole glycerol phosphate synthase subunit HisF	79
A8BMW8	GL50803_24330	55.14	Uncharacterized protein	Interleukin-22 receptor subunit alpha-2	Tenascin-X	Epstein-Barr virus-induced 3	Fibronectin type-III domain-containing protein	22
A8BMP6	GL50803_7870	71.64	Ribosomal protein L23A	50S ribosomal protein L23	60S ribosomal protein L23a-like	50S ribosomal protein L23	50S ribosomal protein L23	969
A8BN42	GL50803_42657	84	Kinase, NEK	Serine/threonine-protein kinase nekl-2	Kinase, NEK	Other/NEK/NEK6 protein kinase	Non-specific serine/threonine protein kinase	260
A8BN50	GL50803_13152	67.18	Ankyrin repeat protein 1	Ankyrin repeat domain-containing protein 6	Protein 21.1	Serine/threonine-protein phosphatase 6 regulatory ankyrin repeat subunit C	Protein 21.1	100
A8BMY1	GL50803_8135	80.47	Kinetochore protein Spc24	Kinetochore protein Spc24	Kinetochore protein Spc24	Kinetochore protein Spc24	Kinetochore protein Spc24	8
A8BMN6	GL50803_14573	86.09	Tenascin-X	None	EGF family protein	None	EGF family protein	4
A8BMQ2	GL50803_7874	71.58	Kinesin-like protein	Kinesin-like protein KIF18B	Kinesin-like protein	Kinesin-like protein KIF17	Kinesin-like protein	555
A8BN23	GL50803_5515	59.62	Chromosome segregation protein SMC	None	NUFIP1 domain-containing protein	None	NUFIP1 domain-containing protein	3
A8BML1	GL50803_4152	61.36	t-SNARE coiled-coil homology domain-containing protein	None	None	None	None	0
A8BMQ8	GL50803_7876	56.82	Uncharacterized protein	Actin cytoskeleton-regulatory complex protein SLA1	Actin cytoskeleton-regulatory complex protein SLA1	Actin cytoskeleton-regulatory complex protein SLA1	Actin cytoskeleton-regulatory complex protein SLA1	80
A8BML4	GL50803_4149	70.86	Homing endonuclease	Homothallic switching endonuclease	Hom_end_hint domain-containing protein	Homothallic switching endonuclease	DOD-type homing endonuclease domain-containing protein	85
A8BN35	GL50803_16161	67.82	Kinesin-like protein	Kinesin-like protein KIF1B	Kinesin-like protein	Kinesin-like protein	Kinesin-like protein	643
A8BMK1	GL50803_4155	89.43	DNA-directed RNA polymerase III subunit RPC3	DNA-directed RNA polymerase III subunit RPC3	DNA-directed RNA polymerase III subunit RPC3	DNA-directed RNA polymerase III subunit RPC3	DNA-directed RNA polymerase III subunit RPC3	420
A8BMP0	GL50803_7865	89.51	asparaginase	L-asparaginase 1	Asparaginase	Asparaginase	Asparaginase	581
A8BN36	GL50803_16162	64.62	Uncharacterized protein	None	None	None	None	0
A8BML0	GL50803_26988	61.67	Uncharacterized protein	None	None	None	None	0
A8BMV8	GL50803_16623	84.83	Nudix hydrolase	Isopentenyl-diphosphate Delta-isomerase	NUDIX hydrolase	Os02g0793300 protein	Isopentenyl-diphosphate Delta-isomerase	439
A8BMM4	GL50803_101307	91.58	Kinase, NEK	Cytokinesis protein sepH	Protein kinase domain-containing protein	LD04361p	Protein kinase domain-containing protein	485
A8BMP3	GL50803_16368	72.18	Ribosomal protein L31B	60S ribosomal protein L31	LSU ribosomal protein L31E	60S ribosomal protein L31	50S ribosomal protein L31e	365
A8BMQ1	GL50803_7873	89.02	Protein YIF1	Protein YIF1B	Integral membrane protein, Yip1p-Yif1p complex	Protein YIF1B	Protein YIPF	112
A8BMM8	GL50803_16371	66.01	Nucleolar GTP-binding protein 1	Nucleolar GTP-binding protein 1	OBG-type G domain-containing protein	Nucleolar GTP-binding protein 1	Ferrous iron transport protein B	270
A8BMM6	GL50803_19223	33.44	Uncharacterized protein	None	None	None	None	0
A8BN28	GL50803_13947	46.96	Uncharacterized protein	None	Alpha-1,3-glucosyltransferase	None	Alpha-1,3-glucosyltransferase	2
A8BMY9	GL50803_14641	69.94	Transducin	U3 small nucleolar RNA-associated protein 18 homolog	WD40 repeat-like protein	U3 small nucleolar RNA associated protein 18	Eukaryotic translation initiation factor 3 subunit I	39
A8BML2	GL50803_4150	39.84	Uncharacterized protein	None	None	None	None	0
A8BN08	GL50803_13413	84.36	Uncharacterized protein	Signal peptidase complex subunit 2	Signal peptidase complex subunit 2	Signal peptidase complex subunit 2	Signal peptidase complex subunit 2	211
A8BN38	GL50803_4789	61.54	Tubulin binding cofactor C family protein	TBCC domain-containing protein 1	Tubulin binding cofactor C family protein	TBCC domain-containing protein 1	Tubulin-folding cofactor C	354
A8BN10	GL50803_33629	33.57	Uncharacterized protein	None	None	None	None	0
A8BMP7	GL50803_7871	88.79	acylphosphatase	Acylphosphatase	Acylphosphatase	Acylphosphatase-2	Acylphosphatase	1106
A8BMZ6	GL50803_96562	74.08	Palmitoyltransferase	Palmitoyltransferase ZDHHC4	Palmitoyltransferase	Palmitoyltransferase ZDHHC4	Palmitoyltransferase	1002
A8BN15	GL50803_96580	64.87	Chromosome segregation protein SMC	None	None	None	None	0
A8BMS0	GL50803_23876	41.2	Uncharacterized protein	None	None	None	None	0
A8BN33	GL50803_4365	77.1	26S protease regulatory subunit 6A	26S proteasome regulatory subunit 6A homolog	Predicted protein	AAA domain-containing protein	AAA domain-containing protein	398
A8BMR8	GL50803_23874	69.15	Uncharacterized protein	None	None	None	None	0
A8BMW9	GL50803_8141	66.34	Uncharacterized protein	None	None	None	None	0
A8BMX2	GL50803_8140	69.36	GTP-binding protein ARD-1	Tripartite motif-containing protein 45	E3 ubiquitin-protein ligase Midline-1 isoform X1	Tripartite motif-containing protein 45	B box-type domain-containing protein	48
A8BMX5	GL50803_16629	50.63	Uncharacterized protein	None	Glycosyl hydrolase	Major sperm protein	LEA_2 domain-containing protein	4
A8BMZ1	GL50803_8118	87.04	Ribosomal protein S2	40S ribosomal protein S2	40S ribosomal protein	40S ribosomal protein S2	30S ribosomal protein S5	1290
A8BN30	GL50803_13948	69.64	Uncharacterized protein	None	None	None	None	0
A8BN26	GL50803_5517	60.62	Ribosomal protein L37a	60S ribosomal protein L43	60S ribosomal protein L43	60S ribosomal protein L37a	50S ribosomal protein L37Ae	266
A8BML6	GL50803_24537	70.13	Spindle pole protein, putative	None	None	None	None	0
A8BMW3	GL50803_6227	60.81	Uncharacterized protein	Membrane-spanning 4-domains subfamily A member 18	Ubiquitin-protein ligase cip8	Transmembrane protein	Modulator of VRAC current 1	14
A8BMR5	GL50803_16367	68.45	Uncharacterized protein	None	None	None	None	0
A8BN00	GL50803_6650	75.01	Ankyrin repeat protein 2	Ankyrin repeat domain-containing protein 29	ANK2 protein	Unplaced genomic scaffold supercont1.1, whole genome shotgun sequence	Ankyrin_rpt-contain_dom domain-containing protein	119
A8BMX7	GL50803_96537	77.5	ATP-dependent RNA helicase	ATP-dependent RNA helicase dbp9	RNA helicase	ATP-dependent RNA helicase dbp9	RNA helicase	491
A8BMK5	GL50803_13550	88.04	Rho GAP	Rho GTPase-activating protein 42	Rho GTPase activating protein 22	Rho GTPase-activating protein 42	Rho-GAP domain-containing protein	247
A8BMY5	GL50803_8122	71.51	Uncharacterized protein	None	None	None	None	0
A8BNF4	GL50803_24376	90.38	DNA helicase HCS1	DNA polymerase alpha-associated DNA helicase A	Immunoglobulin mu binding protein 2	DNA-binding protein	RNA helicase	96
A8BNA4	GL50803_16167	87.71	Kinase, NEK	Serine/threonine-protein phosphatase 6 regulatory ankyrin repeat subunit C	ANKRD50 protein	Other/NEK/NEK6 protein kinase	Protein kinase domain-containing protein	450
A8BNB7	GL50803_7007	82.47	c-Myc-binding protein	c-Myc-binding protein homolog	c-Myc-binding protein	Arginine kinase	c-Myc-binding protein	51
A8BND4	GL50803_9062	73.54	Long chain fatty acid CoA ligase 5	Long chain acyl-CoA synthetase 6, peroxisomal	AMP-binding domain-containing protein	Long chain acyl-CoA synthetase 6 peroxisomal	Acetyl-coenzyme A synthetase	228
A8BND0	GL50803_9060	83.72	MSP domain-containing protein	Sperm-specific class P protein 9/11	MSP domain-containing protein	Unplaced genomic scaffold supercont1.3, whole genome shotgun sequence	Major sperm protein	398
A8BNC8	GL50803_9058	68.91	TAP42-like family protein	Immunoglobulin-binding protein 1	TAP42-like family protein	Bm7084	TAP42-like protein	16
A8BND8	GL50803_16612	88.92	tyrosine--tRNA ligase	Tyrosine--tRNA ligase 1, cytoplasmic	Tyrosine--tRNA ligase	Tyrosine--tRNA ligase	Tyrosine--tRNA ligase	1189
A8BNF9	GL50803_9523	81.26	Ankyrin repeat protein 1	Cortactin-binding protein 2	Ankyrin_rpt-contain_dom domain-containing protein	Cortactin-binding protein 2	Ankyrin_rpt-contain_dom domain-containing protein	11
A8BNB8	GL50803_7009	85.62	Adenylate kinase	Adenylate kinase 8	Adenylate kinase	Adenylate kinase 8	Adenylate kinase	646
A8BN67	GL50803_4977	73.51	Kinase, NEK	Serine/threonine-protein kinase Nek6	Other NEK kinase	Serine/threonine-protein kinase Nek6	Protein kinase domain-containing protein	394
A8BN59	GL50803_22629	68.81	Uncharacterized protein	Nuclear RNA export factor 5	Leucine-rich repeat-containing protein 51	Nuclear RNA export factor 5	Leucine-rich repeat-containing protein 51	104
A8BNI3	GL50803_14967	42.57	Uncharacterized protein	None	None	None	None	0
A8BNJ5	GL50803_13636	65.46	Bromodomain-containing protein	None	Bromo domain-containing protein	None	Bromo domain-containing protein	1
A8BNF0	GL50803_9068	78.55	Uncharacterized protein	Formate dehydrogenase, cytochrome b556(fdo) subunit	DUF2231 domain-containing protein	Unplaced genomic scaffold supercont1.6, whole genome shotgun sequence	DUF4149 domain-containing protein	22
A8BNH3	GL50803_96779	48.28	Uncharacterized protein	None	None	None	None	0
A8BNI9	GL50803_9503	88.44	Alpha/beta hydrolase family protein	Magnesium-chelatase 30 kDa subunit	Hydrolase	Hydrolase_4 domain-containing protein	Alpha/beta hydrolase	263
A8BN52	GL50803_89112	87.63	DNA helicase	DNA replication licensing factor MCM5	DNA replication licensing factor MCM5	DNA helicase	Holliday junction ATP-dependent DNA helicase RuvB	508
A8BNK4	GL50803_36783	78.56	Kinase, NEK	Probable serine/threonine-protein kinase nek2	Kinase-like protein	Mediator complex subunit 22	Non-specific serine/threonine protein kinase	444
A8BNI7	GL50803_9505	86.71	Dpy-30 motif-containing protein	COMPASS component SDC1	Dpy-30 motif-containing protein	COMPASS component SDC1	DPY30 domain-containing protein 1	26
A8BNF1	GL50803_16615	57.89	A49-like RNA polymerase I associated factor	DNA-directed RNA polymerase I subunit RPA49	RNA polymerase I associated factor, A49-like protein	DNA binding / DNA-directed RNA polymerase	RNA polymerase I associated factor, A49-like protein	3
A8BNJ3	GL50803_14966	44.14	PWWP domain-containing protein	None	None	None	None	0
A8BNJ4	GL50803_24372	80.76	ENC6 protein	Monoacylglycerol lipase ABHD6	ENC6/alpha/beta hydrolase fold family protein	Beta-ketoadipate enol-lactone hydrolase	AB hydrolase-1 domain-containing protein	315
A8BNJ9	GL50803_102961	53.56	ENC6 protein	Sigma factor SigB regulation protein RsbQ	ENC6 protein	Hydrolase_4 domain-containing protein	AB hydrolase-1 domain-containing protein	202
A8BND3	GL50803_93721	79.05	Cyclin fold protein 1	Cyclin-Y-like protein 1	Cyclin	CYCLIN domain-containing protein	Cyclin N-terminal domain-containing protein	172
A8BNC5	GL50803_14850	84.97	UBX domain-containing protein	Clustered mitochondria protein homolog	UBX domain-containing protein	Plant UBX domain-containing protein 10	Ubiquitin-like domain-containing protein	36
A8BN69	GL50803_16001	66.89	Glutamate--cysteine ligase	Glutamate--cysteine ligase	Glutamate--cysteine ligase	Glutamate--cysteine ligase	Glutamate--cysteine ligase	567
A8BNH5	GL50803_9511	77.87	Uncharacterized protein	None	None	None	None	0
A8BN71	GL50803_137691	76.83	High cysteine membrane protein	Major surface-labeled trophozoite antigen 417	High cysteine membrane protein	None	Variant-specific surface protein	130
A8BNG1	GL50803_9520	83.23	Mitotic-spindle organizing gamma-tubulin ring associated protein	Mitotic-spindle organizing protein 1A	Mitotic-spindle organizing gamma-tubulin ring associated protein	Mitotic-spindle organizing protein 1A	Mitotic-spindle organizing protein 1	233
A8BNI8	GL50803_9504	30.38	Uncharacterized protein	None	None	None	None	0
A8BNG7	GL50803_16328	70.91	DRAP deaminase	RNA pseudouridine synthase 7	Pseudouridine synthase	Pseudouridine synthase	Pseudouridine synthase	438
A8BNI5	GL50803_9506	50.96	Uncharacterized protein	None	CID domain-containing protein	Metalloendopeptidase	CID domain-containing protein	23
A8BNK5	GL50803_102963	83.93	tRNA 2-methylthioadenosine synthase	Threonylcarbamoyladenosine tRNA methylthiotransferase	Threonylcarbamoyladenosine tRNA methylthiotransferase	Threonylcarbamoyladenosine tRNA methylthiotransferase	tRNA-2-methylthio-N(6)-dimethylallyladenosine synthase	731
A8BP66	GL50803_23767	56.53	Las1-like protein	None	Las1-like protein	Unplaced genomic scaffold supercont1.1, whole genome shotgun sequence	Las1-domain-containing protein	39
A8BPB3	GL50803_16920	54.11	WD-containing protein	WD repeat-containing protein YMR102C	WD repeat-containing protein 44	WD repeat-containing protein 44	WD40 repeat-like protein	49
A8BNM7	GL50803_16438	50.49	Sentrin specific protease, putative	Sentrin-specific protease 5	ULP_PROTEASE domain-containing protein	Sentrin-specific protease 5	ULP_PROTEASE domain-containing protein	153
A8BNT2	GL50803_17055	77.09	Spindle pole protein, putative	None	O-phosphoserine phosphohydrolase	None	Peptidase_M23 domain-containing protein	7
A8BP48	GL50803_10605	77.54	Ankyrin repeat protein 2	Serine/threonine-protein phosphatase 6 regulatory ankyrin repeat subunit B	tankyrase-2-like	Ankyrin repeat domain 28b	ANK_REP_REGION domain-containing protein	92
A8BNK6	GL50803_678	91.75	5'-3' deoxyribonucleotidase	5'(3')-deoxyribonucleotidase, cytosolic type	5'-3' deoxyribonucleotidase	5'(3')-deoxyribonucleotidase, cytosolic type	5'(3')-deoxyribonucleotidase	41
A8BP05	GL50803_16364	75.86	Gamma adaptin	AP-1 complex subunit gamma-1	AP-1 complex subunit gamma	AP-1 complex subunit gamma-1	AP-3 complex subunit delta	74
A8BNR8	GL50803_17051	76.6	Ankyrin repeat protein 1	Transient receptor potential cation channel subfamily A member 1	ankyrin repeat domain-containing protein 29 isoform X3	Neurogenic locus notch homolog protein 3	Ankyrin_rpt-contain_dom domain-containing protein	110
A8BNL0	GL50803_14785	72.35	Socius	DNA damage-inducible protein 1	SEP domain-containing protein	Ubiquitin carboxyl-terminal hydrolase 24	Ubiquitin-like domain-containing protein	6
A8BP45	GL50803_29252	51.36	Uncharacterized protein	None	Predicted protein	None	Predicted protein	1
A8BNZ3	GL50803_113297	81.73	High cysteine membrane protein VSP-like	Major surface trophozoite antigen 11	High cysteine membrane VSP-like protein	None	Variant-specific surface protein	53
A8BNY7	GL50803_88581	89.1	Synaptic glycoprotein SC2	Very-long-chain enoyl-CoA reductase	Synaptic glycoprotein SC2	Very-long-chain enoyl-CoA reductase	S5A_REDUCTASE domain-containing protein	255
A8BP10	GL50803_3756	38.77	Uncharacterized protein	None	None	None	None	0
A8BNP4	GL50803_8348	80.41	Uncharacterized protein	Vacuolar protein sorting-associated protein 28	Vacuolar protein sorting-associated protein 28	Vacuolar protein sorting-associated protein 28	Vacuolar protein sorting-associated protein 28 homolog	54
A8BNL7	GL50803_97741	53.86	Uncharacterized protein	None	None	None	None	0
A8BP11	GL50803_3755	67.28	Mediator of RNA polymerase II transcription subunit 7	Mediator of RNA polymerase II transcription subunit 7	GD14246	Mediator of RNA polymerase II transcription subunit 7	Mediator of RNA polymerase II transcription subunit 7	52
A8BP90	GL50803_9327	84.16	Kinase, NEK	Probable serine/threonine-protein kinase nek3	Ankyrin repeat domain-containing protein	NIMA related kinase 4	Protein kinase domain-containing protein	485
A8BNL2	GL50803_8843	83.63	Ubiquitin	Ubiquitin-60S ribosomal protein L40	Ubiquitin	60S ribosomal protein L40	Ubiquitin-like domain-containing protein	315
A8BP21	GL50803_113304	87.06	VSP	Variant-specific surface protein VSP4A1	VSP	Proprotein convertase subtilisin/kexin type 4	Variant-specific surface protein	265
A8BNM6	GL50803_8850	65.61	Ankyrin repeat protein 1	KN motif and ankyrin repeat domain-containing protein 2	Unplaced genomic scaffold supercont1.3, whole genome shotgun sequence	KN motif and ankyrin repeat domain-containing protein 2	Ankyrin_rpt-contain_dom domain-containing protein	14
A8BNT9	GL50803_1890	84.99	3 exoribonuclease, putative	Exosome complex component RRP46	RNase_PH domain-containing protein	Exosome complex component RRP46	Polyribonucleotide nucleotidyltransferase	1496
A8BNN8	GL50803_16215	61.74	Protein kinase domain-containing protein	G2-specific protein kinase fin1	Predicted protein	G2-specific protein kinase nimA	Protein kinase domain-containing protein	100
A8BNW6	GL50803_2833	92.62	Kinetochore protein SPC25	Kinetochore protein Spc25	Kinetochore protein SPC25	Kinetochore protein Spc25	Kinetochore protein SPC25	60
A8BP54	GL50803_101824	33.08	Uncharacterized protein	Tricalbin-3	Unplaced genomic scaffold supercont1.7, whole genome shotgun sequence	Tricalbin-3	C2 domain-containing protein	7
A8BPA9	GL50803_9307	71.82	Ankyrin repeat protein 1	Neurogenic locus notch homolog protein 4	Ankyrin repeat protein 1	ANK_REP_REGION domain-containing protein	Ankyrin repeat protein 1	136
A8BNL1	GL50803_8842	83.11	ZPR1	Zinc finger protein ZPR1	Zinc finger protein ZPR1	ZPR1 zinc finger	Zpr1 domain-containing protein	251
A8BP44	GL50803_15251	69.79	Uncharacterized protein	None	None	None	None	0
A8BNT5	GL50803_17056	84.18	Ribosomal protein L6	60S ribosomal protein L9	Ribosomal protein L9	60S ribosomal protein L9	50S ribosomal protein L6	1127
A8BNV2	GL50803_113284	81.56	Ankyrin repeat protein 2	DNA-binding protein RFXANK	Ankyrin repeat protein	ANK_REP_REGION domain-containing protein	Ankyrin repeat protein 1	229
A8BNL9	GL50803_8848	70	RNA recognition motif-containing protein	U11/U12 small nuclear ribonucleoprotein 35 kDa protein	RRM domain-containing protein	RRM domain-containing protein	RRM domain-containing protein	415
A8BP53	GL50803_10609	78.31	Kinase, STE STE20	Serine/threonine-protein kinase 24	Protein kinase domain-containing protein	Protein kinase superfamily protein	Non-specific serine/threonine protein kinase	380
A8BNZ9	GL50803_23655	73.46	DinF protein	Multidrug export protein MepA	MATE family efflux transporter	Protein DETOXIFICATION	MATE family efflux transporter	59
A8BNP2	GL50803_8349	36.84	Uncharacterized protein	None	None	None	None	0
A8BNW2	GL50803_2834	73.06	ARF GAP	Arf-GAP with GTPase, ANK repeat and PH domain-containing protein 6	ArfGAP with GTPase domain, ankyrin repeat and PH domain 3	None	Arf-GAP domain-containing protein	3
A8BNX5	GL50803_16299	74.26	Protein SDA1	Protein SDA1 homolog	Protein SDA1	Protein SDA1 homolog	Protein SDA1	61
A8BNM2	GL50803_14787	65.76	Type II inositol-1,4,5-trisphosphate 5-phosphatase	Inositol-1,4,5-trisphosphate 5-phosphatase 1	Type II inositol-1,4,5-trisphosphate 5-phosphatase	Phosphoinositide 5-phosphatase	IPPc domain-containing protein	315
A8BP35	GL50803_15250	81.69	High cysteine membrane protein Group 6	None	Variant-specific surface protein	None	Variant-specific surface protein	2
A8BNZ7	GL50803_3896	74.86	Sec61-gamma	None	Protein transport Sec61-like protein	None	Protein translocase subunit SecE	20
A8BNY1	GL50803_16298	63.49	Ribosomal protein S27a	Ubiquitin-40S ribosomal protein S27b	SSU ribosomal protein S27AE / Ubiquitin	Ubiquitin-40S ribosomal protein S27b	Threonine--tRNA ligase	287
A8BP15	GL50803_113303	82.24	Cathepsin B-like cysteine proteinase	Cathepsin B-like protease 2	Pept_C1 domain-containing protein	Cathepsin B-like protease 2	Pept_C1 domain-containing protein	211
A8BP49	GL50803_10606	92.69	poly(A)-specific ribonuclease	Poly(A) ribonuclease pop2	Poly(A)-specific ribonuclease	Poly(A)-specific ribonuclease	Poly(A)-specific ribonuclease	712
A8BNY3	GL50803_13896	86.9	Cgi67 serine protease-like protein	Alpha/beta hydrolase domain-containing protein 17B	Alpha/beta hydrolase family protein	Alpha/beta-Hydrolases superfamily protein	Hydrolase_4 domain-containing protein	276
A8BP08	GL50803_26838	66.68	Uncharacterized protein	Fanconi anemia core complex-associated protein 24	PND domain-containing protein	FA core complex-associated protein 24	DNA excision repair protein ERCC-1	26
A8BNT0	GL50803_17054	91.68	60S acidic ribosomal protein P0	60S acidic ribosomal protein P0	60S acidic ribosomal protein P0	60S acidic ribosomal protein P0	50S ribosomal protein L10	788
A8BNK8	GL50803_96818	87.24	Nucleoside transporter	Equilibrative nucleotide transporter 3	Int-mfs_transporter_1	Equilibrative nucleotide transporter 1	MFS domain-containing protein	358
A8BPB1	GL50803_9305	79.7	Uncharacterized protein	None	None	None	None	0
A8BNZ4	GL50803_26894	68.8	VSP	Variant-specific surface protein VSP4A1	VSP	P/Homo B domain-containing protein	Variant-specific surface protein	85
A8BNX1	GL50803_2830	69.97	Peptidase A2 domain-containing protein	Probable alpha-L-glutamate ligase	Zn_protease domain-containing protein	Zn_protease domain-containing protein	Zn_protease domain-containing protein	246
A8BNP0	GL50803_8350	84.02	Kinase, NEK	Serine/threonine-protein kinase Nek4	Other NEK kinase	LD04361p	Protein kinase domain-containing protein	450
A8BP13	GL50803_16363	73.48	alanine transaminase	Alanine aminotransferase 2	ALT alanine transaminase	Alanine amino transferase8	Histidinol-phosphate aminotransferase	352
A8BP59	GL50803_10612	93.32	Serine/threonine-protein phosphatase 2A activator	Probable serine/threonine-protein phosphatase 2A activator 1	Serine/threonine-protein phosphatase 2A activator	Probable serine/threonine-protein phosphatase 2A activator 1	Serine/threonine-protein phosphatase 2A activator	939
A8BPN1	GL50803_113030	81.58	Kinase, NEK	Serine/threonine-protein kinase Nek6	ANK2 protein	Protein kinase domain-containing protein	Protein kinase domain-containing protein	535
A8BPQ4	GL50803_10516	84.64	Leucine carboxyl methyltransferase 1	Leucine carboxyl methyltransferase 1	Leucine carboxyl methyltransferase 1	Leucine carboxyl methyltransferase 1	Leucine carboxyl methyltransferase 1	385
A8BPG8	GL50803_4705	64.5	Uncharacterized protein	Golgi apparatus membrane protein TVP18	Predicted protein	CKLF-like MARVEL transmembrane domain-containing protein 2	MARVEL domain-containing protein	41
A8BPS6	GL50803_6602	82.23	Ankyrin repeat protein 2	Serine/threonine-protein phosphatase 6 regulatory ankyrin repeat subunit B	Kinase, NEK	Ankyrin repeat domain 28b	Ankyrin_rpt-contain_dom domain-containing protein	106
A8BPX1	GL50803_15603	68.26	Uncharacterized protein	Coiled-coil domain-containing protein 68	Kinesin motor domain-containing protein	Coiled-coil domain-containing protein 68	Coiled-coil domain-containing protein 68	2
A8BPK8	GL50803_104150	78.51	Serine/threonine-protein kinase PLK	Serine/threonine-protein kinase polo	Aurora kinase	Serine/threonine-protein kinase polo	Non-specific serine/threonine protein kinase	461
A8BPU0	GL50803_103981	74.92	Uncharacterized protein	None	None	None	None	0
A8BPX4	GL50803_12235	78.95	tRNA (guanine(26)-N(2))-dimethyltransferase	tRNA (guanine(26)-N(2))-dimethyltransferase	tRNA (guanine(26)-N(2))-dimethyltransferase	tRNA (guanine(26)-N(2))-dimethyltransferase	tRNA (guanine(26)-N(2))-dimethyltransferase	475
A8BPD3	GL50803_16924	94.25	20S proteasome alpha subunit 1	Proteasome subunit alpha type-6	Proteasome subunit alpha type	Proteasome subunit alpha type-6	Proteasome subunit beta	421
A8BPC9	GL50803_10876	37.36	Uncharacterized protein	None	None	None	None	0
A8BPU7	GL50803_12213	39.83	Uncharacterized protein	None	Glucosidase 2 subunit beta	None	Glucosidase 2 subunit beta	1
A8BPS7	GL50803_27918	91.14	Cystatin	Cysteine proteinase inhibitor 8	Cystatin	Cysteine proteinase inhibitor 8	Cystatin domain-containing protein	169
A8BPZ1	GL50803_15606	87.37	Dynein light chain	Dynein light chain Tctex-type protein 2B	Dynein light chain	Dynein light chain Tctex-type protein 2B	Dynein light chain Tctex-type 1	36
A8BPT0	GL50803_14254	60.96	Ankyrin repeat protein 1	Neurogenic locus notch homolog protein 2	Transmembrane protein	Ankyrin_rpt-contain_dom domain-containing protein	Ankyrin_rpt-contain_dom domain-containing protein	17
A8BPJ4	GL50803_37353	72.46	Ankyrin repeat protein 1	Cortactin-binding protein 2	Ankyrin repeat domain-containing protein	S-acyltransferase	Ankyrin_rpt-contain_dom domain-containing protein	28
A8BPG7	GL50803_27193	70.66	Uncharacterized protein	Claudin-11	MARVEL domain-containing protein	GEO12064p1	MARVEL domain-containing protein	67
A8BPC0	GL50803_103676	94.1	Tubulin alpha chain	Tubulin alpha-3 chain	Tubulin alpha chain	Tubulin alpha chain	Tubulin beta chain	420
A8BPW9	GL50803_12229	36.63	Uncharacterized protein	None	None	None	None	0
A8BPR0	GL50803_13756	93.11	Proteasome subunit beta	Proteasome subunit beta type-3	Proteasome subunit beta	Proteasome subunit beta type-3	Proteasome subunit beta	581
A8BPH5	GL50803_17096	60.78	Ankyrin repeat protein 1	NF-kappa-B inhibitor cactus	Ankyrin repeat-containing protein	Unplaced genomic scaffold supercont1.8, whole genome shotgun sequence	Ankyrin_rpt-contain_dom domain-containing protein	16
A8BPJ0	GL50803_3594	58.73	SANT and BTB domain-containing protein	Zinc finger and BTB domain-containing protein 41	KIAA1841	None	BTB domain-containing protein	15
A8BPD9	GL50803_10882	31.52	Uncharacterized protein	None	None	None	None	0
A8BPK1	GL50803_8496	95.06	Rac/Rho-like protein	Ras-related C3 botulinum toxin substrate 2	Unplaced genomic scaffold supercont1.5, whole genome shotgun sequence	Rac family small GTPase 2	Translation initiation factor IF-2	70
A8BPI7	GL50803_3595	81.11	Endonuclease III homolog	Endonuclease III homolog	Endonuclease III homolog	Endonuclease III homolog	Endonuclease III	692
A8BQ11	GL50803_9922	61.64	Exonuclease 1	DNA damage-inducible protein DIN7	Exonuclease 1	DNA damage-inducible protein DIN7	Flap endonuclease 1	163
A8BPW2	GL50803_12223	69.17	Kinase, NAK	Actin-regulating kinase 1	Protein kinase domain-containing protein	Protein kinase domain-containing protein	Protein kinase domain-containing protein	302
A8BPY6	GL50803_12240	87.18	Kinase, NEK	Cyclin-dependent kinase 1	Protein kinase domain-containing protein	Raf-1 proto-oncogene, serine/threonine kinase a	Protein kinase domain-containing protein	597
A8BPQ1	GL50803_113023	93.97	Tetratricopeptide repeat-containing protein	Probable assembly chaperone of rpl4	Protein O-GlcNAc transferase	TPR domain-containing protein	Tetratricopeptide repeat protein	210
A8BPV9	GL50803_15600	63.99	Uncharacterized protein	Eukaryotic translation initiation factor 3 subunit F-2	JAB_MPN domain-containing protein	JAB_MPN domain-containing protein	MPN domain-containing protein	194
A8BPE9	GL50803_16925	27.88	Uncharacterized protein	None	None	None	None	0
A8BPV3	GL50803_12216	92.57	Vacuolar ATP synthase subunit B	V-type proton ATPase subunit B2	V-type ATP synthase beta chain	Vacuolar proton pump subunit B	ATP synthase subunit beta	499
A8BPC1	GL50803_10868	95.16	Vacuolar ATP synthase E subunit	V-type proton ATPase subunit E 1	V-type proton ATPase subunit E	Vacuolar H ATPase	FliH domain-containing protein	236
A8BPD6	GL50803_10880	40.88	Uncharacterized protein	None	None	None	None	0
A8BPV2	GL50803_12215	89.31	S-adenosylmethionine-dependent methyltransferase	N-terminal Xaa-Pro-Lys N-methyltransferase 1-B	Methyltransferase-like protein 11A	N-terminal Xaa-Pro-Lys N-methyltransferase 1	Ribosomal protein L11 methyltransferase	305
A8BPX0	GL50803_15602	73.21	Uncharacterized protein	None	None	None	None	0
A8BPY0	GL50803_15605	32.37	Uncharacterized protein	None	None	None	None	0
A8BPD8	GL50803_10881	72.18	WD40 repeat protein	E3 ubiquitin-protein ligase TRAF7	WD40 repeat protein	Nucleotide binding protein	ATG16 domain-containing protein	34
A8BQ16	GL50803_15080	41.17	Uncharacterized protein	None	None	None	None	0
A8BPS8	GL50803_6605	63.77	Uncharacterized protein	None	DNA_MISMATCH_REPAIR_2 domain-containing protein	None	Response regulator	2
A8BPT7	GL50803_4383	74.72	Ankyrin repeat protein 3	Cortactin-binding protein 2	Ankyrin repeat domain-containing protein	ANK_REP_REGION domain-containing protein	Ankyrin_rpt-contain_dom domain-containing protein	69
A8BPF1	GL50803_12989	57.79	Uncharacterized protein	Interleukin-3 receptor subunit alpha	Tenascin-X	Interleukin-3 receptor subunit alpha	Fibronectin type-III domain-containing protein	14
A8BPT8	GL50803_88369	56.48	Ankyrin repeat protein 1	Ankyrin repeat and LEM domain-containing protein 1	ANKRD50 protein	Cortactin-binding protein 2	Ankyrin_rpt-contain_dom domain-containing protein	6
A8BPD4	GL50803_10879	52.17	IQ calmodulin-binding motif family protein	IQ and ubiquitin-like domain-containing protein	IQ motif and ubiquitin domain containing	None	IQ and ubiquitin-like domain-containing protein	2
A8BPF9	GL50803_4356	69.77	Uncharacterized protein	None	Chromosome segregation protein SMC	None	Chromosome segregation protein SMC	1
A8BPV0	GL50803_15599	79.88	Uncharacterized protein	Transmembrane protein 208 homolog	DUF788-domain-containing protein	Transmembrane protein 208 homolog	Transmembrane protein 208	134
A8BPC6	GL50803_16923	53.67	Uncharacterized protein	Bardet-Biedl syndrome 7 protein homolog	SFRICE_028111	Bardet-Biedl syndrome 7 protein homolog	DNA damage-binding protein 1	17
A8BPS3	GL50803_14252	69.26	ZipA	None	Unplaced genomic scaffold supercont1.1, whole genome shotgun sequence	Protein NETWORKED 4A	Unplaced genomic scaffold supercont1.1, whole genome shotgun sequence	1
A8BPR3	GL50803_102647	70.33	Sodium/hydrogen exchanger	Sodium/hydrogen exchanger 4	Sodium/hydrogen exchanger	Sodium/hydrogen exchanger	Sodium/hydrogen exchanger	34
A8BPW1	GL50803_12220	94.95	Hydrolase	Bifunctional riboflavin kinase/FMN phosphatase	HAD family hydrolase	Bifunctional riboflavin kinase/FMN phosphatase	Enolase-phosphatase E1	182
A8BQ19	GL50803_9916	57.82	Uncharacterized protein	Elongator complex protein 1	F-box domain-containing protein	WD_REPEATS_REGION domain-containing protein	DNA damage-binding protein 1	26
A8BQ17	GL50803_16659	92.28	26S proteasome regulatory complex component	Probable 26S proteasome regulatory subunit rpn6	PCI domain-containing protein	PCI domain-containing protein	Tetratricopeptide repeat protein	153
A8BPR8	GL50803_17550	92	Cia1	Probable cytosolic iron-sulfur protein assembly protein CIAO1 homolog	Probable cytosolic iron-sulfur protein assembly protein Ciao1	Probable cytosolic iron-sulfur protein assembly protein CIAO1 homolog	Eukaryotic translation initiation factor 3 subunit I	90
A8BPE1	GL50803_10883	77.19	Uncharacterized protein	Tetratricopeptide repeat protein 4 homolog	Tetratricopeptide repeat-containing protein	TPR_REGION domain-containing protein	Tetratricopeptide repeat protein	190
A8BPG1	GL50803_4357	47.89	Phosphatase	Dual specificity phosphatase 28	Dual specificity protein phosphatase 19	Protein-tyrosine-phosphatase	Protein-tyrosine-phosphatase	9
A8BPU6	GL50803_15598	81.83	Vacuolar ATP synthase 16 kDa proteolipid subunit	V-type proton ATPase subunit c''2	Vacuolar ATP synthase proteolipid subunit	V-type proton ATPase subunit c''2	V-type proton ATPase proteolipid subunit	291
A8BQ13	GL50803_15081	68.16	CUB domain-containing protein	MATH domain and coiled-coil domain-containing protein At2g42465	Tenascin-X	PTP_tm domain-containing protein	Host specificity protein J	16
A8BQD0	GL50803_137620	86.51	VSP	Variant-specific surface protein VSP4A1	Variant-specific surface protein	Proprotein convertase subtilisin/kexin type 6	Variant-specific surface protein	183
A8BQJ9	GL50803_14748	45.82	P25-alpha family protein	None	None	None	None	0
A8BQ72	GL50803_2812	84.51	Metal ion transporter CorA-like divalent cation transporter family protein	Magnesium transporter MRS2-C	Transmembrane domain-containing protein	Magnesium transporter MRS2-C	Magnesium transporter	290
A8BQQ3	GL50803_8174	74.53	Ankyrin repeat protein 1	Ankyrin repeat domain-containing protein 6	ANKS3 protein	Ankyrin repeat domain-containing protein 6	Ankyrin_rpt-contain_dom domain-containing protein	10
A8BQB8	GL50803_16412	92.42	Heat-shock protein	Heat shock 70 kDa protein 16	heat shock 70 kDa protein 4 isoform X2	Heat shock 70 kDa protein 16	Chaperone protein DnaK	693
A8BQF4	GL50803_13690	54.21	Uncharacterized protein	None	None	None	None	0
A8BQ89	GL50803_16404	75.86	Thioredoxin-like domain-containing protein	Plant UBX domain-containing protein 11	Thioredoxin-like domain-containing protein	Plant UBX domain-containing protein 11	Thioredoxin domain-containing protein	239
A8BQK6	GL50803_8639	64.99	Chromosome segregation ATPase	None	Chromosome segregation protein	Nuclear distribution protein nudE 1	Chromosome segregation protein	1
A8BQH2	GL50803_4188	75.08	Uncharacterized protein	None	None	None	None	0
A8BQ38	GL50803_9896	40.88	Uncharacterized protein	None	None	None	None	0
A8BQ81	GL50803_21525	52.72	Uncharacterized protein	None	None	None	None	0
A8BQ80	GL50803_32697	48.2	Methyltransferase domain-containing protein	Demethylmenaquinone methyltransferase	Methyltransf_11 domain-containing protein	Demethylmenaquinone methyltransferase	Ubiquinone/menaquinone biosynthesis C-methyltransferase UbiE	292
A8BQQ2	GL50803_14654	61.55	Uncharacterized protein	ATP-sensitive inward rectifier potassium channel 15	Tenascin-X	Si:ch211-207e14.4	Fibronectin type-III domain-containing protein	8
A8BQ33	GL50803_16658	60.31	Nucleolar protein, Nop52	Ribosomal RNA processing protein 1 homolog A	Nop52-domain-containing protein	Os04g0658600 protein	Ribosomal RNA processing protein 1 homolog B	2
A8BQK8	GL50803_114199	80.4	Ankyrin repeat protein 1	TRIO and F-actin-binding protein	Ankyrin repeat protein 1	Myosin phosphatase Rho-interacting protein	PH domain-containing protein	139
A8BQ93	GL50803_16406	80.15	Chaperone protein DnaJ subfamily C	Zuotin	DnaJ homolog subfamily C member 21 (inferred by orthology to a human protein)	BMA-DNJ-17	C2H2-type domain-containing protein	8
A8BQ84	GL50803_2622	85.23	Phosphatidylinositol-4-phosphate 5-kinase	Radial spoke head 1 homolog	Radial spoke head component 1	Radial spoke head 1 homolog	MORN repeat-containing protein 5	20
A8BQ40	GL50803_9894	50.15	Protein phosphatase 2A regulatory subunit, putative	Serine/threonine protein phosphatase 2A regulatory subunit B''alpha	EF-hand domain-containing protein	Serine/threonine protein phosphatase 2A regulatory subunit B''alpha	EF-hand domain-containing protein	18
A8BQL4	GL50803_1713	79.37	Ankyrin repeat protein 1	Sex-determining protein fem-1	Ankyrin repeat protein	Sex-determining protein fem-1	Ankyrin repeat protein 1	213
A8BQB1	GL50803_100955	91.46	Mitotic spindle checkpoint protein MAD2	Mitotic spindle assembly checkpoint protein MAD2A	Mitotic spindle checkpoint protein MAD2	Mitotic spindle assembly checkpoint protein MAD2A	HORMA domain-containing protein	451
A8BQ23	GL50803_15078	88.66	Metal-dependent hydrolase related to alanyl-tRNA synthetase	Alanyl-tRNA editing protein Aarsd1	Alanine--tRNA ligase	Alanyl-tRNA editing protein Aarsd1	Alanine--tRNA ligase	1471
A8BQG5	GL50803_16200	91.02	Developmentally regulated GTP-binding protein 1	Developmentally-regulated GTP-binding protein 1 homolog	GTP-binding protein	Os07g0627800 protein	GTPase Obg	578
A8BQL0	GL50803_17030	90.89	Chaperone protein dnaJ	Iron-sulfur cluster co-chaperone protein HscB homolog	Chaperone protein dnaJ	Co chaperone protein HscB, mitochondrial	Co-chaperone protein HscB homolog	298
A8BQG0	GL50803_13694	73.93	Uncharacterized protein	Tubulin polyglutamylase complex subunit 1	tubulin polyglutamylase complex subunit 1-like isoform X2	Tubulin polyglutamylase complex subunit 1	Tubulin polyglutamylase complex subunit 1	19
A8BQ45	GL50803_5274	32.99	Uncharacterized protein	None	None	None	None	0
A8BQJ1	GL50803_17036	72.07	SET domain-containing protein	SET and MYND domain-containing protein DDB_G0292454	SET domain-containing protein	SET domain-containing protein	SET domain-containing protein	388
A8BQ31	GL50803_15076	85.72	Annexin	Annexin A10	Annexin	Annexin	Annexin	830
A8BQN9	GL50803_3565	77.41	tRNA-dihydrouridine(47) synthase [NAD(P)(+)]	tRNA-dihydrouridine(47) synthase [NAD(P)(+)]-like	FMN-linked oxidoreductases superfamily protein	tRNA-dihydrouridine(47) synthase [NAD(P)(+)]	tRNA-dihydrouridine synthase	401
A8BQF6	GL50803_13691	40.91	Uncharacterized protein	None	None	None	None	0
A8BQL3	GL50803_101918	44.77	Uncharacterized protein	RNA annealing protein YRA2	AcT domain-containing protein	Splicing factor ptsr1-like protein	ACT domain-containing protein	123
A8BQI0	GL50803_16202	95.37	Axoneme central apparatus protein	Sperm-associated antigen 6	Sperm associated antigen 6-like protein	Paralyzed_flagella_protein_16	RING-type E3 ubiquitin transferase	150
A8BQ55	GL50803_31309	53.45	Serine/threonine-protein phosphatase	Serine/threonine-protein phosphatase PP-X homolog 2	Serine/threonine-protein phosphatase	Serine/threonine-protein phosphatase	Serine/threonine-protein phosphatase	1215
A8BQC4	GL50803_2597	83.34	SnRNP Sm-like protein	Probable small nuclear ribonucleoprotein E	SnRNP Sm related protein	Small nuclear ribonucleoprotein E	Small nuclear ribonucleoprotein Sm D1	374
A8BQA4	GL50803_100959	79.84	Methyltransferase	Protein-lysine methyltransferase C42C1.13	Methyltransferase	Valosin-containing protein lysine (K) methyltransferase	Ubiquinone biosynthesis O-methyltransferase	159
A8BQP3	GL50803_3563	47.39	Uncharacterized protein	None	None	None	None	0
A8BQB3	GL50803_16411	89.06	EF hand domain-containing protein	Caltractin	Calcium-binding protein, EF-hand superfamily	Caltractin	Calmodulin	176
A8BQH0	GL50803_101832	82.66	High cysteine membrane protein	Cadherin-4	High cysteine protein	Cadherin-4	Variant-specific surface protein	25
A8BQI8	GL50803_17037	44.47	Uncharacterized protein	None	None	None	None	0
A8BQA8	GL50803_16407	93.31	Ankyrin repeat protein 1	Ankyrin-3	Ankyrin repeat protein	Ankyrin 1, erythrocytic a	Ankyrin repeat protein 1	133
A8BQ65	GL50803_16110	82.25	tRNA-ribosyltransferase	tRNA A64-2'-O-ribosylphosphate transferase	Initiator tRNA phosphate transferase RIT1	tRNA a64-2'-O-ribosylphosphate transferase	Protein-tyrosine-phosphatase	105
A8BQH7	GL50803_4192	93.32	ADP-Ribosylation Factor like protein 2b	ADP-ribosylation factor-like protein 2	ADP-ribosylation factor-like protein 2	Os02g0327100 protein	Translation initiation factor IF-2	79
A8BQ63	GL50803_5809	44.15	Uncharacterized protein	Endoplasmic reticulum metallopeptidase 1	CSON010609 protein	Bm1828	Peptidase_M28 domain-containing protein	51
A8BQP7	GL50803_14655	34.99	Uncharacterized protein	None	None	None	None	0
A8BQA5	GL50803_6404	74.88	Kinesin-9	Kinesin-like protein KIN-14G	Kinesin-like protein	Kinesin-like protein	Kinesin-like protein	426
A8BQ62	GL50803_5810	92.66	Pyridoxamine 5'-phosphate oxidase	General stress protein 26	Pyrid_ox_like domain-containing protein	F420H(2)-dependent reductase Rv1155	Pyridoxine/pyridoxamine 5'-phosphate oxidase	349
A8BQ91	GL50803_21531	52.69	Uncharacterized protein	None	None	None	None	0
A8BQN8	GL50803_13390	85.05	VSP	Major surface-labeled trophozoite antigen 417	VSP	R-spondin-1	Variant-specific surface protein	236
A8BQM2	GL50803_11521	88.78	VSP	Variant-specific surface protein VSP4A1	VSP	R-spondin-3	Variant-specific surface protein	224
A8BQL1	GL50803_101919	65.72	5'-AMP-activated protein kinase, beta-1 subunit	Protein FLOURY ENDOSPERM 6, chloroplastic	AMPK1_CBM domain-containing protein	Protein FLOURY ENDOSPERM 6, chloroplastic	AMPK1_CBM domain-containing protein	239
A8BQ29	GL50803_15077	71.24	Indigoidine synthase A like protein	Pseudouridine-5'-phosphate glycosidase	Pseudouridine-5'-phosphate glycosidase	Zgc:136858	Pseudouridine-5'-phosphate glycosidase	424
A8BQ51	GL50803_23756	59.56	E2F/DP family winged-helix DNA-binding domain-containing protein	E2F transcription factor-like E2FF	E2F transcription factor 7	E2F transcription factor-like E2FD	Transcription factor E2F7	12
A8BQ26	GL50803_9909	92.6	Pyruvate, phosphate dikinase	Pyruvate, phosphate dikinase	Pyruvate, orthophosphate dikinase	Pyruvate, phosphate dikinase 1, chloroplastic	Pyruvate, phosphate dikinase	387
A8BQJ2	GL50803_103888	81.28	Uncharacterized protein	Restriction of telomere capping protein 1	Metalloexopeptidases	Guanine nucleotide-binding protein subunit beta-like protein	WD_REPEATS_REGION domain-containing protein	111
A8BQK4	GL50803_8638	85.17	Ubiquitin-conjugating enzyme E2-28.4 kDa	Ubiquitin-conjugating enzyme E2 J1	UBC core domain-containing protein	UBC core domain-containing protein	UBC core domain-containing protein	523
A8BQ35	GL50803_28994	54.99	Uncharacterized protein	None	Flagellar secretion chaperone FliS	None	Flagellar secretion chaperone FliS	5
A8BQH5	GL50803_4191	66.6	Kinase, CMGC CDK	Serine/threonine-protein kinase KIN28	Protein kinase domain-containing protein	Serine/threonine-protein kinase KIN28	Protein kinase domain-containing protein	396
A8BQ48	GL50803_5277	71.06	Uncharacterized protein	E3 ubiquitin protein ligase RIE1	Transmembrane protein	RING-type domain-containing protein	RING-type domain-containing protein	36
A8BQI1	GL50803_4197	82.7	Phosphatidylinositol transfer protein alpha isoform	Phosphatidylinositol transfer protein 1	Phosphatidylinositol transfer protein alpha isoform	Phosphatidylinositol transfer protein 1	Phosphatidylinositol transfer protein	52
A8BQX2	GL50803_112207	90.86	VSP	None	VSP	None	Variant-specific surface protein	67
A8BR09	GL50803_13874	82.93	Cyclin-like protein	Cyclin-U1-1	Cyclin-like protein	Cyclin	Cyclin N-terminal domain-containing protein	254
A8BR74	GL50803_20551	89.84	F5/8 type C domain-containing protein	SUN domain-containing protein 5	F5/8 type C domain containing protein	SUN domain-containing protein	F5/8 type C domain-containing protein	192
A8BQV5	GL50803_9802	90.94	Ankyrin repeat protein 1	Ankycorbin	Protein 21.1	ANK_REP_REGION domain-containing protein	Ankyrin repeat protein 1	162
A8BQY2	GL50803_13878	68.56	Uncharacterized protein	Probable DNA-directed RNA polymerase III subunit RPC6	RNA polymerase Rpc34 subunit-containing protein	DNA-directed RNA polymerase III subunit RPC6	PadR family transcriptional regulator	61
A8BR67	GL50803_14109	93.63	GPN-loop GTPase 2	GPN-loop GTPase 3	GPN-loop GTPase 2	GPN-loop GTPase 2	CTP synthase	474
A8BR37	GL50803_33787	88.74	Na+ driven multidrug efflux pump	Multidrug export protein MepA	MATE efflux family protein	Multidrug export protein MepA	Protein DETOXIFICATION	208
A8BR04	GL50803_27423	40.42	Uncharacterized protein	None	Calmodulin-like protein	None	Calmodulin-like protein	1
A8BQR2	GL50803_24194	70.52	Ankyrin repeat protein 1	Ankyrin repeat domain-containing protein SOWAHC	TKL protein kinase	ANK_REP_REGION domain-containing protein	Ankyrin_rpt-contain_dom domain-containing protein	39
A8BR45	GL50803_13737	33.09	Ring finger domain-containing protein	E3 ubiquitin-protein ligase ZNRF3	LON peptidase N-terminal domain and RING finger protein 3-like	Elfless, isoform B	RING-type domain-containing protein	14
A8BR53	GL50803_17354	69.56	Cleavage/polyadenylation specificity factor A subunit N-terminal domain-containing protein	U3 small nucleolar RNA-associated protein 17	WD40 repeat-like protein	U3 small nucleolar RNA-associated protein 17	WD_REPEATS_REGION domain-containing protein	52
A8BR19	GL50803_14492	47.98	Uncharacterized protein	Tubulin beta chain	Delta-tubulin	Tubulin alpha chain	Tubulin beta chain	200
A8BQV2	GL50803_9803	87.32	La ribonucleoprotein	Lupus La protein homolog	Small RNA binding exonuclease protection factor La	HTH La-type RNA-binding domain-containing protein	RRM domain-containing protein	120
A8BQV6	GL50803_28962	50.5	Uncharacterized protein	None	None	None	None	0
A8BQS0	GL50803_90950	58.32	ATP-dependent RNA helicase	ATP-dependent rRNA helicase rrp3	RNA helicase	RNA helicase	RNA helicase	292
A8BR57	GL50803_17352	31.28	Uncharacterized protein	None	None	None	None	0
A8BQW4	GL50803_16573	35.04	Uncharacterized protein	None	None	None	None	0
A8BQV8	GL50803_15049	86.76	Kinase, NEK	Serine/threonine-protein kinase Nek2	Protein kinase domain-containing protein	LD04361p	Protein kinase domain-containing protein	399
A8BR12	GL50803_5249	87.58	Biglycan	Volume-regulated anion channel subunit LRRC8A	Biglycan	AT5g22320/MWD9_11	Leucine-rich repeat-containing protein 51	149
A8BQU9	GL50803_9808	85.41	Chaperone protein DnaJ	DnaJ homolog subfamily A member 4	DnaJ like protein subfamily A member 1	DnaJ homolog subfamily A member 4	Chaperone protein DnaJ	797
A8BQQ6	GL50803_8173	92.5	glycerol kinase	Glycerol kinase	Glycerol kinase	Glycerol kinase	Glycerol kinase	723
A8BQW1	GL50803_15048	78.98	ATP-dependent RNA helicase-like protein	ATP-dependent RNA helicase ded1	DEAD-domain-containing protein	DEAD-box ATP-dependent RNA helicase 52	RNA helicase	410
A8BR17	GL50803_7593	73.79	D123 family protein	Cell division cycle protein 123 homolog	D123 family protein	Cell division cycle protein 123 homolog	Cell division cycle protein 123	208
A8BQU2	GL50803_104685	78.34	Caltractin	Caltractin	Non-specific serine/threonine protein kinase	Centrin 3	Calmodulin	268
A8BQW5	GL50803_16572	74.91	N-terminal acetyltransferase B complex catalytic subunit	N-terminal acetyltransferase B complex catalytic subunit NAA20	N-terminal acetyltransferase	N acetyltransferase	N-acetyltransferase domain-containing protein	462
A8BQU8	GL50803_9810	62.06	Ribosomal protein L44	60S ribosomal protein L36a	Ribosomal protein L36A	60S ribosomal protein L36a	60S ribosomal protein L44	115
A8BR22	GL50803_7597	62.72	Uncharacterized protein	Vacuolar protein sorting-associated protein 51 homolog	Component of oligomeric Golgi complex 7	Vacuolar protein sorting-associated protein 51 homolog	Vacuolar protein sorting-associated protein 51 homolog	14
A8BR27	GL50803_14493	86.72	Mre11	Double-strand break repair protein MRE11	Mre11	Double-strand break repair protein	Double-strand break repair protein	256
A8BR86	GL50803_15984	84.64	Impact-like protein	Protein IMPACT	Impact-like protein	RWD domain-containing protein	UPF0029 domain-containing protein	209
A8BR87	GL50803_5746	46.64	Lecithin-cholesterol acyl transferase	Phospholipase A(1) LCAT3	Phosphatidylcholine-sterol acyltransferase	Phospholipase A(1) LCAT3	Lipase	13
A8BR03	GL50803_13876	92.32	WD-repeat protein 5	COMPASS-like H3K4 histone methylase component WDR5A	ATG16 domain-containing protein	COMPASS-like H3K4 histone methylase component WDR5A	WD_REPEATS_REGION domain-containing protein	109
A8BR25	GL50803_7600	62.86	Uncharacterized protein	None	Integrase, catalytic core	None	Integrase, catalytic core	1
A8BR83	GL50803_15985	82.15	MSP domain-containing protein	Vesicle-associated membrane protein-associated protein SCS22	PapD-like protein	Phosphatidylinositol-binding protein	Major sperm protein	321
A8BQT4	GL50803_5213	76.69	tRNA dihydrouridine synthase	tRNA-dihydrouridine(16/17) synthase [NAD(P)(+)]	tRNA-dihydrouridine synthase	tRNA dihydrouridine synthase	tRNA-dihydrouridine synthase	274
A8BQY8	GL50803_13262	77.35	Flagellar C1a complex subunit C1a-32	Coiled-coil domain-containing protein 189	ciliary-associated calcium-binding coiled-coil protein 1 isoform X1	Si:ch73-81k8.2	Coiled-coil domain-containing protein 189	2
A8BQT2	GL50803_33809	72.36	rRNA biogenesis protein RRP36	rRNA biogenesis protein rrp36	rRNA biogenesis protein RRP36	rRNA biogenesis protein RRP36	rRNA biogenesis protein RRP36	573
A8BQU4	GL50803_19509	74.62	Qc-SNARE 4	None	Syntaxin 8	None	t-SNARE coiled-coil homology domain-containing protein	3
A8BQZ7	GL50803_17364	66.79	40S ribosomal protein S26	40S ribosomal protein S26-1	40S ribosomal protein S26	40S ribosomal protein S26-1	40S ribosomal protein S26	750
A8BR00	GL50803_5258	49.23	Uncharacterized protein	None	None	None	None	0
A8BR64	GL50803_115478	75.32	Ankyrin repeat protein 1	Ankyrin repeat domain-containing protein 35	Kidins220 protein	ANK_REP_REGION domain-containing protein	Ankyrin_rpt-contain_dom domain-containing protein	7
A8BQT0	GL50803_16577	79.41	DinF protein	Probable multidrug resistance protein NorM	MATE efflux family protein	Probable multidrug resistance protein NorM	Protein DETOXIFICATION	163
A8BR33	GL50803_14494	53.99	Uncharacterized protein	None	Endo/exonuclease/phosphatase domain-containing protein	None	Endo/exonuclease/phosphatase domain-containing protein	1
A8BR52	GL50803_41569	87.2	Uncharacterized protein	Exosome complex component Rrp42	Ribosomal RNA-processing protein 43	Ribosomal RNA-processing protein 43	Polyribonucleotide nucleotidyltransferase	1498
A8BR38	GL50803_4820	63.86	Uncharacterized protein	ADP-ribosylation factor-like protein 13B	ADP-ribosylation factor-like protein	ADP-ribosylation factor-like protein 13B	Sulfate adenylyltransferase subunit 1	97
A8BR81	GL50803_27602	43.5	Nop14-like family protein	None	None	None	None	0
A8BQS3	GL50803_5206	54.82	Uncharacterized protein	Taste receptor type 2 member 136	Regulator of phospholipase D SRF1	MARVEL domain-containing protein	MARVEL domain-containing protein	9
A8BQZ4	GL50803_17365	78.68	PAP2 superfamily protein	Phosphatidylglycerophosphatase B	acidPPc domain-containing protein	acidPPc domain-containing protein	acidPPc domain-containing protein	257
A8BQS2	GL50803_13863	44.31	Uncharacterized protein	DNA-entry nuclease inhibitor	Competence protein J (ComJ)	None	Competence protein J (ComJ)	3
A8BQR9	GL50803_33807	72.31	Ankyrin repeat protein 2	Ankyrin repeat domain-containing protein 6	Protein 21.1	Ankyrin repeat domain-containing protein 6	RING-type domain-containing protein	39
A8BR43	GL50803_4816	61.37	Uncharacterized protein	None	None	None	None	0
A8BRL1	GL50803_3678	85.97	Vacuolar ATP synthase subunit D	V-type proton ATPase subunit D	Vacuolar ATP synthase subunit D	Os04g0643100 protein	V-type ATP synthase subunit D	360
A8BRX7	GL50803_16521	96.23	Alpha-snap	Alpha-soluble NSF attachment protein	Beta-soluble NSF attachment protein	Alpha-SNAP protein	Tetratricopeptide repeat protein	200
A8BRI2	GL50803_16234	87.34	Meiosis-specific nuclear structural protein 1	None	None	None	None	0
A8BRC6	GL50803_14093	84.09	Magnesium transporter	Magnesium transporter MRS2-7	Magnesium transporter	Magnesium transporter	Magnesium transporter	417
A8BRA2	GL50803_20593	72.87	TM2 domain-containing protein	TM2 domain-containing protein ZK858.5	TM2 domain-containing protein	TM2 domain-containing protein ZK858.5	TM2 domain-containing protein	407
A8BR95	GL50803_21321	83.35	High cysteine membrane protein Group 5	None	High cysteine membrane protein Group 2	None	High cysteine membrane protein Group 2	1
A8BRL4	GL50803_17011	53.04	Uncharacterized protein	None	None	None	None	0
A8BRD3	GL50803_4692	29.7	Uncharacterized protein	None	None	None	None	0
A8BRU2	GL50803_14689	55.26	Uncharacterized protein	Apoptosis inhibitor 5	TOG domain-containing protein	None	CLASP_N domain-containing protein	3
A8BR89	GL50803_15983	92.84	proline--tRNA ligase	Proline--tRNA ligase	Proline--tRNA ligase	Proline--tRNA ligase	Proline--tRNA ligase	1146
A8BRM2	GL50803_27147	60.04	Signal transduction protein	Protein unc-119 homolog B-B	GMP_PDE_delta domain-containing protein	GMP_PDE_delta domain-containing protein	GMP_PDE_delta domain-containing protein	72
A8BRD7	GL50803_93693	37.82	RRM domain-containing protein	Protein mono-ADP-ribosyltransferase PARP10	RRM domain-containing protein	None	RRM domain-containing protein	9
A8BRP1	GL50803_6170	76.95	Coatomer delta subunit	Coatomer subunit delta	Coatomer subunit delta	Coatomer subunit delta	Coatomer subunit delta	10
A8BRM3	GL50803_4587	39.81	Microtubule-binding calmodulin-regulated spectrin-associated protein	None	None	None	None	0
A8BRM0	GL50803_13661	89.08	Eukaryotic translation initiation factor 3 subunit 2	Eukaryotic translation initiation factor 3 subunit I	Eukaryotic translation initiation factor 3 subunit I	Eukaryotic translation initiation factor 3 subunit I	Eukaryotic translation initiation factor 3 subunit I	122
A8BRN7	GL50803_6175	85.79	Nitroreductase family protein fused to ferredoxin domain Fd-NR1	Bifunctional F420 biosynthesis protein FbiB	Nitroreductase family protein fused to ferredoxin domain Fd-NR1	Nitroreductase-like protein	Nitroreductase	187
A8BRH4	GL50803_16236	77.12	Uncharacterized protein	None	None	None	None	0
A8BRC7	GL50803_93671	73.12	Casein kinase II subunit beta	Casein kinase II subunit beta-2	Casein kinase II subunit beta	Casein kinase II subunit beta	Casein kinase II subunit beta	985
A8BRX1	GL50803_16519	87.22	AstB/chuR-related protein	Probable GTP 3',8-cyclase	AstB/chuR-related protein	Arylsulfatase regulator	Lipoyl synthase	774
A8BRR0	GL50803_103944	83	Kinase, NEK	Serine/threonine-protein kinase Nek8	ANK2 protein	Protein kinase domain-containing protein	Protein kinase domain-containing protein	514
A8BRE3	GL50803_17371	82.7	Dynein light chain	Dynein light chain Tctex-type protein 2B	Dynein light chain	Dynein light chain Tctex-type protein 2B	Dynein light chain Tctex-type 1	34
A8BRJ1	GL50803_16232	38.73	PHD-zinc-finger like domain-containing protein	Transcription factor 20	Histone-lysine N-methyltransferase	Ankyrin-2	PHD finger protein 6	8
A8BRC8	GL50803_101260	71.28	EF-hand domain-containing protein	None	None	None	None	0
A8BRJ3	GL50803_16233	38.19	Uncharacterized protein	None	None	None	None	0
A8BRL2	GL50803_3679	84.19	Transcription factor Pcc1	EKC/KEOPS complex subunit Lage3	EKC/KEOPS complex subunit LAGE3-like protein	At5g53043	Phosphoglucosamine mutase	482
A8BRY6	GL50803_19436	87.13	Ribosomal protein L7	60S ribosomal protein L7-2	60S ribosomal protein L7	60S ribosomal protein L7-1	50S ribosomal protein L30	967
A8BRX3	GL50803_10919	67.53	Ribosomal protein S10B	40S ribosomal protein S10	Ribosomal protein S10B	S10_plectin domain-containing protein	S10_plectin domain-containing protein	382
A8BRJ7	GL50803_12867	54.36	Uncharacterized protein	Vacuolar protein-sorting-associated protein 36	VPS36 protein	Vacuolar protein-sorting-associated protein 36	ArsR family transcriptional regulator	230
A8BRU1	GL50803_8364	78.49	thymidine kinase	Thymidine kinase, cytosolic	Thymidine kinase	Thymidine kinase	Thymidine kinase	1155
A8BRB4	GL50803_5294	60.83	Protein F10G7.1	Pre-rRNA-processing protein TSR1 homolog	Protein F10G7.1	Bms1-type G domain-containing protein	Bms1-type G domain-containing protein	174
A8BRH7	GL50803_19003	68.74	Ribosomal protein L24A	50S ribosomal protein L24e	TRASH domain-containing protein	Probable ribosome biogenesis protein RLP24	TRASH domain-containing protein	205
A8BRI7	GL50803_13273	92.77	Axonemal dynein light chain	33 kDa inner dynein arm light chain, axonemal	33 kDa inner dynein arm light chain, axonemallike [Aplysia californica]	Axonemal dynein light intermediate polypeptide 1	Axonemal dynein light intermediate polypeptide 1	10
A8BRK1	GL50803_15834	36.7	Uncharacterized protein	None	None	None	None	0
A8BRC3	GL50803_14095	95.23	Replication factor C, subunit 4	Probable replication factor C subunit 2	AAA domain-containing protein	AAA domain-containing protein	Holliday junction ATP-dependent DNA helicase RuvB	752
A8BRT4	GL50803_95406	40.82	Uncharacterized protein	None	ABC transporter permease subunit	None	ABC transporter permease subunit	1
A8BRN8	GL50803_17014	73.87	Nuclear ATP/GTP-binding protein	Cytosolic carboxypeptidase 6	ATP/GTP binding protein like 4	Peptidase_M14 domain-containing protein	Peptidase_M14 domain-containing protein	184
A8BRK4	GL50803_113242	83.46	High cysteine protein	Major surface-labeled trophozoite antigen 417	Variant-specific surface protein	Nesprin-2	Variant-specific surface protein	212
A8BRS7	GL50803_95451	53.47	Uncharacterized protein	Claudin-2	membrane-spanning 4-domains subfamily A member 15-like	Claudin-2	MARVEL domain-containing protein	31
A8BRN5	GL50803_6176	28.88	Uncharacterized protein	None	None	None	None	0
A8BRN9	GL50803_6171	47.4	Uncharacterized protein	None	None	None	None	0
A8BRK2	GL50803_12800	72.68	Leucine-rich repeat protein	Leucine-rich repeat-containing protein 23	LRGUK protein	Leucine-rich repeat-containing protein 23	U2 small nuclear ribonucleoprotein A'	59
A8BRG1	GL50803_6139	49.19	Nucleoporin	Zinc finger protein 106	Katanin p80 WD40 repeat-containing subunit B1 homolog	WD_REPEATS_REGION domain-containing protein	WD40 repeat-like protein	13
A8BRL8	GL50803_17012	61.55	Brix domain-containing protein	Nucleolar protein 12	Rna-binding protein 34	LD36772p	RRM domain-containing protein	59
A8BRD5	GL50803_17375	26.3	Uncharacterized protein	None	None	None	None	0
A8BRU8	GL50803_8360	90.38	Acid sphingomyelinase	Acid sphingomyelinase-like phosphodiesterase 3a	Acid sphingomyelinase-like phosphodiesterase 3b	Acid sphingomyelinase-like phosphodiesterase 3a	Metallophos domain-containing protein	232
A8BRF6	GL50803_6140	87.54	Kinase, NEK	E3 ubiquitin-protein ligase KEG	Ankyrin repeat-containing domain protein	NIMA related kinase 4	Protein kinase domain-containing protein	529
A8BRH0	GL50803_6132	85.48	Major facilitator family protein	Major facilitator superfamily domain-containing protein 1	Int-mfs_transporter_41	Nitrate/nitrite transporter	MFS transporter	335
A8BRG5	GL50803_6135	72.15	Ribosomal protein S17	40S ribosomal protein S17	SSU ribosomal protein S17E	40S ribosomal protein S17	40S ribosomal protein S17	287
A8BRQ8	GL50803_7198	27.5	Uncharacterized protein	None	None	None	None	0
A8BRA8	GL50803_17380	90.04	High cysteine membrane protein	None	High cysteine membrane protein	None	Variant-specific surface protein	98
A8BRV7	GL50803_13921	83.34	Kinase, NEK	Probable serine/threonine-protein kinase nek2	Other NEK kinase	NIMA related kinase 2	Protein kinase domain-containing protein	378
A8BRI9	GL50803_13272	81.6	Uridine nucleosidase	Probable ribonucleoside hydrolase	Nucleoside hydrolase	Si:ch211-201h21.5	Nucleoside hydrolase	335
A8BRG3	GL50803_16237	68.22	Sperm tail domain-containing protein	Dynein regulatory complex protein 1	Coiled-coil domain-containing protein 164	NYD-SP28 domain-containing protein	NYD-SP28 domain-containing protein	3
A8BRB1	GL50803_13889	97.55	Maf-like protein yhdE	dTTP/UTP pyrophosphatase	dTTP/UTP pyrophosphatase	dTTP/UTP pyrophosphatase	dTTP/UTP pyrophosphatase	722
A8BRV0	GL50803_8358	24.15	Uncharacterized protein	None	None	None	None	0
A8BRP4	GL50803_17015	89.08	Ankyrin 1	Inversin	CARD- and ANK-containing Inflammasome Adaptor Protein	Inversin	Ankyrin_rpt-contain_dom domain-containing protein	199
A8BRN2	GL50803_6179	84.44	SnRNP Sm-like protein	U6 snRNA-associated Sm-like protein LSm6	LSM domain-containing protein	Probable U6 snRNA-associated Sm-like protein LSm6	Sm domain-containing protein	293
A8BRU6	GL50803_8361	77.97	SOF1 protein	DDB1- and CUL4-associated factor 13	DDB1- and CUL4-associated factor 13	DDB1- and CUL4-associated factor 13	WD_REPEATS_REGION domain-containing protein	104
A8BRD6	GL50803_13007	66.08	Zinc finger domain protein	Core trichothecene cluster (CTC) protein 15	C2H2-type zinc finger transcription factor	C2H2-type domain-containing protein	C2H2-type domain-containing protein	58
A8BRX5	GL50803_10924	82.27	DUF4200 domain-containing protein	Coiled-coil domain-containing protein 42 like-2	SET domain-containing protein	Coiled-coil domain-containing protein 42	DUF4200 domain-containing protein	10
A8BRU9	GL50803_8359	81.56	Cyclin N-terminal domain-containing protein	PHO85 cyclin-5	Cyclin N-terminal domain-containing protein	PHO85 cyclin-5	Cyclin N-terminal domain-containing protein	274
A8BRT8	GL50803_14690	84.86	Uncharacterized protein	Rhomboid-like protein 15	Rhomboid family protein	UBA domain-containing protein	Rhomboid domain-containing protein	283
A8BRR3	GL50803_113268	77.67	Notch 2, putative	None	Interphotoreceptor matrix proteoglycan 2b	None	Interphotoreceptor matrix proteoglycan 2b	1
A8BRM7	GL50803_4590	51.86	Uncharacterized protein	None	None	None	None	0
A8BR92	GL50803_5742	71.47	Uncharacterized protein	None	Structure-specific endonuclease subunit SLX4	None	Structure-specific endonuclease subunit SLX4	1
A8BR98	GL50803_12770	78.09	START domain-containing protein	StAR-related lipid transfer protein 6	START domain-containing protein	START domain-containing protein	START domain-containing protein	245
A8BRS8	GL50803_16450	73.69	Radial spoke protein 3	None	radial spoke head protein 3 homolog	None	Radial spoke head 3	2
A8BRK9	GL50803_3677	86.58	Kinase, NEK	Serine/threonine-protein kinase Nek6	Protein kinase domain-containing protein	Serine/threonine-protein kinase NrkA	Protein kinase domain-containing protein	395
A8BRG2	GL50803_6138	80.31	Nucleoporin autopeptidase	Nuclear pore complex protein Nup98-Nup96	Peptidase S59 domain-containing protein	Os12g0165900 protein	Peptidase S59 domain-containing protein	227
A8BS23	GL50803_10079	32.44	Spindle pole protein	None	None	None	None	0
A8BSD5	GL50803_112630	82.68	Lipid-binding serum glycoprotein C-terminal domain-containing protein	Phospholipid transfer protein	BPI domain containing protein	Phospholipid transfer protein	Bactericidal permeability-increasing protein	109
A8BS92	GL50803_16266	70.18	Uncharacterized protein	None	None	None	None	0
A8BS86	GL50803_8410	64.29	Uncharacterized protein	None	RING-type domain-containing protein	None	RING-type domain-containing protein	1
A8BS66	GL50803_22850	92.52	Mitogen-activated protein kinase	Mitogen-activated protein kinase 15	Mitogen-activated protein kinase	Mitogen-activated protein kinase	Non-specific serine/threonine protein kinase	472
A8BS62	GL50803_15869	89.92	GTP-binding nuclear protein	GTP-binding nuclear protein Ran	GTP-binding nuclear protein	GTP-binding nuclear protein Ran	GTP-binding nuclear protein	152
A8BS26	GL50803_15110	83.18	Uncharacterized protein	Partitioning defective 3 homolog B	Cytokin_check_N domain-containing protein	Par-3 family cell polarity regulator alpha, b	Ubiquitin receptor RAD23	57
A8BS40	GL50803_16375	87.46	Intraflagellar transport protein IFT56	Intraflagellar transport protein 56	Tetratricopeptide repeat protein	Intraflagellar transport protein 56	Tetratricopeptide repeat protein	194
A8BRZ3	GL50803_16525	67.75	Ribosomal protein L3	60S ribosomal protein L3-B	LSU ribosomal protein L3P	60S ribosomal protein L3-B	50S ribosomal protein L3	1029
A8BSC1	GL50803_116477	85.99	VSP	Variant-specific surface protein VSP4A1	Variant-specific surface protein	Surface antigen-like protein	Variant-specific surface protein	196
A8BS90	GL50803_8407	96.55	Aminoacyl-histidine dipeptidase	Cytosol non-specific dipeptidase	Aminoacyl-histidine dipeptidase	Aminoacyl-histidine dipeptidase	Succinyl-diaminopimelate desuccinylase	437
A8BRZ0	GL50803_24947	81.52	Vacuolar protein sorting 46b	Charged multivesicular body protein 1a	3-hydroxyanthranilate 3,4-dioxygenase	MTS domain-containing protein	PspA/IM30 family protein	39
A8BS53	GL50803_134441	77.14	LisH domain-containing protein	Centrosomal protein 20	LisH domain-containing protein	Centrosomal protein 20	LisH domain-containing protein	199
A8BSF8	GL50803_13999	36.68	Uncharacterized protein	None	None	None	None	0
A8BSF6	GL50803_17154	69.36	Ribosomal RNA-processing protein 7	None	Ribosomal RNA-processing protein 7	None	RRP7 domain-containing protein	5
A8BS34	GL50803_15113	85.95	Actin	Actin-like protein 6B	Actin-related protein Arp4	Actin-like 6A	Actin	170
A8BSD2	GL50803_17157	79.71	Phosphatase subunit gene g4-1	Serine/threonine-protein phosphatase 2A regulatory subunit B'' subunit gamma	Phosphatase subunit gene g4-1	Serine/threonine-protein phosphatase 2A regulatory subunit B'' subunit gamma	EF-hand domain-containing protein	206
A8BS71	GL50803_2261	59.42	Ser/Thr protein phosphatase 2A	Probable serine/threonine protein phosphatase 2A regulatory subunit B''delta	Ser/Thr protein phosphatase family protein	EF-hand domain-containing protein	EF-hand domain-containing protein	267
A8BS87	GL50803_22855	51.97	UBA domain-containing protein	None	None	None	None	0
A8BS32	GL50803_21201	71.66	Uncharacterized protein	Probable small nuclear ribonucleoprotein Sm D1	Small nuclear ribonucleoprotein Sm D1	Small nuclear ribonucleoprotein Sm D1	Small nuclear ribonucleoprotein Sm D1	9
A8BS64	GL50803_88735	74.39	Ankyrin repeat protein 1	Serine/threonine-protein kinase Nek7	Kinase, NEK	BMA-NEKL-3	Protein kinase domain-containing protein	364
A8BS37	GL50803_10091	73.81	Ribosomal protein L23	60S ribosomal protein L23-A	Ribosomal protein L23	60S ribosomal protein L23-A	50S ribosomal protein L14	1098
A8BSF4	GL50803_10027	83.07	Chromosome segregation protein SMC	None	None	None	None	0
A8BS96	GL50803_14699	70.64	Ribosomal protein S23	40S ribosomal protein S23	Ribosomal protein S23	40S ribosomal protein S23	30S ribosomal protein S12	751
A8BSD1	GL50803_20315	44.37	Uncharacterized protein	Serine/threonine-protein kinase B-raf	Cob(I)alamin adenosyltransferase	PAX transcription activation domain interacting protein	FlxA protein	5
A8BSC9	GL50803_27836	70.39	Ankyrin repeat protein 1	Ankyrin repeat and SOCS box protein 2	Protein 21.1	Protein fem-1 homolog B	Ankyrin repeat protein 1	186
A8BSG2	GL50803_13998	95.29	threonine--tRNA ligase	Threonine--tRNA ligase, cytoplasmic	Threonyl-tRNA synthetase	Threonyl-tRNA synthetase	Threonine--tRNA ligase	612
A8BS06	GL50803_10950	76.75	Ankyrin repeat protein 1	SH3 and multiple ankyrin repeat domains protein 1	Protein 21.1	Os07g0193400 protein	Protein kinase domain-containing protein	388
A8BS80	GL50803_8415	52.09	Ribosome biogenesis protein NOP53	None	None	None	None	0
A8BSF3	GL50803_17155	53.09	Centrosomal protein POC5	None	None	None	None	0
A8BS55	GL50803_116712	48.39	Uncharacterized protein	None	None	None	None	0
A8BS43	GL50803_16374	72.93	High cysteine membrane protein Group 2	None	Cysteine-rich membrane protein 2	None	EGF-like domain-containing protein	3
A8BS74	GL50803_12950	93.49	Ubiquitin-conjugating enzyme E2 (E3-independent)	Ubiquitin-conjugating enzyme E2 2	Ubiquitin-conjugating enzyme E2 2	Os05g0182500 protein	UBC core domain-containing protein	612
A8BS67	GL50803_16263	91.51	Deflagellation inducible protein	Sjoegren syndrome nuclear autoantigen 1 homolog	Sjogren's syndrome nuclear autoantigen 1-like protein	SS nuclear autoantigen 1	Sjoegren syndrome nuclear autoantigen 1 homolog	2
A8BS19	GL50803_2338	59.06	Uncharacterized protein	None	None	None	None	0
A8BSF1	GL50803_15099	95.56	Proteasome subunit alpha type	Proteasome subunit alpha type-7	Proteasome subunit alpha type-7-like	Proteasome subunit alpha type-7	Proteasome subunit beta	443
A8BRZ8	GL50803_10943	72.27	Transmembrane domain-containing protein	CSC1-like protein At3g54510	DUF221-domain-containing protein	CSC1-like protein At3g54510	Anoctamin	75
A8BS30	GL50803_15112	46.66	Dual specificity phosphatase, catalytic	Dual specificity phosphatase 28	Dual specificity protein phosphatase 19	Protein-tyrosine-phosphatase	Protein-tyrosine-phosphatase	19
A8BS04	GL50803_10946	31.63	Uncharacterized protein	None	None	None	None	0
A8BS05	GL50803_16526	80.7	WD-repeat protein	WD repeat domain-containing protein 83 homolog	WD40 repeat domain-containing protein	WD repeat-containing protein	WD_REPEATS_REGION domain-containing protein	88
A8BS68	GL50803_12949	82.47	Proteasome subunit beta	Proteasome subunit beta type-5	Proteasome subunit beta	Proteasome subunit beta type-5	Proteasome subunit beta	648
A8BS98	GL50803_16267	71.41	Meiosis-specific nuclear structural protein 1	None	TPH domain-containing protein	None	Meiosis-specific nuclear structural protein 1	2
A8BS93	GL50803_8405	62.71	Zinc-finger of a C2HC-type domain-containing protein	None	None	None	None	0
A8BSE9	GL50803_10033	70.19	C2H2-type domain-containing protein	Zinc finger protein DZIP1L	Zinc finger domain-containing protein	Zinc finger protein DZIP1L	C2H2-type domain-containing protein	9
A8BS58	GL50803_15867	74.4	GTP-binding protein	GTPase LSG1-1	GTP-binding protein	GTPase LSG1-1	Nucleolar GTP-binding protein 2	192
A8BSR3	GL50803_7896	78.8	26S proteasome non-ATPase regulatory subunit 7	26S proteasome non-ATPase regulatory subunit 7	26S proteasome non-ATPase regulatory subunit 7	Os04g0661900 protein	MPN domain-containing protein	226
A8BSI1	GL50803_7590	81.05	Qc-SNARE 2	Golgi SNAP receptor complex member 1	t-SNARE coiled-coil homology domain-containing protein	Golgi SNAP receptor complex member 1	t-SNARE coiled-coil homology domain-containing protein	21
A8BSQ8	GL50803_3154	78.51	Microsomal signal peptidase 12 kDa subunit (SPC12)	Signal peptidase complex subunit 1	Microsomal signal peptidase 12 kDa subunit	Os12g0438900 protein	Microsomal signal peptidase 12 kDa subunit	132
A8BSQ4	GL50803_17529	35.39	Uncharacterized protein	None	None	None	None	0
A8BSY2	GL50803_7778	65.91	Uncharacterized protein	None	None	None	None	0
A8BT25	GL50803_9355	92.74	Thioredoxin-like protein	Thiol-disulfide oxidoreductase ResA	Thioredoxin-like protein	Probable conserved lipoprotein DsbF	Thioredoxin domain-containing protein	320
A8BSN8	GL50803_6680	80.71	Kinase, NEK	Probable serine/threonine-protein kinase nek2	Protein kinase domain-containing protein	NIMA-related kinase 2	Protein kinase domain-containing protein	408
A8BSZ5	GL50803_31530	94.62	NH3-dependent NAD+ synthetase	NH(3)-dependent NAD(+) synthetase	NH3-dependent NAD synthetase	NH(3)-dependent NAD(+) synthetase	NH(3)-dependent NAD(+) synthetase	986
A8BSN3	GL50803_32686	60.25	Paired domain-containing protein	Protein gooseberry-neuro	Transposase	Protein gooseberry-neuro	Transposase	17
A8BSV8	GL50803_137679	85.9	Uncharacterized protein	Protein HGH1 homolog	DUF384 domain-containing protein	Protein HGH1 homolog	Importin N-terminal domain-containing protein	28
A8BSQ3	GL50803_21502	92.38	Bromodomain-containing protein	Histone acetyltransferase GCN5	Bromo domain-containing protein	Histone acetyltransferase	Bromo domain-containing protein	197
A8BSH0	GL50803_5648	38.08	Spindle pole protein	Syntaxin-12	FecR domain-containing protein	t-SNARE coiled-coil homology domain-containing protein	t-SNARE coiled-coil homology domain-containing protein	8
A8BSU3	GL50803_101904	56.06	Serine/threonine-protein phosphatase	Probable serine/threonine-protein phosphatase ECU05_0440	Serine/threonine-protein phosphatase	Serine/threonine-protein phosphatase	Serine/threonine-protein phosphatase	1184
A8BST0	GL50803_15918	32.39	Uncharacterized protein	None	None	None	None	0
A8BSX0	GL50803_14546	97.29	Phosphoglycolate phosphatase	Phosphoglycolate phosphatase	HAD-IA family hydrolase	Probable hydrolase	Phosphoglycolate phosphatase	217
A8BSX6	GL50803_14543	71.5	LMBR1-like membrane protein	LMBR1 domain-containing protein 2 homolog	LMBR1 domain-containing protein 2	None	LMBR1 domain-containing protein 2 homolog	2
A8BSR0	GL50803_17530	70.44	Purple acid phosphatase N-terminal domain-containing protein	Purple acid phosphatase 21	Metallophos domain-containing protein	Purple acid phosphatase	Metallophos domain-containing protein	193
A8BSS2	GL50803_14578	62.15	Kinase	Mitogen-activated protein kinase FUS3	Cyclin-dependent kinase 3-like protein	Mitogen-activated protein kinase	Protein kinase domain-containing protein	419
A8BSP3	GL50803_6686	51.59	Membrane spanning protein	None	None	None	None	0
A8BSM8	GL50803_32419	64.01	Lipid-binding serum glycoprotein C-terminal domain-containing protein	BPI fold-containing family C protein	BPI domain containing protein	BPI fold-containing family C protein	Bactericidal permeability-increasing protein	86
A8BSH4	GL50803_17152	72.35	Ankyrin repeat protein 1	NF-kappa-B inhibitor alpha	Non-specific serine/threonine protein kinase	Protein kinase domain-containing protein	Protein kinase domain-containing protein	469
A8BSX2	GL50803_14545	93.85	Serine/threonine-protein phosphatase	Serine/threonine-protein phosphatase alpha-3 isoform	Serine/threonine-protein phosphatase	Serine/threonine-protein phosphatase	Serine/threonine-protein phosphatase	1231
A8BSS7	GL50803_21505	83.01	Ankyrin repeat protein 1	Inversin	Protein 21.1	Inversin	Ankyrin repeat protein 1	145
A8BSH8	GL50803_17150	91.16	NADPH oxidoreductase	Glutathione-regulated potassium-efflux system ancillary protein KefF	NAD(P)H:menadione oxidoreductase	Glutathione-regulated potassium-efflux system ancillary protein KefG	FMN-dependent NADH:quinone oxidoreductase	199
A8BT16	GL50803_9349	96.95	AMMECR1-domain containing protein	AMMECR1-like protein	AMMECR1 domain-containing protein	Expressed protein	AMMECR1 domain-containing protein	454
A8BSI3	GL50803_7588	67.67	Serine/threonine protein phosphatase 7	Serine/threonine-protein phosphatase with EF-hands 1	Serine/threonine protein phosphatase 7	Serine/threonine-protein phosphatase with EF-hands 1	Serine/threonine-protein phosphatase	1053
A8BST9	GL50803_15987	89.51	Lysophosphatidylcholine acyltransferase	Lysophospholipid acyltransferase LPEAT2	EF-hand domain-containing protein	Lysophospholipid acyltransferase LPEAT2	1-acyl-sn-glycerol-3-phosphate acyltransferase	427
A8BSQ7	GL50803_3157	33.96	Uncharacterized protein	None	None	None	None	0
A8BSR8	GL50803_7891	51.83	Uncharacterized protein	None	None	None	None	0
A8BST7	GL50803_4415	37.31	Uncharacterized protein	None	None	None	None	0
A8BSP4	GL50803_6687	89.52	Glyceraldehyde-3-phosphate dehydrogenase	Glyceraldehyde-3-phosphate dehydrogenase 1	Glyceraldehyde-3-phosphate dehydrogenase	Glyceraldehyde-3-phosphate dehydrogenase	Glyceraldehyde-3-phosphate dehydrogenase	590
A8BSQ6	GL50803_3158	45.33	Uncharacterized protein	None	None	None	None	0
A8BSW0	GL50803_86468	42.22	Uncharacterized protein	None	None	None	None	0
A8BST4	GL50803_94003	75.72	High cysteine membrane protein	Protein cueball	High cysteine protein	Delta-like protein	EGF-like domain-containing protein	4
A8BSU4	GL50803_21512	75.15	S-adenosylmethionine-dependent methyltransferase	Probable 18S rRNA (guanine-N(7))-methyltransferase	Methyltransferase	Probable 18S rRNA (guanine-N(7))-methyltransferase	Ribosomal RNA small subunit methyltransferase G	277
A8BT28	GL50803_21116	61.72	Kinase, CMGC CMGC-GL1	Cyclin-dependent-like kinase 5	Protein kinase domain-containing protein	Cyclin-dependent-like kinase 5	Protein kinase domain-containing protein	365
A8BSH5	GL50803_17151	89.9	NADPH oxidoreductase	Glutathione-regulated potassium-efflux system ancillary protein KefG	NAD(P)H:menadione oxidoreductase	Glutathione-regulated potassium-efflux system ancillary protein KefG	FMN-dependent NADH:quinone oxidoreductase	187
A8BSP2	GL50803_6685	60.49	Uncharacterized protein	Protein sevenless	Pep3_Vps18 domain-containing protein	Serine/threonine-protein kinase MRCK beta	Serine/threonine-protein kinase MRCK beta	4
A8BSN2	GL50803_21498	85.38	Serine/threonine protein phosphatase 5	Small glutamine-rich tetratricopeptide repeat-containing protein beta	RNA polymerase II-associated protein 3	TPR_REGION domain-containing protein	Tetratricopeptide repeat protein	174
A8BSW4	GL50803_16192	53.42	Uncharacterized protein	Centrosomal protein of 192 kDa	Por_Secre_tail domain-containing protein	Centrosomal protein of 192 kDa	MSP domain-containing protein	3
A8BT23	GL50803_9353	68.48	Inositol monophosphatase	3'(2'),5'-bisphosphate nucleotidase 1	Myo-inositol-1(Or 4)-monophosphatase	Golgi-resident PAp (PAP) 3-Phosphatase homolog	3'(2'),5'-bisphosphate nucleotidase CysQ	129
A8BSH3	GL50803_13995	52.23	Transcriptional regulator	None	None	None	None	0
A8BSZ4	GL50803_12889	70.03	Uncharacterized protein	None	None	None	None	0
A8BSR4	GL50803_7893	56.61	Uncharacterized protein	Nicolin-1	Nicolin 1	Nicolin 1	Probable allantoicase	27
A8BSI4	GL50803_20307	71.77	Uncharacterized protein	Elongin-C	Elongin-C	Elongin-C	Elongin-C	175
A8BT10	GL50803_137680	59.4	Cathepsin L-like protease	Procathepsin L	Pept_C1 domain-containing protein	Peptidase C1 domain containing protein	Pept_C1 domain-containing protein	196
A8BSN0	GL50803_17524	79.08	Hikeshi-like domain-containing protein	Protein OPI10 homolog	DUF775 domain-containing protein	DUF775 domain-containing protein	DUF775 domain-containing protein	131
A8BSR2	GL50803_17531	74.09	Spindle pole protein	None	TNF receptor-associated factor 3 interacting protein 1	None	TNF receptor-associated factor 3 interacting protein 1	1
A8BSW8	GL50803_14547	92.63	asparaginase	L-asparaginase 1	Asparaginase	Asparaginase	Asparaginase	554
A8BSZ1	GL50803_16384	48.72	Tetraspanin family protein	None	None	None	None	0
A8BT00	GL50803_16386	66.22	TOG domain-containing protein	Microtubule-associated protein TORTIFOLIA1	TOG domain-containing protein	Microtubule-associated protein TORTIFOLIA1	Importin N-terminal domain-containing protein	30
A8BSN5	GL50803_6679	65.34	High cysteine membrane protein	None	None	None	None	0
A8BSJ1	GL50803_7579	88.99	Kinase, NEK	Probable serine/threonine-protein kinase nek2	Other NEK kinase	Probable serine/threonine-protein kinase nek2	Protein kinase domain-containing protein	374
A8BT15	GL50803_9348	87.76	Glutamine-tRNA synthetase	Glutamine--tRNA ligase	Glutamine--tRNA ligase	Glutaminyl-tRNA synthetase	Glutamate--tRNA ligase	840
A8BSW7	GL50803_7789	92.65	ADP-ribosylation factor	ADP-ribosylation factor	ADP-ribosylation factor	ADP-ribosylation factor 2-A	Translation initiation factor IF-2	254
A8BSQ0	GL50803_6691	92.68	GA binding protein beta-1 chain	Cortactin-binding protein 2	Ankyrin repeat domain-containing protein	Receptor-interacting serine-threonine kinase 4	Ankyrin_rpt-contain_dom domain-containing protein	173
A8BSJ2	GL50803_7578	74.19	Dynein light chain	Dynein 18 kDa light chain, flagellar outer arm	Calcium binding motif EF-hand protein	Calmodulin-related protein 97A	Calmodulin	195
A8BT41	GL50803_6942	62.91	Sir2 family protein	Protein ADP-ribosyltransferase	Deacetylase sirtuin-type domain-containing protein	None	Deacetylase sirtuin-type domain-containing protein	23
A8BTB7	GL50803_14375	88.34	asparagine--tRNA ligase	Asparagine--tRNA ligase, cytoplasmic	Asparagine--tRNA ligase	Asparagine--tRNA ligase	Asparagine--tRNA ligase	559
A8BT44	GL50803_16064	86.72	Poly(A) polymerase	CCA tRNA nucleotidyltransferase, mitochondrial	Polynucleotide adenylyltransferase family protein	PolyA_pol domain-containing protein	Multifunctional CCA protein	208
A8BTH6	GL50803_16245	44.61	Myb-like domain-containing protein	None	None	None	None	0
A8BTE2	GL50803_16957	84.77	WD-40 repeat protein family	Autophagy-related protein 18a	autophagy-related protein 18a-like	Autophagy-related protein 18a	Autophagy-related protein 18	57
A8BTN7	GL50803_4846	75.77	Ankyrin repeat protein 1	Inversin	Ankyrin repeat-containing domain protein	Inversin	Ankyrin_rpt-contain_dom domain-containing protein	50
A8BTM8	GL50803_16844	25.28	SHIPPO repeat domain-containing protein	None	None	None	None	0
A8BTC6	GL50803_7137	61.17	Uncharacterized protein	None	None	None	None	0
A8BTA0	GL50803_6365	57.17	DUF1764 domain-containing protein	None	None	None	None	0
A8BTN1	GL50803_4852	28.11	Uncharacterized protein	None	None	None	None	0
A8BTK9	GL50803_26739	40.85	Uncharacterized protein	None	Fanconi anemia group D2 protein	None	Fanconi anemia group D2 protein	1
A8BTM2	GL50803_2860	87.54	Iron-containing alcohol dehydrogenase	Probable alcohol dehydrogenase EutG	Alcohol dehydrogenase	Probable alcohol dehydrogenase EutG	3-dehydroquinate synthase	777
A8BT31	GL50803_14327	84.41	Ribosomal RNA-processing protein 8	Ribosomal RNA-processing protein 8	Ribosomal RNA-processing protein 8	Ribosomal RNA-processing protein 8	Ribosomal RNA-processing protein 8	664
A8BT30	GL50803_18713	76.77	U6 snRNA-associated Sm-like protein LSm2	U6 snRNA-associated Sm-like protein LSm2	LSM family protein	Sm-like protein LSM2	U6 snRNA-associated Sm-like protein LSm1	235
A8BTC0	GL50803_14374	66.76	Serine palmitoyltransferase 2	Long chain base biosynthesis protein 2d	Pyridoxal phosphate-dependent transferase	Serine palmitoyltransferase	8-amino-7-oxononanoate synthase	412
A8BT96	GL50803_6366	64.09	Uncharacterized protein	None	Sigma-70 family RNA polymerase sigma factor	None	Sigma-70 family RNA polymerase sigma factor	1
A8BT37	GL50803_6939	71.55	Dynein intermediate chain	Dynein, 70 kDa intermediate chain, flagellar outer arm	Dynein intermediate chain 2, axonemal	Dynein, axonemal, intermediate chain 2b	Guanine nucleotide-binding protein subunit beta-like protein	62
A8BTC2	GL50803_7139	79.29	Phosphopantetheine adenylyltransferase	Phosphopantetheine adenylyltransferase	Phosphopantetheine adenylyltransferase	Phosphopantetheine adenylyltransferase	CTP_transf_like domain-containing protein	129
A8BTI9	GL50803_112811	53.78	Myotubularin-like phosphatase	Myotubularin	Myotubularin phosphatase domain-containing protein	Myotubularin	Phosphatidylinositol-3-phosphate phosphatase	135
A8BTE0	GL50803_3733	74.75	LSM domain-containing protein	N-alpha-acetyltransferase 38, NatC auxiliary subunit	U6 snRNA-associated Sm-like protein LSm4	Sm domain-containing protein	Sm domain-containing protein	317
A8BTJ5	GL50803_16839	77.14	Kinase, NEK	Serine/threonine-protein kinase Nek7	Protein kinase domain-containing protein	Serine/threonine-protein kinase Nek7	Protein kinase domain-containing protein	378
A8BTT3	GL50803_16013	66.45	Spindle pole protein	None	None	None	None	0
A8BT91	GL50803_14181	60.65	Spindle pole protein	None	TATA element modulatory factor isoform X5	None	TATA element modulatory factor isoform X5	1
A8BTD2	GL50803_7134	61.31	DinF protein	GPI mannosyltransferase 1	Mannosyltransferase	Mannosyltransferase	PMT_2 domain-containing protein	64
A8BTU2	GL50803_30851	67.2	ATP synthase subunit H	V-type proton ATPase subunit e	ATP synthase subunit H	V-type proton ATPase subunit e	DUF202 domain-containing protein	5
A8BTP1	GL50803_13747	69.83	C4 group specific protein	Protein C4	Protein C4	SHSP domain-containing protein	SHSP domain-containing protein	4
A8BTL5	GL50803_16842	82.52	High cysteine membrane protein Group 2	None	Variant-specific surface protein	None	Variant-specific surface protein	28
A8BTK2	GL50803_5643	81.58	Kinase	Probable serine/threonine-protein kinase nek2	Other NEK kinase	NIMA-related kinase 1	Non-specific serine/threonine protein kinase	461
A8BT32	GL50803_14328	53.95	Pre-RNA processing PIH1/Nop17 family protein	Dynein assembly factor 6, axonemal	Transporter	PIH1 domain containing 3	PIH1_CS domain-containing protein	106
A8BTD0	GL50803_7135	30.98	Uncharacterized protein	None	None	None	None	0
A8BTK8	GL50803_13352	57.28	T-complex protein-10	None	None	Phosphatidylinositol 4-phosphate 5-kinase	Phosphatidylinositol 4-phosphate 5-kinase	1
A8BT38	GL50803_14329	90.45	40S ribosomal protein S7	40S ribosomal protein S7	40S ribosomal protein S7	40S ribosomal protein S7	40S ribosomal protein S7	613
A8BTT1	GL50803_2285	93.21	Heat shock protein 70	Heat shock protein homolog SSE1	DnaK protein	Heat shock protein Hsp88	Chaperone protein DnaK	616
A8BTH1	GL50803_14017	83.45	High cysteine membrane protein Group 2	T-cell surface glycoprotein CD4	High cysteine membrane protein Group 2	None	T-cell surface glycoprotein CD4	6
A8BTQ7	GL50803_112828	84.1	High cysteine membrane protein Group 4	None	Variant-specific surface protein	None	Variant-specific surface protein	102
A8BTK5	GL50803_16841	82.74	DinF protein	Probable multidrug resistance protein NorM	MATE family efflux transporter	MATE efflux family protein	Protein DETOXIFICATION	212
A8BTA3	GL50803_113655	73.11	ATP-dependent RNA helicase	ATP-dependent RNA helicase DBP6	DEAD/DEAH box helicase domain protein	RNA helicase	RNA helicase	482
A8BTN3	GL50803_19867	81.73	Trm112p-like protein	Multifunctional methyltransferase subunit TRM112 homolog A	Trm112p-like protein	Multifunctional methyltransferase subunit TRM112 homolog A	Multifunctional methyltransferase subunit TRM112-like protein	125
A8BT40	GL50803_21110	32.88	Cilia- and flagella-associated protein 299	None	None	None	None	0
A8BTH9	GL50803_16246	64.15	ribonuclease Z	Ribonuclease Z, mitochondrial	Prostate cancer susceptibility protein-like protein/ Ribonuclease Z	Ribonuclease Z, mitochondrial	Ribonuclease Z	933
A8BT62	GL50803_23357	71.52	NYD-SP28 protein	None	dynein regulatory complex subunit 2-like	None	NYD-SP28 domain-containing protein	3
A8BT87	GL50803_6372	76.61	High cysteine membrane protein	Neurocan core protein	High cysteine protein	None	EGF-like domain-containing protein	4
A8BTG7	GL50803_14019	92.99	Cathepsin B	Cathepsin B-like CP2	Cathepsin B	Pept_C1 domain-containing protein	Pept_C1 domain-containing protein	311
A8BTN6	GL50803_4849	95.35	Adenylate kinase	Adenylate kinase isoenzyme 5	Adenylate kinase	Adenylate kinase isoenzyme 1	Adenylate kinase	1090
A8BTQ0	GL50803_93548	92.32	Phospholipase B-like	Phospholipase B-like protein D	Phospholipase B-like	Phospholipase B-like protein D	Phospholipase B-like	697
A8BTA2	GL50803_27827	34.22	Uncharacterized protein	None	None	None	None	0
A8BT95	GL50803_6367	68.31	Uncharacterized protein	Protein kintoun	Hsp20/alpha crystallin family protein	Protein wos2	Protein kintoun	19
A8BT57	GL50803_102178	76.03	VSP	Cadherin-4	VSP	Cadherin-4	Variant-specific surface protein	105
A8BTD6	GL50803_3731	64.7	Uncharacterized protein	Transcription factor E	Helix-turn-helix domain-containing protein	Double-stranded RNA-specific adenosine deaminase	Eukaryotic translation initiation factor 3 subunit M	60
A8BTP5	GL50803_4843	86.61	Ankyrin repeat protein 2	Ankyrin-1	Protein 21.1	Serine/threonine-protein phosphatase 6 regulatory ankyrin repeat subunit B	Protein 21.1	97
A8BT34	GL50803_16065	72.62	AAA-type ATPase	ATPase family protein 2 homolog	spermatogenesis-associated protein 5	AAA family ATPase	AAA domain-containing protein	405
A8BU07	GL50803_15276	65.36	N-acetylglucosaminylphosphatidylinositol deacetylase	Diacetylchitobiose deacetylase	Glucosamine-6-phosphate isomerase / GlcNAc-PI de-N-acetylase family protein	Glucosamine-6-phosphate deaminase	Glucosamine-6-phosphate deaminase	131
A8BU06	GL50803_17559	42.02	EF-hand domain-containing protein	None	None	None	None	0
A8BU43	GL50803_17566	77.63	non-specific serine/threonine protein kinase	Serine/threonine-protein kinase SIK3	Protein kinase domain-containing protein	Non-specific serine/threonine protein kinase	Non-specific serine/threonine protein kinase	363
A8BTV0	GL50803_24695	24.44	Uncharacterized protein	None	None	None	None	0
A8BTW2	GL50803_15889	93.97	UDP-N-acetylglucosamine--dolichyl-phosphate N-acetylglucosaminephosphotransferase	UDP-N-acetylglucosamine--dolichyl-phosphate N-acetylglucosaminephosphotransferase	GlcNAc-1-P transferase	UDP-N-acetylglucosamine--dolichyl-phosphate N-acetylglucosaminephosphotransferase	Phospho-N-acetylmuramoyl-pentapeptide-transferase	1126
A8BU58	GL50803_11231	91.7	Uncharacterized protein	None	None	None	None	0
A8BTU5	GL50803_40920	77.06	Smr domain-containing protein	NSFL1 cofactor p47 homolog	Smr domain-containing protein	NSFL1 cofactor p47 homolog	Smr domain-containing protein	38
A8BU11	GL50803_17561	78.89	ARF GAP	Probable ADP-ribosylation factor GTPase-activating protein AGD13	Small ArfGAP 1	Arf-GAP domain-containing protein	Arf-GAP domain-containing protein	88
A8BU21	GL50803_12885	80.16	UBA-like domain-containing protein	None	UBX domain protein 2A	None	UBX domain protein 2A	1
A8BU16	GL50803_1937	59.14	Uncharacterized protein	Ribonuclease kappa-A	Transmembrane domain-containing protein	Bm4219	Ribonuclease kappa-A	1
A8BU20	GL50803_17562	78.65	Ankyrin repeat protein 1	Serine/threonine-protein phosphatase 6 regulatory ankyrin repeat subunit B	Kinase, NEK	Serine/threonine-protein phosphatase 6 regulatory ankyrin repeat subunit B	Ankyrin repeat protein 1	183
A8BU63	GL50803_15380	89.13	dTMP kinase	Thymidylate kinase	dTMP kinase	Thymidylate kinase	Thymidylate kinase	1014
A8BTV2	GL50803_3822	87.82	Dipeptidyl peptidase 3	Dipeptidyl peptidase 3	Dipeptidyl peptidase 3	Dipeptidyl peptidase 3	Dipeptidyl peptidase 3	130
A8BU40	GL50803_17565	88.6	RuvB-like helicase	RuvB-like 2	RuvB-like helicase	RuvB-like 2	RuvB-like helicase	755
A0A644F6Q9	GL50803_5250	61.82	Uncharacterized protein	KH homology domain-containing protein 4	KH domain-containing protein	KH domain-containing protein	Branchpoint-bridging protein	330
A0A644F4X2	GL50803_27696	55.45	Uncharacterized protein	None	Disulfide bond formation protein B	Os06g0286023 protein	MAPEG family protein	14
A8B2B4	GL50803_11554	93.05	Kinase, NEK	Serine/threonine-protein kinase Nek2	Other NEK kinase	Unplaced genomic scaffold supercont1.7, whole genome shotgun sequence	Protein kinase domain-containing protein	408
A8B557	GL50803_17212	63.48	High cysteine membrane protein	Protein disulfide isomerase crld-1	High cysteine membrane protein	Interphotoreceptor matrix proteoglycan 1a	EGF-like domain-containing protein	30
A8B3K8	GL50803_4624	46.38	Uncharacterized protein	None	None	None	None	0
A8B2C3	GL50803_104982	80.96	Ubiquitin-fold modifier 1	Ubiquitin-fold modifier 1	Ubiquitin-fold modifier 1	Ubiquitin-fold modifier 1	Ubiquitin-fold modifier 1	252
E2RU73	GL50803_2421	77.04	Cyst wall protein 3	LRR receptor-like serine/threonine-protein kinase SIK1	Fibronectin type-III domain-containing protein	ERECTAa.1 variant	Protein kinase domain-containing protein	364
A0A644F7I8	GL50803_15252	87.54	Ubiquitin-conjugating enzyme E2	Ubiquitin-conjugating enzyme E2 D4	UBC core domain-containing protein	Ubiquitin-conjugating enzyme E2-17 kDa	UBC core domain-containing protein	604
A8B4D2	GL50803_5859	45.1	Uncharacterized protein	None	None	None	None	0
A8B4G3	GL50803_27694	52.6	Zinc finger motif, C2HC5-type domain-containing protein	None	None	None	None	0
A8B3S5	GL50803_6469	47.38	Uncharacterized protein	None	None	None	None	0
E2RU10	GL50803_14048	84.45	EB1	Microtubule-associated protein RP/EB family member 3	Microtubule-associated protein, RP/EB family	Microtubule-associated protein RP/EB family member 3	Calponin-homology (CH) domain-containing protein	144
A0A644F844	GL50803_60176	37.17	Uncharacterized protein	None	None	None	None	0
A0A644F5F2	GL50803_11356	41.17	Uncharacterized protein	None	None	None	None	0
A8B2F1	GL50803_1979	79.3	Uncharacterized protein	Coatomer subunit epsilon	Helix-turn-helix transcriptional regulator	Coatomer subunit epsilon	Tetratricopeptide repeat protein	190
A8BTY2	GL50803_3582	35.61	Uncharacterized protein	None	None	None	None	0
A8B331	GL50803_7717	63.31	Transcription elongation factor Spt4	Transcription elongation factor spt4	Transcription elongation factor Spt4	Transcription elongation factor spt4	Spt4 domain-containing protein	7
A8B3M3	GL50803_4509	86.82	ERP1	Transmembrane emp24 domain-containing protein p24delta10	Transmembrane p24 trafficking protein 2	Transmembrane emp24 domain-containing protein p24delta10	GOLD domain-containing protein	269
A0A644F843	GL50803_60147	48.57	40S ribosomal protein S30	None	None	None	None	0
A8B4J1	GL50803_16663	70.71	Lebercilin domain-containing protein	None	Annexin	None	Cfap97d1 protein	3
A8B2K6	GL50803_95693	30.15	Uncharacterized protein	None	None	None	None	0
A0A644FBI9	GL50803_17013	89.71	Protein-S-isoprenylcysteine O-methyltransferase	Probable protein-S-isoprenylcysteine O-methyltransferase	Protein-S-isoprenylcysteine O-methyltransferase	Probable protein-S-isoprenylcysteine O-methyltransferase	Protein-S-isoprenylcysteine O-methyltransferase	622
A8B2H7	GL50803_10316	71.72	Uncharacterized protein	Centrosomal protein of 44 kDa	Centrosomal protein of 44 kDa	None	Centrosomal protein of 44 kDa	3
A0A644F5E3	GL50803_9489	90.32	Vesicle-trafficking protein SEC22b	Protein transport protein sec22	Snare-like domain protein	Protein transport protein sec22	Longin domain-containing protein	140
A0A644F9C2	GL50803_8650	41.25	Uncharacterized protein	None	None	None	None	0
A8B481	GL50803_34093	81.16	Ribosomal L38e	60S ribosomal protein L38-2	Ribosomal protein L38e	60S ribosomal protein L38-2	60S ribosomal protein L38	246
A8B2C4	GL50803_11566	61.56	GRAM domain-containing protein	Postacrosomal sheath WW domain-binding protein	GRAM domain-containing protein	WBP2 N-terminal-like	PID domain-containing protein	46
A0A644F7B4	GL50803_103659	68.11	Zinc finger domain-containing protein	RING finger and CHY zinc finger domain-containing protein 1	Zinc finger domain protein	Ring finger and CHY zinc finger domain-containing 1	RING finger and CHY zinc finger domain-containing protein 1	50
A0A644F8W6	GL50803_8433	41.85	Uncharacterized protein	None	None	None	None	0
A0A644F5M8	GL50803_8711	68.21	Palmitoyltransferase	Palmitoyltransferase ZDHHC5	Palmitoyltransferase ZDHHC5	Palmitoyltransferase ZDHHC8	Palmitoyltransferase	961
A8B3D2	GL50803_6054	80.98	RNA binding	MKI67 FHA domain-interacting nucleolar phosphoprotein	MKI67 FHA domain-interacting nucleolar phosphoprotein-like	rRNA-binding ribosome biosynthesis protein	RRM domain-containing protein	377
E2RU48	GL50803_1695	95.08	Rab11	Ras-related protein Rab-11B	RNase H type-1 domain-containing protein	Ras-related protein RABA2a	GTP-binding protein	64
A8B516	GL50803_28856	67.99	FLYWCH-type domain-containing protein	Protein FAR1-RELATED SEQUENCE 5	SWIM-type domain-containing protein	SWIM-type domain-containing protein	DBD_Tnp_Mut domain-containing protein	275
E2RU83	GL50803_7878	67.15	Ribosomal protein S14	40S ribosomal protein S14-B	Ribosomal protein S14	40S ribosomal protein S14-B	30S ribosomal protein S11	964
A8B2Z9	GL50803_113788	85.14	Regulatory subunit of type II PKA R-subunit	cAMP-dependent protein kinase type II-alpha regulatory subunit	RIIa domain-containing protein	Protein kinase, cAMP-dependent, regulatory, type II, alpha, B	RIIa domain-containing protein	179
E2RUA1	GL50803_4410	75.57	SALP-1	None	SF-assemblin beta giardin family protein	None	SF-assemblin beta giardin family protein	1
A0A644F7F0	GL50803_d60815	86.21	CS domain-containing protein	Dynein assembly factor 4, axonemal	NudC domain-containing protein 1	Dynein axonemal assembly factor 4	Tetratricopeptide repeat protein	291
A8B391	GL50803_5768	82.06	Transcription factor, CAP family protein	cAMP-dependent protein kinase type I regulatory subunit	cGMP-dependent protein kinase	cAMP-dependent protein kinase type I regulatory subunit	Cyclic nucleotide-binding domain-containing protein	449
A0A644F8G0	GL50803_50028	86.25	High cysteine protein	Variant-specific surface protein VSP4A1	High cysteine protein	Proprotein convertase subtilisin/kexin type 6	Variant-specific surface protein	128
A0A644F955	GL50803_20472	79.8	Uncharacterized protein	ER-derived vesicles protein erv14	Cornichon protein	ER-derived vesicles protein erv14	ER-derived vesicles protein ERV14	30
A0A644F6K5	GL50803_17353	92.37	G beta-like protein GBL	Target of rapamycin complex subunit wat1	Protein required for the transport of amino acid permease Gap1p from the Golgi to the cell surface	Target of rapamycin complex subunit wat1	WD_REPEATS_REGION domain-containing protein	105
E2RU47	GL50803_17395	75.75	Ribosomal protein L5	60S ribosomal protein L5	60S ribosomal protein L5	Ribosomal_L18_c domain-containing protein	50S ribosomal protein L18	593
A8B4B6	GL50803_15164	84.75	GPN-loop GTPase	GPN-loop GTPase 1	GPN-loop GTPase	GPN-loop GTPase	GPN-loop GTPase	407
A8B2L9	GL50803_3414	83.96	5'-AMP-activated protein kinase, gamma-1 subunit	5'-AMP-activated protein kinase subunit gamma-1	5'-AMP-activated protein kinase, gamma-1 subunit	Protein kinase, AMP-activated, gamma 1 non-catalytic subunit	Inosine-5'-monophosphate dehydrogenase	110
A0A644F4V1	GL50803_60606	67.05	Thioredoxin	Thioredoxin Y2, chloroplastic	Thioredoxin family protein	Trx2p	Thioredoxin	378
A0A644F778	GL50803_5450	45.58	Uncharacterized protein	None	None	None	None	0
A8B3D6	GL50803_4369	90.27	Dual specificity phosphatase Cdc25, putative	Dual specificity phosphatase Cdc25	Rhodanese-like domain-containing protein	Rhodanese domain-containing protein	tRNA uridine(34) hydroxylase	434
A0A644FAN0	GL50803_9210	77.41	Uncharacterized protein	Cortactin-binding protein 2	Ankyrin_rpt-contain_dom domain-containing protein	Cortactin-binding protein 2	Ankyrin_rpt-contain_dom domain-containing protein	6
A8B2S0	GL50803_24979	65.08	Thioredoxin	Thioredoxin	Thioredoxin domain-containing protein	Protein disulfide-isomerase	Thioredoxin	529
E2RU08	GL50803_11218	85.29	Kinase	Inositol polyphosphate multikinase	Kinase	Inositol polyphosphate multikinase	Kinase	932
A0A644F6U4	GL50803_60785	77.43	Chromosome segregation ATPase	Kinesin-like protein KIFC1	synaptonemal complex protein 1-like isoform X2	Biogenesis of lysosome-related organelles complex 1 subunit 1	Protein kinase domain-containing protein	3
A0A644FBI4	GL50803_4420	54.39	Myb-like domain-containing protein	None	Myb-like domain-containing protein	None	Myb-like domain-containing protein	1
A0A644F9X7	GL50803_15479	92.46	Kinase, NEK	Serine/threonine-protein kinase Nek6	Protein kinase domain-containing protein	LD04361p	Non-specific serine/threonine protein kinase	407
A8B4W5	GL50803_7850	73.41	Sgt1-like protein	Glucose-insensitive transcription protein 7	Sgt1-like protein	SGS domain-containing protein	SHSP domain-containing protein	178
A8B4T1	GL50803_15535	80.9	Deoxyhypusine synthase	Deoxyhypusine synthase	Deoxyhypusine synthase	Deoxyhypusine synthase	Deoxyhypusine synthase	501
A0A644F4C6	GL50803_60567	63.93	Got1 family protein	Vesicle transport protein GOT1	TBP-associated factor 4	Golgi transport 1 protein B	Vesicle transport protein	173
A8B2U2	GL50803_11043	93.38	Fructose-bisphosphate aldolase	Fructose-bisphosphate aldolase	Fructose-bisphosphate aldolase class II	Fructose-bisphosphate aldolase	Fructose-bisphosphate aldolase	254
A8B4C4	GL50803_104250	91.63	Thioredoxin	Thioredoxin	Thioredoxin	Inactive TPR repeat-containing thioredoxin TTL3	Thioredoxin domain-containing protein	250
A0A644F8S4	GL50803_13104	90.37	DNA repair protein RAD51	Meiotic recombination protein DMC1 homolog B	Meiotic recombination protein	Meiotic recombination protein DMC1 homolog B	Protein RecA	813
A0A644F7R0	GL50803_d103094	82.62	Ankyrin repeat protein 1	Ankyrin repeat and SAM domain-containing protein 1A	Ankyrin repeat protein	Ankycorbin	Ankyrin repeat protein 1	206
A0A644FAY8	GL50803_17064	38.99	Uncharacterized protein	None	None	None	None	0
A0A644F672	GL50803_60727	90.76	Nicotinamide N-methyltransferase	Protein N-terminal and lysine N-methyltransferase EFM7	Protein N-terminal and lysine N-methyltransferase EFM7	Protein N-terminal and lysine N-methyltransferase EFM7	Ubiquinone/menaquinone biosynthesis C-methyltransferase UbiE	270
A0A644FAA0	GL50803_d113284	81.27	Ankyrin repeat protein 2	26S proteasome non-ATPase regulatory subunit 10	Ankyrin repeat protein	ANK_REP_REGION domain-containing protein	Ankyrin repeat protein 1	231
A8BTY7	GL50803_135725	76.82	Ankyrin repeat protein 1	Serine/threonine-protein phosphatase 6 regulatory ankyrin repeat subunit B	Protein 21.1	KH domain-containing protein	Ankyrin repeat protein 1	188
A0A644F412	GL50803_115787	88.06	Ankyrin repeat protein 1	Serine/threonine-protein phosphatase 6 regulatory ankyrin repeat subunit B	Protein 21.1	Serine/threonine-protein phosphatase 6 regulatory ankyrin repeat subunit B	Protein 21.1	115
A0A644FBQ5	GL50803_17446	36.46	Uncharacterized protein	None	None	None	None	0
A0A644F4K3	GL50803_16180	81.25	Protein phosphatase methylesterase 1	Protein phosphatase methylesterase 1	Protein phosphatase methylesterase 1	Protein phosphatase methylesterase 1	Protein phosphatase methylesterase 1	260
A0A644FCJ9	GL50803_60537	48.58	Uncharacterized protein	None	None	None	None	0
A8B205	GL50803_6344	87.64	Ankyrin repeat protein 1	Cortactin-binding protein 2	Ankyrin repeat protein 1	Target of rapamycin complex 2 subunit AVO2	Ankyrin repeat protein 1	230
A8B4T7	GL50803_11950	75.02	Ribosomal protein L18	60S ribosomal protein L18-3	Ribosomal protein L18	60S ribosomal protein L18	50S ribosomal protein L15	725
A8B271	GL50803_27806	61.76	Myb-like DNA-binding domain-containing protein	Transcription factor MYB122	Myb-like DNA-binding domain-containing protein	Os04g0583900 protein	Myb-like domain-containing protein	22
E2RU39	GL50803_3869	86.25	Qa-SNARE 2	Syntaxin-43	t-SNARE coiled-coil homology domain-containing protein	Syntaxin, Qa-SNARE family	t-SNARE coiled-coil homology domain-containing protein	225
A0A644FAP3	GL50803_60433	42.79	Uncharacterized protein	None	Flagellar hook-length control protein FliK	None	Flagellar hook-length control protein FliK	1
A8B2R1	GL50803_11884	89.74	Ubiquitin-related modifier 1 homolog	Ubiquitin-related modifier 1 homolog	Ubiquitin-related modifier 1 homolog	Ubiquitin-related modifier 1 homolog	MoaD/ThiS family protein	198
A8B4B9	GL50803_29140	63.01	Transposase	Paired box protein Pax-9	Transposase	IS600 ORF1	Transposase	39
A0A644F4J8	GL50803_7306	84.34	R-SNARE 2	Synaptobrevin homolog YKT6	AAA-domain-containing protein	Synaptobrevin homolog YKT6	Trafficking protein particle complex subunit	36
A0A644FBY2	GL50803_91127	94.56	TatD related DNase	D-aminoacyl-tRNA deacylase	TatD related DNase	Hydrolase	TatD family deoxyribonuclease	117
A0A644FAZ7	GL50803_16482	64.39	RRM domain-containing protein	Flowering time control protein FPA	Spliceosomal protein snRNP-U1A/U2B	Flowering time control protein FPA	RRM domain-containing protein	239
A0A644FBT4	GL50803_17464	57.17	Qb-SNARE 2	Protein transport protein gos1	Tubulin-folding cofactor C	Protein transport protein gos1	t-SNARE coiled-coil homology domain-containing protein	16
A0A644F841	GL50803_60167	43.39	Uncharacterized protein	None	None	None	None	0
A0A644F4F1	GL50803_28614	91.49	Uncharacterized protein	None	None	None	None	0
A8B4M7	GL50803_14317	47.75	Uncharacterized protein	None	TerB family tellurite resistance protein	None	TerB family tellurite resistance protein	1
E2RTY9	GL50803_12157	88.24	RabB	DnaJ homolog subfamily C member 27	DnaJ homolog subfamily C member 27	DnaJ homolog subfamily C member 27	GTP-binding protein	75
A0A644F4S5	GL50803_96264	77.93	Eukaryotic initiation factor 4E	Eukaryotic translation initiation factor 4E-4	Eukaryotic initiation factor 4E	Eukaryotic translation initiation factor 4E	eIF-4F 25 kDa subunit	136
A0A644F8E8	GL50803_60194	33.49	Uncharacterized protein	None	None	None	None	0
A0A644F5L9	GL50803_10783	78.3	3-mercaptopyruvate sulfurtransferase/Thiosulfate sulfurtransferase	3-mercaptopyruvate sulfurtransferase	Thiosulfate sulfurtransferase	3-mercaptopyruvate sulfurtransferase	Sulfurtransferase	432
A8B381	GL50803_14324	85.93	High cysteine membrane protein	None	High cysteine membrane protein	None	Variant-specific surface protein	9
A0A644F4F4	GL50803_14583	49.84	Uncharacterized protein	None	None	None	None	0
A8B4H6	GL50803_16670	56.67	Uncharacterized protein	None	None	None	None	0
A8B429	GL50803_4540	64.88	Uncharacterized protein	Factor arrest protein 8	M6 family metalloprotease domain protein	Factor arrest protein 8	Eukaryotic translation initiation factor 3 subunit B	89
A8B4T0	GL50803_11940	71.71	Uncharacterized protein	T-cell immunomodulatory protein	T-cell immunomodulatory protein-like	T-cell immunomodulatory protein	T-cell immunomodulatory protein	43
A8B4X7	GL50803_112870	85.57	Prefoldin subunit	Prefoldin subunit 6	Prefoldin beta-like protein	At1g29990	Prefoldin subunit beta	125
A0A644FBG0	GL50803_16235	89.23	Kinase, CAMK CAMKL	Serine/threonine-protein kinase BRSK1	Pkinase-domain-containing	Serine/threonine-protein kinase SIK1	Non-specific serine/threonine protein kinase	478
A0A644F4Y3	GL50803_16160	89.14	Cathepsin B	Cathepsin B-like CP3	Cathepsin B	Pept_C1 domain-containing protein	Pept_C1 domain-containing protein	254
A8B2K8	GL50803_14030	44.89	Uncharacterized protein	None	None	None	None	0
A8B442	GL50803_101189	30.32	Uncharacterized protein	None	None	None	None	0
A0A644FB84	GL50803_25071	72.79	AAA+ ATPase domain-containing protein	Protein TraC	AAA domain-containing protein	Possible SpoIIIE-family membrane protein	ATP synthase subunit beta	197
E2RTY7	GL50803_7474	92.53	DNA-directed RNA polymerase RPB3	DNA-directed RNA polymerase II subunit rpb3	DNA-directed RNA polymerase RPB3	DNA-directed RNA polymerase II subunit rpb3	DNA-directed RNA polymerase subunit D	261
A8B4C0	GL50803_10303	65.94	DUF4200 domain-containing protein	None	E3 ubiquitin protein ligase	FI18193p1	Peptidase_M23 domain-containing protein	6
A8B1T3	GL50803_8462	82.91	Large ribosomal subunit protein eL27	60S ribosomal protein L27	60S ribosomal protein L27	60S ribosomal protein L27	60S ribosomal protein L27	341
A8B484	GL50803_7082	79.13	40S ribosomal protein S21	40S ribosomal protein S21	40S ribosomal protein S21	40S ribosomal protein S21	40S ribosomal protein S21	325
A0A644FBH1	GL50803_6177	86.77	60S ribosome subunit biogenesis protein NIP7 homolog	60S ribosome subunit biogenesis protein NIP7 homolog	60S ribosome subunit biogenesis protein NIP7 homolog	60S ribosome subunit biogenesis protein NIP7 homolog	Glutamate 5-kinase	482
A0A644F668	GL50803_6413	66.03	Uncharacterized protein	Respirasome Complex Assembly Factor 1	Serine/threonine protein kinase	Respirasome Complex Assembly Factor 1	ER membrane protein complex subunit 6	198
A0A644F9A6	GL50803_30448	88.45	Uncharacterized protein	Solute carrier family 35 member F6	HBR181Cp	Drug/metabolite transporter DMT2	TPT domain-containing protein	160
A8B290	GL50803_11535	41.23	Uncharacterized protein	None	None	None	None	0
A8B4Z0	GL50803_6259	89.62	Ankyrin repeat protein 1	GA-binding protein subunit beta-2	Ankyrin	Ankyrin repeat domain 35	Ankyrin_rpt-contain_dom domain-containing protein	204
A0A644F6B8	GL50803_14299	95.13	Endoribonuclease L-PSP	Protein HMF1	Endoribonuclease L-PSP	Protein HMF1	RidA family protein	287
E2RTW6	GL50803_112885	90.84	Adenine phosphoribosyltransferase	Adenine phosphoribosyltransferase	Adenine phosphoribosyltransferase	Adenine phosphoribosyltransferase	Adenine phosphoribosyltransferase	1414
A0A644F465	GL50803_15564	94.17	Cathepsin B	Cathepsin B-like CP2	Cathepsin B	Pept_C1 domain-containing protein	Pept_C1 domain-containing protein	292
A8B4N3	GL50803_13055	95.58	Ankyrin repeat protein 1	Ankyrin-1	Ankyrin repeat protein 1	Inversin	Ankyrin repeat protein 1	153
A8B4P8	GL50803_17583	89.9	CYTH domain-containing protein	Triphosphate tunnel metalloenzyme 3	CYTH domain-containing protein	CYTH domain-containing protein	CYTH domain-containing protein	335
A8B480	GL50803_34094	51.21	Uncharacterized protein	None	RPOL9 domain-containing protein	None	RPOL9 domain-containing protein	9
A0A644F4H3	GL50803_8704	37.06	Uncharacterized protein	None	None	None	None	0
A8B2Y5	GL50803_10013	85.41	Qc-SNARE 3	Vesicle transport v-SNARE 11	Transcription initiation factor TFIID subunit 6-like	V-SNARE domain-containing protein	t-SNARE coiled-coil homology domain-containing protein	76
A0A644F6S4	GL50803_17367	71.5	Uncharacterized protein	Ras-like protein family member 11A	GTP-binding protein	Ras-like protein family member 11A	Signal recognition particle receptor subunit beta	42
A0A644F6M1	GL50803_d23876	40.72	Uncharacterized protein	None	None	None	None	0
A0A644F8I6	GL50803_14525	51.76	Uncharacterized protein	Protein NLP4	FCP1 homology domain-containing protein	Os04g0476800 protein	Protein NLP4	2
A0A644F557	GL50803_87519	39.54	Uncharacterized protein	None	None	None	None	0
A8B509	GL50803_20195	96.28	adenosylhomocysteine nucleosidase	5'-methylthioadenosine/S-adenosylhomocysteine nucleosidase	5'-methylthioadenosine/S-adenosylhomocysteine nucleosidase	5'-methylthioadenosine/S-adenosylhomocysteine nucleosidase	5'-methylthioadenosine/S-adenosylhomocysteine nucleosidase	561
A0A644F5R4	GL50803_112008	80.66	Ankyrin repeat protein 1	Ankycorbin	Ankyrin repeat protein	Ankycorbin	Ankyrin repeat protein 1	215
A8B2K2	GL50803_27614	95.55	Ribose 5-phosphate isomerase	Ribose-5-phosphate isomerase B	Ribose 5-phosphate isomerase B	Ribose-5-phosphate isomerase B	Ribose 5-phosphate isomerase B	308
A8B244	GL50803_6592	76.54	Transmembrane protein 18	Voltage-dependent calcium channel gamma-2 subunit	Transmembrane protein 18	Transmembrane protein 18	Transmembrane protein 18	33
A8B4P7	GL50803_22112	61.72	U6 snRNA-associated Sm-like protein LSm3	U6 snRNA-associated Sm-like protein LSm6	RNA-binding protein	Sm domain-containing protein	Sm domain-containing protein	238
A0A644F5Z1	GL50803_60697	34.08	Uncharacterized protein	None	None	None	None	0
A8B2Z2	GL50803_102688	44.58	Uncharacterized protein	None	None	None	None	0
A8B3I4	GL50803_103713	91.64	Protein disulfide isomerase PDI4	Protein disulfide-isomerase	Protein disulfide isomerase A	Protein disulfide-isomerase	Thioredoxin	391
E2RTX8	GL50803_10073	92.81	Alpha-12 giardin	Giardin subunit alpha-9	Alpha-12 giardin	Annexin	Annexin	705
A8B4N0	GL50803_2556	90.37	ATP-dependent Clp protease ATP-binding subunit ClpB	Serine--tRNA ligase	PspA, phage shock protein A	Retrotransposon protein	PspA/IM30 family protein	129
A8B3V0	GL50803_7989	72.83	Uncharacterized protein	Chromosome transmission fidelity protein 8 homolog	Chromosome transmission fidelity protein 8	Bm9323	TFIIIC_sub6 domain-containing protein	184
A0A644F6J4	GL50803_19834	33.28	Uncharacterized protein	None	None	None	None	0
A8B3N3	GL50803_14408	77.83	Uncharacterized protein	None	None	None	None	0
A0A644FAU7	GL50803_5010	94.77	Serine/threonine-protein phosphatase	Serine/threonine-protein phosphatase 2A catalytic subunit alpha isoform	Serine/threonine-protein phosphatase	Serine/threonine-protein phosphatase	Serine/threonine-protein phosphatase	1087
A8B2G6	GL50803_29147	37.3	High cysteine membrane protein	None	None	None	None	0
A0A644F9Q2	GL50803_13495	46.57	Uncharacterized protein	None	None	None	None	0
A0A644F922	GL50803_13127	94.58	Proteasome subunit beta	Proteasome subunit beta type-1	Proteasome subunit beta type-1	Proteasome subunit beta type-1	Proteasome subunit beta	645
A8B4X4	GL50803_8742	85.12	Extracellular nuclease	Extracellular ribonuclease	Endonuclease I	DNA-specific endonuclease I	Endonuclease I	148
A8B2P4	GL50803_112341	49.12	Transmembrane domain-containing protein	None	Zinc ribbon domain-containing protein	None	Zinc ribbon domain-containing protein	1
E2RU52	GL50803_21750	92.13	Ribose-phosphate pyrophosphokinase	Ribose-phosphate pyrophosphokinase	Ribose-phosphate pyrophosphokinase	Ribose-phosphate pyrophosphokinase	Orotate phosphoribosyltransferase	405
A0A644F6G0	GL50803_29078	96.57	PyridoxaL 5'-phosphate dependent protein	Probable branched-chain-amino-acid aminotransferase	5-phosphate dependent protein	Aminodeoxychorismate lyase	Branched-chain-amino-acid aminotransferase	269
A8B496	GL50803_5629	32.08	Uncharacterized protein	None	None	None	None	0
E2RTY2	GL50803_14259	75.57	Glucosamine 6-phosphate N-acetyltransferase	Glucosamine 6-phosphate N-acetyltransferase	Glucosamine 6-phosphate N-acetyltransferase	Glucosamine 6-phosphate N-acetyltransferase	N-acetyltransferase domain-containing protein	347
A8B3F4	GL50803_6439	88.03	EF-hand domain pair-containing protein	Penta-EF hand domain-containing protein 2	EF-hand domain-containing protein	Penta-EF hand domain-containing protein 2	Calmodulin	156
A8B2Q4	GL50803_15520	68.58	Ribosomal protein L21	60S ribosomal protein L21	LSU ribosomal protein L21E	60S ribosomal protein L21	60S ribosomal protein L21	362
A8B3I9	GL50803_9427	75.01	Phosphatidylinositol-4-phosphate 5-kinase	Radial spoke head 1 homolog	MORN motif protein	MORN repeat-containing 2	Phosphatidylinositol 4-phosphate 5-kinase	21
A0A644F576	GL50803_14567	66.06	Uncharacterized protein	Bardet-Biedl syndrome 2 protein homolog	4a-hydroxytetrahydrobiopterin dehydratase	Charged multivesicular body protein 1b	Charged multivesicular body protein 2a	15
A0A644F932	GL50803_13524	86.25	Serine/threonine-protein phosphatase	Serine/threonine-protein phosphatase 2A catalytic subunit beta isoform	Serine/threonine-protein phosphatase	Serine/threonine-protein phosphatase	Serine/threonine-protein phosphatase	1222
A0A644F7D5	GL50803_4597	61.37	Chromosome segregation ATPase	None	Guanine nucleotide-binding protein subunit beta-like protein	PDZ domain-containing protein	zf-RING_7 domain-containing protein	22
A8B3G4	GL50803_7948	71.49	Uncharacterized protein	Serine/threonine-protein phosphatase 4 regulatory subunit 3	CLUMA_CG008061, isoform A	Serine/threonine-protein phosphatase 4 regulatory subunit 3	FERM domain-containing protein	48
A8B3P3	GL50803_15137	35.68	Uncharacterized protein	None	None	None	None	0
A8B2A9	GL50803_16802	91.84	Kinase, CMGC CDK	Cyclin-dependent-like kinase 5	Cyclin-dependent kinase 17-like	Unplaced genomic scaffold supercont1.5, whole genome shotgun sequence	Non-specific serine/threonine protein kinase	400
A0A644F7H4	GL50803_60027	80.41	Kinase, NEK	Serine/threonine-protein kinase PrkC	Predicted protein	Serine/threonine-protein kinase Nek6	Protein kinase domain-containing protein	359
E2RU93	GL50803_8157	87.31	RNA polymerase II subunit Rpb5b	DNA-directed RNA polymerases I, II, and III subunit RPABC1	RNA polymerase Rpb5, C-terminal domain	DNA-directed RNA polymerases I, II, and III subunit RPABC1	DNA-directed RNA polymerase subunit H	299
A8BU35	GL50803_4711	32.62	Uncharacterized protein	None	None	None	None	0
A8B430	GL50803_4538	71.73	Dpy-30 motif-containing protein	Protein dpy-30 homolog	Dpy-30 motif-containing protein	Protein dpy-30 homolog	Nucleoside-diphosphate kinase	58
E2RU66	GL50803_15101	92.5	Alpha-17 giardin	Giardin subunit alpha-1	Alpha-17 giardin	Annexin	Annexin	831
A8B566	GL50803_2926	51.86	Uncharacterized protein	None	None	None	None	0
A8B2H9	GL50803_10315	90.07	Qb-SNARE 5	Vesicle transport v-SNARE 13	vesicle transport through interaction with t-SNAREs homolog 1A	Vesicle transport v-SNARE 13	t-SNARE coiled-coil homology domain-containing protein	67
E2RTX6	GL50803_7556	88.84	Acid phosphatase	Prostatic acid phosphatase	Acid phosphatase	Prostatic acid phosphatase	Lysosomal acid phosphatase	64
A8B3R0	GL50803_23888	88.09	FixW protein	Thiol-disulfide oxidoreductase ResA	Redoxin domain protein	Soluble secreted antigen MPT53	Thioredoxin domain-containing protein	320
A0A644F512	GL50803_14318	42.27	Uncharacterized protein	None	GTP-binding protein	None	GTP-binding protein	1
A8B338	GL50803_14521	91.21	Peroxiredoxin 1	Peroxiredoxin-1	Peroxiredoxin 1	Peroxiredoxin-1	Thioredoxin domain-containing protein	212
A0A644F6G2	GL50803_60760	46.12	IQ calmodulin-binding motif-containing protein	None	None	None	None	0
A8B4T3	GL50803_29708	82.02	Macrophage migration inhibitory factor	D-dopachrome decarboxylase-A	Macrophage migration inhibitory factor family protein	Macrophage migration inhibitory factor	5-carboxymethyl-2-hydroxymuconate isomerase	80
A8B4F7	GL50803_6026	85.53	Uncharacterized protein	None	Sds3-like-domain-containing protein	None	Sds3-like-domain-containing protein	3
E2RU91	GL50803_9509	71.7	RNA polymerase II subunit Rpb12	DNA-directed RNA polymerase subunit B'	DNA-directed RNA polymerase	RING-type E3 ubiquitin transferase	DNA repair protein RadA	48
A8B4G6	GL50803_6015	63.65	Uncharacterized protein	Vacuolar protein sorting-associated protein 8 homolog	LANO_0E04236g1_1	F-box and WD repeat domain-containing 8	Intraflagellar transport protein 122 homolog	45
A0A644F6P7	GL50803_7598	88.86	Glycolipid transfer protein	ACD11 homolog protein	Glycolipid transfer protein domain-containing protein	Het1p	GLTP domain-containing protein	412
A8B2U8	GL50803_11040	88.11	Kinase, NEK	Serine/threonine-protein kinase Nek2	Protein kinase domain-containing protein	NIMA related kinase 4	Protein kinase domain-containing protein	693
A0A644F5E5	GL50803_15186	63.04	Uncharacterized protein	Ras-like protein rasZ	Ras-related and estrogen-regulated growth inhibitor-like protein	Ras family protein	Translation initiation factor IF-2	89
A0A644F4H5	GL50803_13776	40.27	Uncharacterized protein	None	None	None	None	0
A0A644F8Z1	GL50803_101496	86.18	VSP	Major surface-labeled trophozoite antigen 417	VSP	None	Variant-specific surface protein	188
A8BU50	GL50803_4596	85.28	Ethanolamine kinase	Ethanolamine kinase 2	Choline kinase	Ethanolamine kinase	APH domain-containing protein	146
A0A644F4B0	GL50803_114440	81.49	Ankyrin repeat protein 1	Ankyrin repeat domain-containing protein 29	Ankyrin repeat protein 1	Serine/threonine-protein phosphatase 6 regulatory ankyrin repeat subunit B	Ankyrin repeat protein 1	209
A0A644F581	GL50803_40283	84.89	Protein HGH1 homolog	Protein HGH1 homolog	DUF384 domain-containing protein	Protein HGH1 homolog	RING-type E3 ubiquitin transferase	31
A8B564	GL50803_2925	82.46	Rho GDI	Rho GDP-dissociation inhibitor 1	Rho GDI	Rho GDP dissociation inhibitor (GDI) alpha	Rho GDP-dissociation inhibitor 1	66
A8B3D5	GL50803_4368	71.22	Ankyrin repeat protein 1	Ankyrin repeat and SOCS box protein 7	Ankyrin repeat protein	LP22840p	Ankyrin_rpt-contain_dom domain-containing protein	130
A0A644F6S5	GL50803_29796	30.65	Uncharacterized protein	None	None	None	None	0
A0A644F4E8	GL50803_14413	70.67	DNA-directed RNA polymerase RPB10	DNA-directed RNA polymerase subunit N	DNA-directed RNA polymerase subunit N	None	DNA-directed RNA polymerase subunit N	10
A0A644F6T0	GL50803_15279	89.89	Spo11 Type II DNA topoisomerase VI subunit A	Meiotic recombination protein SPO11	Spo11 Type II DNA topoisomerase VI subunit A	Meiotic recombination protein SPO11	TP6A_N domain-containing protein	344
A8B2H5	GL50803_20020	51.15	Transmembrane domain-containing protein	None	Sugar transferase	None	Sugar transferase	1
A8B4Z1	GL50803_90125	81.87	tRNA-intron lyase	tRNA-splicing endonuclease	tRNA-intron lyase	tRNA-splicing endonuclease	tRNA-intron lyase	275
A8B258	GL50803_14038	95.97	Beta-phosphoglucomutase	Bifunctional riboflavin kinase/FMN phosphatase	HAD family hydrolase	Bifunctional riboflavin kinase/FMN phosphatase	Enolase-phosphatase E1	177
A8B4F8	GL50803_14091	84.69	Ribosomal protein L14	60S ribosomal protein L14-A	LSU ribosomal protein L14E	60S ribosomal protein L14-A	60S ribosomal protein L14	308
E2RU17	GL50803_15567	94.33	Rab2a	GTP-binding protein YPTC4	Ras-related protein Rab-14	RAB2B, member RAS oncogene family	GTP-binding protein	59
A8B3T9	GL50803_7982	88.05	UDP-glucose 4-epimerase	UDP-glucose 4-epimerase	SDR family NAD(P)-dependent oxidoreductase	Probable epimerase	UDP-glucose 4-epimerase	241
A8B4B0	GL50803_102170	56.42	Uncharacterized protein	Filamin-A	Filamin/ABP280 repeat protein	Calponin-homology (CH) domain-containing protein	YtkA domain-containing protein	29
A0A644FAD8	GL50803_13412	92.27	Ribosome assembly factor mrt4	mRNA turnover protein 4 homolog	Ribosome assembly factor mrt4	Ribosome assembly factor mrt4	50S ribosomal protein L10	1049
A8B1U4	GL50803_14713	81.61	IFT complex B	Intraflagellar transport protein che-13	UBC core domain-containing protein	Intraflagellar transport protein 57 homolog	Intraflagellar transport protein 57 homolog	5
A8B232	GL50803_23330	73.59	IQ calmodulin-binding motif-containing protein	Spermatogenesis-associated protein 17	Spermatogenesis-associated protein 17	None	Spermatogenesis-associated protein 17	2
A0A644F8F2	GL50803_6559	89.52	Cyclin	PHO85 cyclin-5	Unplaced genomic scaffold K443scaffold_32, whole genome shotgun sequence	PHO85 cyclin-5	Cyclin N-terminal domain-containing protein	292
A0A644F9N4	GL50803_14270	87.09	Dynein light chain roadblock	Dynein light chain roadblock-type 2	Dynein light chain roadblock	Dynein light chain roadblock	Robl_LC7 domain-containing protein	363
E2RTX5	GL50803_3036	77.03	RNA polymerase II subunit Rpb11	DNA-directed RNA polymerase II subunit RPB11-a	RNA_pol_L_2 domain-containing protein	DNA-directed RNA polymerase II subunit RPB11-a	RNA_pol_L_2 domain-containing protein	334
A8B4U4	GL50803_11961	75.43	RRM domain-containing protein	Matrin-3	MTHSD protein	RRM domain-containing protein	RRM domain-containing protein	186
A0A644F787	GL50803_16522	58.33	Uncharacterized protein	Pesticidal crystal protein Cry2Aa	DUF1553 domain-containing protein	Bacterial membrane protein YfhO	Cytochrome c domain-containing protein	29
A0A644F7N9	GL50803_60084	44.6	Uncharacterized protein	None	None	None	None	0
A8B470	GL50803_14213	74.36	RanBD1 domain-containing protein	Nucleoporin NUP2	PH domain-like protein	RanBD1 domain-containing protein	RanBD1 domain-containing protein	16
A8B236	GL50803_27910	85.96	Rhodanese like protein	Dual specificity phosphatase Cdc25	Rhodanese like protein	Dual specificity phosphatase Cdc25	tRNA uridine(34) hydroxylase	365
E2RU27	GL50803_9827	96.17	Thioredoxin reductase	Thioredoxin reductase	Thioredoxin reductase	Thioredoxin reductase 2, mitochondrial	Thioredoxin reductase	421
A0A644F691	GL50803_60750	47.4	Uncharacterized protein	None	Bm10498, isoform a	Bm10498, isoform a	Bm10498, isoform a	2
A8B446	GL50803_17126	39.23	PSP domain-containing protein	None	None	None	None	0
A0A644F929	GL50803_4767	81.31	Ankyrin repeat protein 1	Ankyrin repeat and SAM domain-containing protein 3	Protein 21.1	Neurogenic locus notch homolog protein 4	Ankyrin repeat protein 1	226
A0A644F5I1	GL50803_15191	72.79	Pyrroline-5-carboxylate reductase catalytic N-terminal domain-containing protein	Ketol-acid reductoisomerase (NADP(+))	KARI N-terminal Rossmann domain-containing protein	Pyrroline-5-carboxylate reductase	Adenosylhomocysteinase	288
E2RU70	GL50803_1721	95.2	TATA box-binding protein-like 1	TATA-box-binding protein	TATA-box-binding protein	TATA-box-binding protein	TATA-box-binding protein	268
E2RU77	GL50803_15228	85.55	Ribosomal protein S15A	40S ribosomal protein S15Aa	40S ribosomal S15a isoform A	40S ribosomal protein S15Aa	30S ribosomal protein S8	1151
A8B447	GL50803_6647	91.02	Nas2 N-terminal domain-containing protein	26S proteasome non-ATPase regulatory subunit 9	Nas2_N domain-containing protein	26S proteasome non-ATPase regulatory subunit 9	Prefoldin subunit beta	65
A8B356	GL50803_5488	61.8	FEN-1 nuclease	None	None	None	None	0
A8BTW6	GL50803_3202	55.38	Uncharacterized protein	None	None	None	None	0
A0A644F4S9	GL50803_96364	42.47	Uncharacterized protein	None	None	None	None	0
A0A644F9S2	GL50803_111987	85.08	Ankyrin repeat protein 1	Sex-determining protein fem-1	Ankyrin repeat protein 1	ANK_REP_REGION domain-containing protein	Ankyrin repeat protein 1	210
A0A644F707	GL50803_3279	46	Ribonuclease	E3 ubiquitin-protein ligase SRFP1	E3 ubiquitin-protein ligase RHA2B	Os04g0289800 protein	RING-type domain-containing protein	30
A8B353	GL50803_95593	85.46	Kinase, NEK	Serine/threonine-protein kinase Nek2	Kinase-like protein	NIMA related kinase 2	Protein kinase domain-containing protein	333
A8B268	GL50803_17604	84.18	Ankyrin repeat protein 1	Sex-determining protein fem-1	Ankyrin repeat protein	ANK_REP_REGION domain-containing protein	Ankyrin repeat protein 1	162
A0A644F4E3	GL50803_31576	79.59	Ubiquitin-conjugating enzyme E2	Ubiquitin-conjugating enzyme E2 B	Ubiquitin-conjugating enzyme family protein	Si:ch1073-205c8.3	UBC core domain-containing protein	531
A8B2H0	GL50803_101423	41.71	Uncharacterized protein	None	None	None	None	0
A0A644FAW5	GL50803_7552	70.15	Nucleoporin NSP1-like C-terminal domain-containing protein	None	None	None	None	0
A0A644FB17	GL50803_7766	92.71	Small ribosomal subunit protein uS2	40S ribosomal protein SA	Stubarista	40S ribosomal protein S0-A	30S ribosomal protein S2	1453
A8B3C6	GL50803_6060	34.9	Uncharacterized protein	None	None	None	None	0
A0A644F4X8	GL50803_15166	62.05	Uncharacterized protein	None	Signal recognition particle, subunit Srp9	PUR-alpha-like protein	Double-stranded RNA-binding protein 4	2
A0A644FA75	GL50803_25713	62.14	Ribonuclease P	Ribonuclease P protein component 4	Ribonuclease P	RNase P protein subunit	Ribonuclease P protein component 4	394
A0A644F413	GL50803_15034	41.48	Uncharacterized protein	None	KAT8 regulatory NSL complex subunit 2	None	KAT8 regulatory NSL complex subunit 2	1
A0A644FCH6	GL50803_60466	71.21	Translation machinery associated TMA7	Translation machinery-associated protein 7 homolog	Coiled-coil domain-containing protein 72 homolog	Coiled-coil domain-containing protein 72 homolog	Coiled-coil domain-containing protein 72 homolog	4
A0A644FAI9	GL50803_15367	75.6	Kinetochore protein Spc24	Kinetochore protein Spc25	Kinetochore protein Spc24	Kinetochore protein Spc25	Kinetochore protein SPC25	7
A0A644F7T6	GL50803_60083	79.78	Kinase, NEK	Ankyrin repeat-containing protein YAR1	Kinase, NEK	Ankyrin repeat and SOCS box-containing 2b	Non-specific serine/threonine protein kinase	199
A8B4H5	GL50803_113995	44.78	Uncharacterized protein	None	None	None	None	0
A0A644F8R1	GL50803_16113	40.07	Uncharacterized protein	None	None	None	None	0
A0A644F6L0	GL50803_15444	73.53	Chromosome segregation protein SMC	None	Coiled-coil domain containing 68	None	Histidine kinase	5
A0A644F8E3	GL50803_16548	77.41	PX domain-containing protein	Sorting nexin-30	PX domain-containing protein	Sorting nexin 1	PX domain-containing protein	281
A0A644FBJ7	GL50803_14119	83.27	Zinc finger domain-containing protein	Box C/D snoRNA protein 1	Zinc finger domain-containing protein	HIT-type Zinc finger family protein	HIT-type domain-containing protein	401
A8B4Y3	GL50803_28626	66.17	VSP	None	VSP	Surface antigen-like protein	Variant-specific surface protein	6
E2RU64	GL50803_3763	61.79	Protein 21.4	Zinc finger protein 385C	Protein 21.4	Zinc finger protein 385C	C2H2-type domain-containing protein	65
A8B1Y9	GL50803_102890	90.56	BUB3	Mitotic checkpoint protein bub-3	WD40 repeat-like protein	Mitotic checkpoint protein bub-3	WD_REPEATS_REGION domain-containing protein	104
A0A644F5U5	GL50803_10423	81.96	Activator of Hsp90 ATPase	Activator of 90 kDa heat shock protein ATPase homolog 2	Aha1_N domain-containing protein	Aha1_N domain-containing protein	Aha1_N domain-containing protein	325
E2RU32	GL50803_15144	79.27	DNA-directed RNA polymerases I, II, and III subunit RPABC3	Probable DNA-directed RNA polymerases I, II, and III subunit RPABC3	DNA-directed RNA polymerases I, II, and III subunit RPABC3	DNA-directed RNA polymerases I, II, and III subunit RPABC3	ABC transporter ATP-binding protein	137
A0A644F8N2	GL50803_16357	60.95	Uncharacterized protein	13 kDa ribonucleoprotein-associated protein	Ribonucloprotein	13 kDa ribonucleoprotein-associated protein	40S ribosomal protein S12	418
A0A644FAS5	GL50803_13904	82.21	Prefoldin subunit	Prefoldin subunit alpha	Prefoldin subunit 5	Probable prefoldin subunit 5	Prefoldin subunit alpha	278
A0A644FBK5	GL50803_6133	73.89	Ribosomal protein L29	60S ribosomal protein L35	LSU ribosomal protein L29P	60S ribosomal protein L35	60S ribosomal protein L35	260
A8B1R7	GL50803_11050	50.7	Uncharacterized protein	None	Unannotated protein	None	Unannotated protein	1
A8B4C9	GL50803_5857	84.14	Pantothenate kinase 4	Pantothenate kinase 2	Pantothenate kinase 4	Pantothenate kinase 2	tRNA N6-adenosine threonylcarbamoyltransferase	549
A0A644FB74	GL50803_1345	94.89	Ribosomal protein L10a	60S ribosomal protein L10a-3	Ribosomal protein	Ribosomal protein	50S ribosomal protein L1	988
A0A644F8H6	GL50803_16554	83.85	Splicing factor U2AF subunit	Splicing factor U2AF 23 kDa subunit	Splicing factor u2af 35 kDa subunit	Splicing factor U2AF 23 kDa subunit	RRM domain-containing protein	126
A8B2V8	GL50803_33020	42.2	Uncharacterized protein	None	None	None	None	0
A0A644FBQ8	GL50803_102444	84.54	Ankyrin repeat protein 1	Sex-determining protein fem-1	Ankyrin repeat protein	Sex-determining protein fem-1	Ankyrin repeat protein 1	210
A8B2J8	GL50803_5785	88.19	Qb-SNARE 4	Vesicle transport through interaction with t-SNAREs homolog 1A	t-SNARE coiled-coil homology domain-containing protein	Vesicle transport through interaction with t-SNAREs homolog 1A	t-SNARE coiled-coil homology domain-containing protein	49
E2RTZ2	GL50803_9558	91.93	Rab1a	Ras-related protein Rab-1B	Small GTPase superfamily	Ras-related protein Rab-1B	GTP-binding protein	77
A0A644F5Z8	GL50803_d101307	91.47	Kinase, NEK	Cytokinesis protein sepH	Protein kinase domain-containing protein	LD04361p	Protein kinase domain-containing protein	506
A0A644F5K9	GL50803_10780	62.85	Ribosomal protein S27	30S ribosomal protein S27e	Ribosomal protein S27	40S ribosomal protein S27-like	40S ribosomal protein S27	586
A8B2W8	GL50803_15089	85.68	Nucleotide exchange factor Fes1 domain-containing protein	Hsp70 nucleotide exchange factor fes1	LD28549p	Hsp70 nucleotide exchange factor fes1	RING-type E3 ubiquitin transferase	113
A0A644F6X5	GL50803_60815	86.19	CS domain-containing protein	Dynein assembly factor 4, axonemal	NudC domain-containing protein 1	Dynein axonemal assembly factor 4	Tetratricopeptide repeat protein	272
E2RTY5	GL50803_3095	81.36	Cyclin, N-terminal domain-containing protein	Cyclin-Y-like protein 1	Cyclin N-terminal domain-containing protein	Cyclin	Cyclin N-terminal domain-containing protein	318
A0A644FAL7	GL50803_25080	60.36	Uncharacterized protein	Spore coat protein F-like protein YgzC	Coat F domain protein	None	Spore coat protein F-like protein YgzC	2
A8B4L5	GL50803_9528	73.91	Methyltransferase like 2	tRNA N(3)-methylcytidine methyltransferase METTL6	Methyltransferase	S-adenosyl-L-methionine-dependent methyltransferases superfamily protein	Methyltransferase-like protein	191
A8B1W5	GL50803_4344	73.42	Uncharacterized protein	Vacuolar fusion protein CCZ1	DNA helicase	Adaptor-related protein complex 5 subunit sigma 1	Histidine kinase	73
A0A644FAC8	GL50803_60376	78.1	LSM domain-containing protein	U6 snRNA-associated Sm-like protein LSm7	LSM domain-containing protein	Sm domain-containing protein	Sm domain-containing protein	221
A0A644F566	GL50803_60631	47.52	ATP-dependent RNA helicase	DEAD-box ATP-dependent RNA helicase 34	Helicase conserved C-terminal domain-containing protein	RNA helicase	RNA helicase	197
A8B2F8	GL50803_10335	81.16	tRNA (guanine-N(7)-)-methyltransferase	tRNA (guanine-N(7)-)-methyltransferase	tRNA (guanine-N(7)-)-methyltransferase	tRNA (guanine-N(7)-)-methyltransferase	tRNA (guanine-N(7)-)-methyltransferase	1285
A0A644F8P1	GL50803_40783	79.57	MORN repeat-containing protein	MORN repeat-containing protein 1	Histone H3 K4-specific methyltransferase SET7/9 N-terminal domain-containing protein	MORN repeat-containing 2	1-phosphatidylinositol-4-phosphate 5-kinase	31
A0A644FAQ0	GL50803_60434	92.35	Ankyrin repeat protein 1	Ankyrin repeat and SOCS box protein 3	Kinase, NEK	Ankyrin repeat and SOCS box protein 3	ANK_REP_REGION domain-containing protein	116
A0A644F6W2	GL50803_13699	56.97	Uncharacterized protein	Ubiquitin-like protein 3	Ubiquitin-like domain-containing protein	Ubiquitin-like protein	Ubiquitin-like domain-containing protein	185
A0A644F4F2	GL50803_94868	33.05	Uncharacterized protein	None	None	None	None	0
A0A644FBL9	GL50803_13274	28.08	Uncharacterized protein	None	None	None	None	0
A0A644F6W1	GL50803_113024	85.69	VSP	Major surface-labeled trophozoite antigen 417	VSP	Nesprin-2	Variant-specific surface protein	216
A0A644FAX6	GL50803_28433	50.97	Uncharacterized protein	None	ABC_transp_aux domain-containing protein	Os06g0232700 protein	Glycosyltransferase	4
A8B4B7	GL50803_10299	81.59	SNF7 family protein	Vacuolar-sorting protein SNF7	Vacuolar assembly protein DID2	Charged multivesicular body protein 1a	Methyl-accepting chemotaxis protein	27
E2RTX7	GL50803_91198	86.56	AP complex subunit sigma	AP-1 complex subunit sigma-3	AP complex subunit sigma	AP-1 complex subunit sigma-3	AP complex subunit sigma	332
A0A644F5N7	GL50803_6901	87.82	Uncharacterized protein	None	None	None	None	0
E2RU42	GL50803_8826	89.46	Glucokinase	Glucokinase	Glucokinase	Glucokinase	Glucokinase	872
A0A644FAA4	GL50803_60379	92.66	Ferredoxin Fd1, Fd2	Ferredoxin	4Fe-4S binding domain family protein	Polyferredoxin protein FwdG	NAD(P)H-quinone oxidoreductase subunit I, chloroplastic	203
A0A644FAT1	GL50803_86676	77.4	Delta giardin	None	None	None	None	0
Q8I6M8	GL50803_10450	93.36	peptidylprolyl isomerase	Peptidyl-prolyl cis-trans isomerase FKBP1A	Peptidylprolyl isomerase	Peptidylprolyl isomerase	Peptidylprolyl isomerase	762
E2RU67	GL50803_13109	92.96	RabA	Ras-related protein Rab-4B	Ras-related protein Rab-4	Ras-related protein Rab-4B	GTP-binding protein	60
E2RU57	GL50803_114787	93.21	Alpha-7.3 giardin	Giardin subunit alpha-9	Alpha-6 giardin	Annexin B11	Annexin	754
A8B3G7	GL50803_7950	90.22	26S protease regulatory subunit 6B	26S proteasome regulatory subunit 6B	AAA domain-containing protein	26S protease regulatory subunit 6B	AAA domain-containing protein	415
A0A644F534	GL50803_60621	83.91	Ankyrin repeat protein 1	Protein fem-1 homolog C	Ankyrin repeat protein 1	Protein fem-1 homolog C	Ankyrin repeat protein 1	221
A8B4A9	GL50803_15162	85.98	Ubiquitin-conjugating enzyme E2-17 kDa	Ubiquitin-conjugating enzyme E2 2	Ubiquitin-conjugating enzyme E2-17 kDa	Os03g0791800 protein	UBC core domain-containing protein	602
E2RU62	GL50803_103935	71.09	DNA repair protein RAD52	DNA repair and recombination protein RAD52	DNA repair and recombination protein RAD52	Unplaced genomic scaffold supercont1.5, whole genome shotgun sequence	DNA repair and recombination protein RAD52	2
A8B4N1	GL50803_2555	76.66	Reticulon-like protein	ADP-ribosylation factor-like protein 6-interacting protein 1	ADP-ribosylation factor-like protein 6-interacting protein 1	ADP-ribosylation factor-like 6 interacting protein	ADP-ribosylation factor-like protein 6-interacting protein 1	19
A0A644FBU1	GL50803_16387	69.07	60S ribosomal protein L18a	60S ribosomal protein L18a	60S ribosomal protein L18a	60S ribosomal protein L18a	50S ribosomal protein L18Ae	233
A8B2D3	GL50803_115444	73.96	Ankyrin repeat protein 1	Protein TANC1	Ankyrin repeat protein 1	Ankyrin repeat domain 65	Ankyrin repeat protein 1	147
A8B3E2	GL50803_24636	94.36	Replication factor C, subunit 3	Replication factor C subunit 3	Replication factor C subunit 3	Replication factor C subunit 3	Holliday junction ATP-dependent DNA helicase RuvB	723
E2RU72	GL50803_15004	93	NADPH oxidoreductase	Glutathione-regulated potassium-efflux system ancillary protein KefG	NAD(P)H:menadione oxidoreductase	Glutathione-regulated potassium-efflux system ancillary protein KefG	FMN-dependent NADH:quinone oxidoreductase	196
A8B4H8	GL50803_28112	64.65	Serine/threonine protein kinase	None	None	None	None	0
A8B3G3	GL50803_7946	77.98	High cysteine membrane protein	Amphiregulin	High cysteine membrane protein	Amphiregulin	EGF-like domain-containing protein	19
A0A644F938	GL50803_17286	60.1	Uncharacterized protein	None	Outer envelope pore protein 16-1, chloroplastic	None	HDIG domain-containing protein	4
A8B4T9	GL50803_11955	49.08	Uncharacterized protein	None	None	None	None	0
A0A644F6C9	GL50803_15537	39.16	Uncharacterized protein	None	None	None	None	0
A0A644F4I4	GL50803_8716	83.04	Acid phosphatase surE	5'-nucleotidase SurE	Acid phosphatase surE	5'-nucleotidase SurE	5'-nucleotidase SurE	783
A8B254	GL50803_5842	43.58	Uncharacterized protein	Mas-related G-protein coupled receptor member B3	Unplaced genomic scaffold GYMLUscaffold_75, whole genome shotgun sequence	Unplaced genomic scaffold supercont1.4, whole genome shotgun sequence	Gastric inhibitory polypeptide receptor	2
A8B4V1	GL50803_11976	45.76	Uncharacterized protein	None	None	None	None	0
A8B2I0	GL50803_16940	62.75	Thioredoxin-like fold domain-containing protein	None	Thioredoxin domain-containing protein	Soluble secreted antigen MPT53	Thioredoxin domain-containing protein	51
A8B4U6	GL50803_11965	42.62	Uncharacterized protein	None	None	None	None	0
E2RTX3	GL50803_5638	84	Cyst wall protein 1	Polygalacturonase inhibitor	Fibronectin type-III domain-containing protein	LRRNT_2 domain-containing protein	Protein kinase domain-containing protein	373
A8B3V2	GL50803_7990	82.92	Eukaryotic initiation factor 4E	Eukaryotic translation initiation factor 4E type 2	Translation elongation factor	Eukaryotic translation initiation factor 4E class II 2A	eIF-4F 25 kDa subunit	148
A0A644F7F4	GL50803_60903	32.49	Uncharacterized protein	None	None	None	None	0
A0A644F8G9	GL50803_d60225	93.85	Glutathione S-transferase-like protein	Glutathione S-transferase alpha I	Glutathione S-transferase-like protein	Glutathione S-Transferase	Glutathione S-transferase	161
A8B2I2	GL50803_10313	88.9	Kinase	Probable serine/threonine-protein kinase glkA	Protein kinase domain containing protein	Probable serine/threonine-protein kinase glkA	Protein kinase domain-containing protein	447
A0A644F8J4	GL50803_103164	53.54	SHIPPO repeat domain-containing protein	None	None	None	None	0
E2RTX0	GL50803_15127	96.76	deoxyribose-phosphate aldolase	Deoxyribose-phosphate aldolase	Deoxyribose-phosphate aldolase	2-deoxy-D-ribose 5-phosphate aldolase	Deoxyribose-phosphate aldolase	815
A0A644F8J5	GL50803_16463	87.67	18S rRNA aminocarboxypropyltransferase	18S rRNA aminocarboxypropyltransferase	18S rRNA aminocarboxypropyltransferase	18S rRNA aminocarboxypropyltransferase	18S rRNA aminocarboxypropyltransferase	577
A0A644FC41	GL50803_16044	71.54	Ribosomal L22e	60S ribosomal protein L22	LSU ribosomal protein L22E	60S ribosomal protein L22	60S ribosomal protein L22	122
A8B4L4	GL50803_9529	85.07	Palmitoyltransferase	Probable protein S-acyltransferase 16	Palmitoyltransferase	S-acyltransferase	Palmitoyltransferase	994
A8B4U0	GL50803_11956	56.91	Uncharacterized protein	None	None	None	None	0
A0A644F543	GL50803_17584	70.4	RRM domain-containing protein	Peptidyl-prolyl cis-trans isomerase E	Chromosome 1, whole genome shotgun sequence	RRM domain-containing protein	RRM domain-containing protein	400
A8B3G1	GL50803_32235	48.48	Uncharacterized protein	None	MlaD domain-containing protein	Apolipoprotein L domain-containing 1	Apolipoprotein L domain-containing 1	2
E2RU99	GL50803_6184	97.45	Branched-chain amino acid aminotransferase	Branched-chain-amino-acid aminotransferase	Branched-chain amino acid aminotransferase lateral transfer candidate	Branched-chain-amino-acid aminotransferase	Branched-chain-amino-acid aminotransferase	550
A8B2Y8	GL50803_15094	85.69	Cyclin	Cyclin-U4-3	Cyclin N-terminal domain-containing protein	Cyclin	Cyclin N-terminal domain-containing protein	281
A0A644FB79	GL50803_88960	77.04	Uncharacterized protein	Membrane-spanning 4-domains subfamily A member 15	Golgi apparatus membrane TVP15	Casparian strip membrane protein 5	CASP-like protein	24
A0A644F7X0	GL50803_10939	85.52	Kelch motif-containing protein	Acyl-CoA-binding domain-containing protein 5	Galactose oxidase/kelch repeat superfamily protein	Galactose oxidase/kelch repeat superfamily protein	BTB domain-containing protein	139
A0A644FAT9	GL50803_50116	88.29	VSP	Major surface trophozoite antigen 11	VSP	P/Homo B domain-containing protein	Variant-specific surface protein	61
A0A644F6Z7	GL50803_6035	86.13	Ankyrin repeat protein 1	DNA-binding protein RFXANK	Protein 21.1	Ankyrin repeat and SOCS box-containing 7	Ankyrin repeat protein 1	222
A8B211	GL50803_88059	56.85	Myb-like DNA-binding domain-containing protein	None	None	None	None	0
A8B4P6	GL50803_113970	88.56	Alpha/beta hydrolase family protein	Palmitoyl-protein thioesterase ABHD10, mitochondrial	AB hydrolase-1 domain-containing protein	Alpha/beta-Hydrolases superfamily protein	Alpha/beta hydrolase	229
A0A644FAP9	GL50803_92892	79.63	TatD related DNase	D-aminoacyl-tRNA deacylase	TatD related DNase	Hydrolase	TatD family deoxyribonuclease	72
A0A644FDA8	GL50803_60483	28.32	Uncharacterized protein	None	None	None	None	0
A0A644F8Q5	GL50803_13101	73.81	Uncharacterized protein	Basic immunoglobulin-like variable motif-containing protein	Basic immunoglobulin-like variable motif-containing protein	Basic immunoglobulin-like variable motif-containing protein	Basic immunoglobulin-like variable motif-containing protein	96
A0A644F7Q0	GL50803_60085	36.92	Uncharacterized protein	None	None	None	None	0
A8B2G3	GL50803_10329	83.89	Ferredoxin Fd3	Choline trimethylamine-lyase activating enzyme	Ferredoxin Fd3	L-aspartate semialdehyde sulfurtransferase iron-sulfur subunit	NAD(P)H-quinone oxidoreductase subunit I, chloroplastic	199
E2RU75	GL50803_17090	69.66	Giardia trophozoite antigen GTA-1	Diacylglycerol kinase eta	Trophozoite antigen GTA-1	Diacylglycerol kinase	SAM domain-containing protein	315
A0A644F5T2	GL50803_5873	34.76	Uncharacterized protein	None	None	None	None	0
A8B3G8	GL50803_14589	67.42	EF-hand domain-containing protein	Probable calcium-binding protein CML21	EF-hand domain-containing protein	AT10229p	Calmodulin	185
A0A644FAN7	GL50803_11196	37.9	Uncharacterized protein	None	None	None	None	0
A0A644F899	GL50803_60184	32.62	Uncharacterized protein	None	None	None	None	0
A0A644F416	GL50803_16823	65.22	Non ATPase subunit MPR1 of 26S proteasome	26S proteasome regulatory subunit RPN11	Non ATPase subunit MPR1 of 26S proteasome	26S proteasome regulatory subunit RPN11	26S proteasome regulatory subunit RPN11	291
A8B2H2	GL50803_103785	48.24	Transmembrane domain-containing protein	Huntingtin-interacting protein 1-related protein	Inorganic diphosphatase	Huntingtin-interacting protein 1-related protein	Huntingtin-interacting protein 1-related protein	4
A8B4D5	GL50803_24512	74.86	Neurogenic locus notch-like protein	Proheparin-binding EGF-like growth factor	Neurogenic locus notch-like protein	EGF-like domain-containing protein	EGF-like domain-containing protein	148
A8BTV9	GL50803_12807	90.09	ATP binding protein associated with cell differentiation, putative	Thioredoxin domain-containing protein PLP3A	Thioredoxin domain-containing protein PLP3B-like	Thioredoxin domain-containing protein	Thioredoxin	407
E2RU21	GL50803_8497	82.42	Rab28/RabF	Ras-related protein Rab-28	Ras-related protein YPTC6	Ras-related protein Rab-28	GTPase Era	87
A0A644F7L5	GL50803_16297	81.99	Uncharacterized protein	B-cell receptor-associated protein 29	Zinc ribbon domain-containing protein	B-cell receptor-associated protein	Phage tail tape measure protein	5
A0A644F664	GL50803_6408	65.44	SnRNP Sm-like protein	Probable U6 snRNA-associated Sm-like protein LSm4	CSON000563 protein	U6 snRNA-associated Sm-like protein LSm4	Small nuclear ribonucleoprotein Sm D3	182
E2RU02	GL50803_27266	81.22	[2Fe-2S] ferredoxin	2Fe-2S ferredoxin	Ferredoxin	2Fe-2S ferredoxin-type domain-containing protein	2Fe-2S ferredoxin-type domain-containing protein	266
E2RU06	GL50803_10038	96.22	Alpha-18 giardin	Giardin subunit alpha-9	Alpha-18 giardin	Annexin	Annexin	573
A8B513	GL50803_9359	78.21	Uncharacterized protein	Zinc finger MYND domain-containing protein 10	DUF218 domain-containing protein	Zinc finger MYND domain-containing protein 10	Non-specific serine/threonine protein kinase	39
A8B460	GL50803_6448	60.73	Uncharacterized protein	Calcipressin-like protein	Methyltransferase domain-containing protein	Os10g0207700 protein	Elongation factor G	15
A8B2P8	GL50803_11896	62.85	Uncharacterized protein	None	None	None	None	0
A8B3H0	GL50803_113723	73.45	High cysteine membrane protein	PTTG1IP family member 2	Histidine kinase	Sodium channel subunit beta-3	Histidine kinase	4
A0A644F6C0	GL50803_37421	88.69	EGF-like domain-containing protein	None	EGF-like domain-containing protein	None	High cysteine membrane protein	5
A0A644F7X4	GL50803_d60176	37.42	Uncharacterized protein	None	None	None	None	0
A0A644FB68	GL50803_88945	56.09	GARP-like protein 2	None	Golden 2-like protein 1	HTH myb-type domain-containing protein	HTH myb-type domain-containing protein	5
E2RU71	GL50803_13438	91.18	Ankyrin repeat protein 1	Ankyrin repeat and SOCS box protein 3	Ankyrin repeat protein 1	Ankyrin repeat and SOCS box-containing 2b	Ankyrin repeat protein 1	234
A8B4J5	GL50803_12920	39.27	Uncharacterized protein	None	None	None	None	0
A8B462	GL50803_6447	36.13	Uncharacterized protein	Ribonuclease P protein component 2	DUF4265 domain-containing protein	Lipoprotein	Lipoprotein	42
A8B2P2	GL50803_101451	50.99	Transmembrane domain-containing protein	None	ATP synthase I	None	ATP synthase subunit I	2
A0A644F964	GL50803_60211	76.93	Ribosomal protein S19e	30S ribosomal protein S19e	SSU ribosomal protein S19E	40S ribosomal protein S19	Holliday junction ATP-dependent DNA helicase RuvB	245
A8B252	GL50803_5845	63.87	40S ribosomal protein S8	40S ribosomal protein S8-B	40S ribosomal protein S8	40S ribosomal protein S8-B	40S ribosomal protein S8	476
A0A644F9A2	GL50803_16265	85.36	Small ribosomal subunit protein eS1	40S ribosomal protein S3a	Ribosomal protein S3a	40S ribosomal protein S3a	40S ribosomal protein S3a	306
A0A644F6S9	GL50803_15604	79.32	26S proteasome regulatory subunit Rpn10	26S proteasome non-ATPase regulatory subunit 4	VWFA domain-containing protein	VWFA domain-containing protein	VWFA domain-containing protein	262
A0A644F9E3	GL50803_50057	89.04	High cysteine protein	Major surface trophozoite antigen 11	High cysteine protein	Nesprin-2	Variant-specific surface protein	237
A0A644F4H9	GL50803_14762	40.49	Uncharacterized protein	None	None	None	None	0
A0A644F8Z9	GL50803_8078	48.82	Uncharacterized protein	None	None	None	None	0
E2RU49	GL50803_7875	87.6	E04F6.2 like protein	Parkin coregulated gene protein homolog	E04F6.2 like protein	PARK2 co-regulated	TOG domain-containing protein	36
A0A644FAX4	GL50803_31617	36.54	Uncharacterized protein	None	None	None	None	0
A0A644FA19	GL50803_39483	66.57	Ribosomal protein S29e	40S ribosomal protein S29	Ribosomal protein S29A	40S ribosomal protein S29	30S ribosomal protein S14	465
E2RU95	GL50803_9779	90.16	UPL-1	Purine nucleoside phosphorylase DeoD-type 1	UPL-1	Uridine phosphorylase	PNP_UDP_1 domain-containing protein	281
A0A644F6Q5	GL50803_17366	92.3	NAD(P)H-hydrate epimerase	NAD(P)H-hydrate epimerase	NAD(P)H-hydrate epimerase	NAD(P)H-hydrate epimerase	NAD(P)H-hydrate epimerase	382
E2RU85	GL50803_6744	80.63	Centrin	Caltractin	Caltractin	Centrin-2	Calmodulin	287
A8B493	GL50803_5632	89.78	Exosome complex exonuclease	Exosome complex component RRP45	Exosome complex endonuclease 2/ribosomal RNA processing protein	Exosome complex exonuclease RRP45	Polyribonucleotide nucleotidyltransferase	522
A0A644F642	GL50803_15193	67.63	Trichohyalin	None	Uso1_p115_head domain-containing protein	None	Peptidase_M23 domain-containing protein	2
A0A644FB72	GL50803_13897	86.8	MCT-1 protein-like protein	Malignant T-cell-amplified sequence 2	MCT-1 protein-like protein	Os01g0314300 protein	Glutamate 5-kinase	341
A8B1R0	GL50803_11052	66.02	RING-type E3 ubiquitin transferase	E3 ubiquitin-protein ligase MGRN1	Zinc finger domain protein	RING-type domain-containing protein	RING-type domain-containing protein	410
A8B4D7	GL50803_16228	86.22	DDI1-like DNA-damage inducible protein	Protein DDI1 homolog	DNA damage-inducible protein 1	Protein DDI1 homolog	Reverse transcriptase domain-containing protein	176
A8B4F3	GL50803_3570	73.8	Ribosomal protein S28	40S ribosomal protein S28	SSU ribosomal protein S28E	40S ribosomal protein S28	30S ribosomal protein S28e	199
A8B2G0	GL50803_10330	91.35	Tenascin	None	Tenascin family protein	None	Tenascin	2
A8BTY4	GL50803_3581	54.48	Intraflagellar transport complex B, subunit 20	None	GGDEF domain-containing protein	None	GGDEF domain-containing protein	2
A8B3T8	GL50803_16758	58.01	Uncharacterized protein	None	None	None	None	0
A8B2X8	GL50803_15093	68.89	Uncharacterized protein	None	None	None	None	0
A0A644F6J5	GL50803_6084	49.71	Uncharacterized protein	None	None	None	None	0
A8B228	GL50803_8979	41.29	Uncharacterized protein	None	None	None	None	0
A0A644F762	GL50803_8367	78.74	V-type H-transporting ATPase subunit F	V-type proton ATPase subunit F	Vacuolar ATP synthase subunit F	V-type proton ATPase subunit F	Succinate--CoA ligase [ADP-forming] subunit beta	437
A8B4T4	GL50803_15538	86.86	Eukaryotic translation initiation factor 5	Probable eukaryotic translation initiation factor 5	Protein Translation Initiation Factor 5 (IF-5)	Probable eukaryotic translation initiation factor 5	eIF2B_5 domain-containing protein	206
A8B455	GL50803_17129	41.18	Uncharacterized protein	None	None	None	None	0
A0A644F9P4	GL50803_17068	93.4	WD40 repeat protein	DDB1- and CUL4-associated factor 7 homolog	Guanine nucleotide-binding protein subunit beta-like protein	DDB1- and CUL4-associated factor 7 homolog	WD_REPEATS_REGION domain-containing protein	122
A0A644F5W7	GL50803_40007	88.36	RNase PH-like 3'-5' exoribonuclease	Exosome complex exonuclease RRP46 homolog	Polyribonucleotide nucleotidyltransferase	Exosome complex exonuclease RRP46 homolog	Polyribonucleotide nucleotidyltransferase	1275
A0A644F8I9	GL50803_60210	36.13	Uncharacterized protein	None	None	None	None	0
A8B2F3	GL50803_10341	84.45	Ribosomal protein L10e	Ribosomal L1 domain-containing protein 1	Ribosomal protein L10e	Ribosomal protein L1p/L10e family	Ribosomal protein	222
A0A644FA68	GL50803_103094	83.11	Ankyrin repeat protein 1	Protein fem-1 homolog B	Protein 21.1	ANK_REP_REGION domain-containing protein	Ankyrin repeat protein 1	207
A0A644F8Q9	GL50803_13103	69.14	Transcription elongation factor 1 homolog	Transcription elongation factor 1 homolog	Transcription elongation factor 1 homolog	Transcription elongation factor 1 homolog	Transcription elongation factor 1 homolog	463
A0A644F8R6	GL50803_60225	94.98	Glutathione S-transferase-like protein	Glutathione S-transferase P	Glutathione S-transferase-like protein	Glutathione S-Transferase	Glutathione S-transferase	165
E2RU05	GL50803_8245	92.48	Glucosamine-6-phosphate isomerase	Glucosamine-6-phosphate isomerase 1	Glucosamine-6-phosphate deaminase	Glucosamine-6-phosphate isomerase	Glucosamine-6-phosphate deaminase	847
E2RTZ0	GL50803_4629	67.81	BC2-ORF3	None	None	None	None	0
A0A644F462	GL50803_12062	86.33	Proteasome activator pa28 beta subunit	Proteasome activator 28	Proteasome activator pa28 beta subunit	LD45860p	NAB domain-containing protein	14
A0A644FBE1	GL50803_16796	93.73	non-specific serine/threonine protein kinase	EKC/KEOPS complex subunit Tp53rk	Non-specific serine/threonine protein kinase	Non-specific serine/threonine protein kinase	Non-specific serine/threonine protein kinase	596
A8B4W2	GL50803_14568	94.43	Serine/threonine-protein phosphatase	Serine/threonine-protein phosphatase PP1	Serine/threonine-protein phosphatase	Serine/threonine-protein phosphatase	Serine/threonine-protein phosphatase	1092
A0A644F9C4	GL50803_60288	92.07	BolA-like protein	BolA-like protein 3	rRNA methyltransferase spb1	BolA-like protein 3	Ribosome maturation factor RimP	270
A0A644F6X0	GL50803_17374	75.63	Uncharacterized protein	Transducin-like enhancer protein 6	KAP NTPase domain-containing protein	Transducin-like enhancer protein 6	WD_REPEATS_REGION domain-containing protein	65
E2RU26	GL50803_13437	63.24	Protein 21.1	None	RING-type domain-containing protein	None	RING-type domain-containing protein	1
E2RU97	GL50803_6430	97.72	14-3-3 protein	Protein BMH2	14_3_3 domain-containing protein	Protein BMH2	14_3_3 domain-containing protein	322
E2RU58	GL50803_137609	81.08	RNA polymerase II subunit Rpb5a	DNA-directed RNA polymerases I, II, and III subunit rpabc1	RNA polymerase Rpb5, C-terminal domain	DNA-directed RNA polymerases I, II, and III subunit rpabc1	DNA-directed RNA polymerase subunit H	291
A0A644F7P6	GL50803_15125	64.75	Uncharacterized protein	Protein C4	BnaAnng39930D protein	CS domain-containing protein	SHSP domain-containing protein	7
A0A644FAT6	GL50803_32674	67.78	Deoxynucleoside kinase	Deoxyadenosine/deoxycytidine kinase	dNK domain-containing protein	Deoxyadenosine kinase	Thymidylate kinase	873
A0A644F7L6	GL50803_12853	93.6	Molybdopterin biosynthesis MoeB protein	SAMP-activating enzyme E1	Molybdopterin biosynthesis protein MoeB	Adenylyltransferase and sulfurtransferase MOCS3 homolog	ThiF domain-containing protein	211
A0A644FAS6	GL50803_92651	47.12	Uncharacterized protein	None	Flagellar export chaperone FliS	None	Flagellar export chaperone FliS	1
A8B3N8	GL50803_16414	39.24	Uncharacterized protein	None	Peptidase, M23/M37 family	None	Peptidase, M23/M37 family	1
A8B2F0	GL50803_97017	31.7	Uncharacterized protein	None	None	None	None	0
A8B4N6	GL50803_13890	93.5	Phosphatidyl synthase	Haloacid dehalogenase-like hydrolase domain-containing 5	Phosphatidyl synthase	Aspartate--tRNA ligase	HAD-IIA family hydrolase	185
A8BU95	GL50803_24584	30.02	Uncharacterized protein	None	None	None	None	0
A8BUH6	GL50803_24321	88.75	Kinase, NEK	Serine/threonine-protein kinase Nek6	Other NEK kinase	LD04361p	Protein kinase domain-containing protein	387
A8BUC7	GL50803_12741	66.15	Uncharacterized protein	None	None	None	None	0
A8BUF6	GL50803_8725	30.02	Uncharacterized protein	None	None	None	None	0
A8BU64	GL50803_11237	32.65	Uncharacterized protein	None	None	None	None	0
A8BUE7	GL50803_8731	73.36	RING-type E3 ubiquitin transferase	E3 ubiquitin ligase rnf-5	Zinc finger domain-containing protein	At1g74990	RING-type domain-containing protein	312
A8BUD4	GL50803_8738	64.21	Bardet-Biedl syndrome 1 N-terminal domain-containing protein	Bardet-Biedl syndrome 1 protein homolog	BBS1 domain-containing protein	BBS1 domain-containing protein	AP complex subunit beta	42
A8BUC8	GL50803_1649	92.39	Tubulin-specific chaperone A	Tubulin-specific chaperone A	Tubulin-specific chaperone A	Tubulin-specific chaperone A	Tubulin-specific chaperone A	233
A8BUG1	GL50803_14768	28.53	Uncharacterized protein	None	None	None	None	0
A8BUE0	GL50803_28620	54.28	Uncharacterized protein	None	Fusellovirus, SSV2 ORF126, proviral	None	Fusellovirus, SSV2 ORF126, proviral	1
A8BUC3	GL50803_16794	89.26	NFACT RNA-binding domain-containing protein	Coiled-coil domain-containing protein 25	NFACT-R_1 domain-containing protein	NFACT-R_1 domain-containing protein	NFACT-R_1 domain-containing protein	292
A8BUE4	GL50803_8733	61.23	Putative serine/threonine-protein kinase	Transcription initiation factor TFIID subunit 2	Interferon alpha/beta receptor 1	BTB domain-containing protein	Transcription initiation factor TFIID 150 kDa subunit	40
A8BUB7	GL50803_3705	72.21	Uncharacterized protein	Ras-related protein Ral-B	RAS small monomeric GTPase	Unplaced genomic scaffold supercont1.8, whole genome shotgun sequence	Translation initiation factor IF-2	1017
A8BUG4	GL50803_16791	32.75	Uncharacterized protein	None	None	None	None	0
A8BUB9	GL50803_3706	79.67	DNA polymerase II subunit 2	DNA polymerase epsilon subunit 2	DNA polymerase II subunit 2	Probable DNA polymerase epsilon subunit 2	DNA polymerase II subunit 2	368
A8BU77	GL50803_11248	43.52	Uncharacterized protein	None	None	None	None	0
A8BUD9	GL50803_16792	78.76	Kinase, NEK	Serine/threonine-protein kinase Nek9	Kinase-like protein	Protein kinase domain-containing protein	Protein kinase domain-containing protein	523
A8BU80	GL50803_15383	86.68	Peroxiredoxin 1	Peroxiredoxin-1	Peroxiredoxin 1	Peroxiredoxin-1	Thioredoxin domain-containing protein	215
A8BU75	GL50803_11247	88.74	Ribosomal protein L13a	60S ribosomal protein L13a	Ribosomal protein L13a	60S ribosomal protein L16	50S ribosomal protein L13	335
A8BU84	GL50803_135269	73.2	Uncharacterized protein	None	None	None	None	0
A8BU72	GL50803_11246	80.65	Protein DPCD	Protein DPCD	Protein DPCD	Protein DPCD	SHSP domain-containing protein	253
A8BUG8	GL50803_33862	74.9	Ribosomal protein S12	40S ribosomal protein S12	Ribosomal protein S12	40S ribosomal protein S12	40S ribosomal protein S12	509
A8BVA6	GL50803_13590	79.3	Ankyrin repeat protein 1	Serine/threonine-protein phosphatase 6 regulatory ankyrin repeat subunit B	Protein 21.1	Ankyrin repeat domain-containing protein 6	Ankyrin_rpt-contain_dom domain-containing protein	86
A8BVH9	GL50803_112801	85.16	VSP	Major surface-labeled trophozoite antigen 417	VSP	None	Variant-specific surface protein	158
A8BV55	GL50803_24068	85.62	UBC3	SUMO-conjugating enzyme UBC9-B	Ubiquitin-conjugating enzyme	Unplaced genomic scaffold supercont1.3, whole genome shotgun sequence	UBC core domain-containing protein	588
A8BUX1	GL50803_4320	85.43	Ankyrin repeat protein 2	Serine/threonine-protein phosphatase 6 regulatory ankyrin repeat subunit A	Protein 21.1	Ankyrin repeat family protein	Ankyrin repeat protein 1	244
A8BVA7	GL50803_4288	68.14	Ser/Thr phosphatase 2C	Probable protein phosphatase 2C 62	Serine/threonine-protein phosphatase 2C	Protein-serine/threonine phosphatase	PPM-type phosphatase domain-containing protein	310
A8BVE5	GL50803_15017	57.59	Uncharacterized protein	FERM domain-containing protein 8	FERM domain-containing protein	FERM domain-containing protein 8	FERM domain-containing protein	148
A8BUU6	GL50803_111933	85.64	VSP	Major surface-labeled trophozoite antigen 417	VSP	R-spondin 2	Variant-specific surface protein	207
A8BV01	GL50803_15353	37.27	Uncharacterized protein	None	None	None	None	0
A8BUX6	GL50803_27055	89.57	Ubiquitin-conjugating enzyme E2	Ubiquitin-conjugating enzyme E2 S-C	UBC core domain-containing protein	Ubiquitin-conjugating enzyme E2 S	UBC core domain-containing protein	600
A8BUZ7	GL50803_42780	59.32	peptidylprolyl isomerase	FKBP-type 22 kDa peptidyl-prolyl cis-trans isomerase	Peptidylprolyl isomerase	Peptidylprolyl isomerase	Peptidylprolyl isomerase	696
A8BV53	GL50803_2933	88.3	Programmed cell death protein-like protein	Penta-EF hand domain-containing protein 2	Programmed cell death protein-like protein	Penta-EF hand domain-containing protein 2	Calmodulin	154
A8BVD1	GL50803_114462	70.84	Axonemal p66.0	None	Coiled-coil domain-containing protein 63	None	Coiled-coil domain-containing protein 63	1
A8BUP8	GL50803_10231	92.18	TCP-1 chaperonin subunit zeta	T-complex protein 1 subunit zeta-2	TCP-1 CPN60 chaperonin family protein	T-complex protein 1 subunit zeta-2	60 kDa chaperonin	678
A8BV74	GL50803_14369	87.35	Membrane transport protein	Auxin efflux carrier component 8	Auxin Efflux Carrier family protein	Auxin efflux carrier component	AEC family transporter	196
A8BV90	GL50803_134710	86.37	VSP	Proprotein convertase subtilisin/kexin type 6	VSP	Furin	Variant-specific surface protein	249
A8BVA8	GL50803_119706	86.16	VSP	Major surface-labeled trophozoite antigen 417	VSP	Proprotein convertase subtilisin/kexin type 5b	Variant-specific surface protein	248
A8BUI4	GL50803_4264	67.87	Ankyrin repeat protein 1	Ankyrin repeat domain-containing protein 6	WH2 domain-containing protein	Unplaced genomic scaffold supercont1.5, whole genome shotgun sequence	Ankyrin_rpt-contain_dom domain-containing protein	39
A8BUK4	GL50803_16986	77.68	Kinase, NEK	Serine/threonine-protein kinase Nek7	Kinase, NEK	Protein kinase domain-containing protein	Non-specific serine/threonine protein kinase	420
A8BVC6	GL50803_9698	86.32	riboflavin kinase	Riboflavin kinase	Riboflavin kinase	Riboflavin kinase	Riboflavin biosynthesis protein	525
A8BUQ3	GL50803_10232	50.97	Spindle pole protein	None	None	None	None	0
A8BUW9	GL50803_27056	54.66	Uncharacterized protein	None	Alpha-synuclein	None	Alpha-synuclein	1
A8BUY9	GL50803_11129	81.86	VHS domain-containing protein	IST1 homolog	IST1-like protein isoform X2	Os09g0547200 protein	IST1 homolog	23
A8BV75	GL50803_7126	72.48	Lysophospholipid acyltransferase	Lysophospholipid acyltransferase LPEAT2	Lysophospholipid acyltransferase	Lysophospholipid acyltransferase LPEAT2	PlsC domain-containing protein	284
A8BVF2	GL50803_7183	81.16	Kinase, NEK	Serine/threonine-protein kinase Nek6	Protein kinase domain-containing protein	Serine/threonine-protein kinase Nek6	Protein kinase domain-containing protein	414
A8BUR5	GL50803_10241	76.15	Clr5 domain-containing protein	None	None	None	None	0
A8BUN7	GL50803_5062	39.99	General transcription factor IIH subunit 4	None	General transcription factor IIH subunit 4	None	General transcription factor IIH subunit 4	1
A8BVE2	GL50803_9707	48.15	Uncharacterized protein	None	None	None	None	0
A8BV12	GL50803_11149	77.29	Uncharacterized protein	None	None	None	None	0
A8BUM7	GL50803_6617	63.57	Uncharacterized protein	Dolichyl-diphosphooligosaccharide--protein glycosyltransferase 48 kDa subunit	Dolichyl-diphosphooligosaccharide--protein glycosyltransferase 48 kDa subunit	Dolichyl-diphosphooligosaccharide--protein glycosyltransferase 48 kDa subunit	GMP synthase [glutamine-hydrolyzing]	197
A8BVC9	GL50803_22084	67.06	dGTP triphosphohydrolase	Deoxynucleoside triphosphate triphosphohydrolase SAMHD1	Phosphohydrolase, HD superfamily protein	HD domain-containing protein	HD domain-containing protein	432
A8BVE9	GL50803_103783	86.92	Ankyrin repeat protein 1	Homeobox protein Wariai	Kinase	Ankyrin repeat family protein	ANK_REP_REGION domain-containing protein	128
A8BV18	GL50803_11152	51.62	Uncharacterized protein	Kinesin-like protein KIN-14Q	Kinesin-like protein	Kinesin-like protein KIN-14Q	Kinesin-like protein	41
A8BUV6	GL50803_1774	59.02	Zinc finger domain protein	E3 ubiquitin-protein ligase SRFP1	Zinc finger protein	E3 ubiquitin-protein ligase SRFP1	RING finger and CHY zinc finger domain-containing protein 1	34
A8BV22	GL50803_104232	33.96	Uncharacterized protein	None	None	None	None	0
A8BV17	GL50803_11151	78.4	SH3 domain protein	Peroxisomal membrane protein PEX13	SH3 domain-containing protein	RIMS-binding protein 3	SH3 domain-containing protein	8
A8BV56	GL50803_33762	96.17	WD-40 repeat protein	POC1 centriolar protein homolog B	POC1A protein	POC1 centriolar protein homolog B	WD_REPEATS_REGION domain-containing protein	127
A8BUY7	GL50803_16867	86.02	AAA family ATPase	Transitional endoplasmic reticulum ATPase homolog 1	Vesicle-fusing ATPase	Transitional endoplasmic reticulum ATPase homolog 1	AAA domain-containing protein	393
A8BUQ4	GL50803_15148	71.57	Chaperone protein DnaJ	DnaJ homolog subfamily C member 7	TPR	DnaJ homolog subfamily C member 7	Tetratricopeptide repeat protein	219
A8BV78	GL50803_14367	61	Adenylate cyclase	Adenylate cyclase, terminal-differentiation specific	Adenylate/guanylate cyclase domain-containing protein	Adenylate cyclase, terminal-differentiation specific	Guanylate cyclase domain-containing protein	250
A8BUZ0	GL50803_11131	69.67	WD40 repeat protein	WD repeat-containing protein 55	Unplaced genomic scaffold scaffold_5, whole genome shotgun sequence	WD repeat-containing protein 55	WD40 repeat-like protein	52
A8BUW4	GL50803_4323	52.38	RIIa domain-containing protein	None	None	None	None	0
A8BV70	GL50803_40817	97.08	Actin	Actin	Histone domain-containing protein	Actin-1	Actin	180
A8BUJ9	GL50803_135002	74.52	Histone H4	Histone H4.2	Histone H4	Histone H4	Histone H4	996
A8BVD7	GL50803_9705	58.1	YEATS family protein	YEATS domain-containing protein 4	Protein AF-9 homolog	AHD domain-containing protein	Protein AF-9 homolog	64
A8BVC4	GL50803_16392	63.76	Kinase	Nuclear receptor-binding protein homolog	Non-specific serine/threonine protein kinase	Nuclear receptor-binding protein homolog	Non-specific serine/threonine protein kinase	84
A8BVD3	GL50803_9704	92.71	Transketolase	Transketolase 1	Transketolase	Transketolase	Transketolase	711
A8BV20	GL50803_11153	66.8	Uncharacterized protein	None	ABC transporter permease	None	ABC transporter permease	1
A8BVA5	GL50803_137641	37.55	TMP55	None	None	None	None	0
A8BUW3	GL50803_104248	34.18	Uncharacterized protein	None	None	None	None	0
A8BV65	GL50803_17083	28.23	Uncharacterized protein	None	None	None	None	0
A8BW87	GL50803_2116	68.69	Palmitoyltransferase	Palmitoyltransferase ZDHHC1	Palmitoyltransferase	Palmitoyltransferase	Palmitoyltransferase	840
A8BVM5	GL50803_7620	71.77	Uncharacterized protein	Probable alpha-L-glutamate ligase	Zn_protease domain-containing protein	Zn_protease domain-containing protein	Zn_protease domain-containing protein	234
A8BW44	GL50803_3206	79.01	Pyruvate kinase	Pyruvate kinase	Pyruvate kinase	Pyruvate kinase	Pyruvate kinase	92
A8BWN3	GL50803_8687	87.82	Tenascin	None	Tenascin	None	EGF family protein	4
A8BVK2	GL50803_4236	87.61	Dynein light chain	Dynein light chain Tctex-type 1	Dynein light chain Tctex-type 3	Dynein, light chain, Tctex-type 3	Dynein light chain Tctex-type 1	40
A8BW81	GL50803_21398	58.63	Zinc-RING finger domain-containing protein	None	RING-type domain-containing protein	None	RING-type domain-containing protein	1
A8BW63	GL50803_12152	89.48	Kinase, NEK	Serine/threonine-protein kinase nekl-2	Nek3 protein	NIMA (Never in mitosis gene a)-related kinase 2	Protein kinase domain-containing protein	552
A8BWI1	GL50803_16380	79.38	Cathepsin L	Counting factor associated protein D	Cathepsin L/ cysteine proteinase 2	26-29kD-proteinase	Pept_C1 domain-containing protein	189
A8BW22	GL50803_13672	95.86	Nicotinamide-nucleotide adenylyltransferase	Nicotinamide/nicotinic acid mononucleotide adenylyltransferase 3	Nicotinamide-nucleotide adenylyltransferase	Nicotinamide-nucleotide adenylyltransferase	Nicotinamide-nucleotide adenylyltransferase	471
A8BVS0	GL50803_16861	33.99	Uncharacterized protein	None	None	None	None	0
A8BWL2	GL50803_19230	62.84	Pam16	Mitochondrial import inner membrane translocase subunit PAM16 like 1	Chaperone protein DnaJ	Mitochondrial import inner membrane translocase subunit TIM16	J domain-containing protein	122
A8BVP3	GL50803_101866	72.07	Kinase, NEK	Cyclin-dependent kinase 5 homolog	NEK protein kinase	Non-specific serine/threonine protein kinase	Protein kinase domain-containing protein	218
A8BVX2	GL50803_103058	86.23	Cap-specific mRNA (nucleoside-2'-O-)-methyltransferase 1	Cap-specific mRNA (nucleoside-2'-O-)-methyltransferase 1	Cap-specific mRNA (nucleoside-2'-O-)-methyltransferase 1	Cap-specific mRNA (nucleoside-2'-O-)-methyltransferase 1	Cap-specific mRNA (nucleoside-2'-O-)-methyltransferase 1	362
A8BW54	GL50803_12148	54.47	Kinase, NEK	Serine/threonine-protein kinase ATG1	Kinase-like protein	Protein kinase domain-containing protein	Protein kinase domain-containing protein	265
A8BVI1	GL50803_2876	83.83	UBC2, putative	Ubiquitin-conjugating enzyme E2 2	UBC core domain-containing protein	UBC core domain-containing protein	UBC core domain-containing protein	618
A8BVP5	GL50803_7639	94.26	Tetratricopeptide repeat-containing protein	Tetratricopeptide repeat protein 19 homolog, mitochondrial	Tetratricopeptide repeat protein	TPR_REGION domain-containing protein	Tetratricopeptide repeat protein	148
A8BVU1	GL50803_16863	58.33	Caffeine-induced death protein 1-like protein	Terminal uridylyltransferase cid1	PAP/25A associated domain family	Os02g0122100 protein	Polynucleotide adenylyltransferase	213
A8BWD7	GL50803_15007	35.5	Uncharacterized protein	None	None	None	None	0
A8BW31	GL50803_5615	84.3	Uncharacterized protein	Protein HGV2	SHNi-TPR domain-containing protein	SHNi-TPR domain-containing protein	Tetratricopeptide repeat protein	94
A8BWB7	GL50803_114617	84.08	High cysteine membrane protein Group 4	Endoprotease bli-4	Variant-specific surface protein	Endoprotease bli-4	Variant-specific surface protein	174
A8BVM3	GL50803_16779	96.2	Cathepsin B	Cathepsin B-like CP3	Cathepsin B	Pept_C1 domain-containing protein	Pept_C1 domain-containing protein	317
A8BWB9	GL50803_3269	46.45	Uncharacterized protein	Synaptogyrin-3	Dedicator of cytokinesis 4	MARVEL domain-containing protein	Synaptogyrin	15
A8BW33	GL50803_5613	95.09	Trimethylguanosine synthase	Trimethylguanosine synthase	Trimethylguanosine synthase	Trimethylguanosine synthase	Ubiquinone biosynthesis O-methyltransferase	261
A8BVI7	GL50803_16141	81.92	Ser/Thr protein kinase pkwA, putative	Dynein assembly factor with WDR repeat domains 1	dynein assembly factor with WDR repeat domains 1	Guanine nucleotide-binding protein subunit beta-like protein	WD_REPEATS_REGION domain-containing protein	112
A8BWE3	GL50803_9644	53.2	Uncharacterized protein	Magnesium transporter MRS2-I	vesicle transport protein SEC20 isoform X3	None	t-SNARE coiled-coil homology domain-containing protein	4
A8BVK1	GL50803_4235	66.29	Nuclear LIM interactor-interacting factor 1	CTD small phosphatase-like protein	FCP1 homology domain-containing protein	CTD small phosphatase-like protein	FCP1 homology domain-containing protein	376
A8BVR3	GL50803_112304	94.71	Elongation factor 1-alpha	Elongation factor 1-alpha	Elongation factor 1-alpha	Elongation factor 1-alpha	Elongation factor Tu	391
A8BW42	GL50803_3291	64.65	Ankyrin repeat protein	Mitochondrial import receptor subunit TOM20-2	Ankyrin repeat protein	Bm6393	Tetratricopeptide repeat protein	72
A8BWS4	GL50803_13372	71.1	Cilia- and flagella-associated protein 45	None	TPH domain-containing protein	None	TPH domain-containing protein	2
A8BWN9	GL50803_101330	81.87	Uncharacterized protein	Probable sugar efflux transporter	DHA1 family inner membrane transport protein	Probable sugar efflux transporter	MFS domain-containing protein	384
A8BVL0	GL50803_92498	68.74	Kinase, NEK	Serine/threonine-protein kinase polo	Aurora kinase	Protein kinase domain-containing protein	Protein kinase domain-containing protein	284
A8BVU0	GL50803_14827	69.06	Ribosomal protein S11	40S ribosomal protein S11-3	Ribosomal protein S11	40S ribosomal protein S11-3	30S ribosomal protein S17	1355
A8BW49	GL50803_12146	40.29	Uncharacterized protein	Ragulator complex protein LAMTOR2 homolog	AraC-type DNA-binding protein	WD40 repeat protein	Histidine kinase	19
A8BVQ1	GL50803_2692	78.09	Acyltransferase	Lysophospholipid acyltransferase LPEAT2	PlsC domain-containing protein	Lysophospholipid acyltransferase LPEAT2	1-acyl-sn-glycerol-3-phosphate acyltransferase	317
A8BWH4	GL50803_9548	57.43	Cathepsin L	Cathepsin S	Cathepsin L	Cathepsin S, ortholog 1	Pept_C1 domain-containing protein	210
A8BWF2	GL50803_114623	89.7	EamA-like transporter family protein	Solute carrier family 35 member F6	PALP domain-containing protein	Solute carrier family 35 member F6	TPT domain-containing protein	133
A8BW27	GL50803_13982	81.66	Ankyrin repeat protein 1	Serine/threonine-protein phosphatase 6 regulatory ankyrin repeat subunit C	ZU5 domain-containing protein	Probable serine/threonine-protein kinase nek3	Protein kinase domain-containing protein	332
A8BWP1	GL50803_8691	86.95	tRNA (adenine(58)-N(1))-methyltransferase	tRNA (adenine(58)-N(1))-methyltransferase catalytic subunit TRMT61A	tRNA (adenine(58)-N(1))-methyltransferase	tRNA (adenine(58)-N(1))-methyltransferase	Ribosomal RNA small subunit methyltransferase H	346
A8BWK0	GL50803_9573	61.95	Uncharacterized protein	Synembryn-B	Serine/threonine protein kinase	RING-type E3 ubiquitin transferase	RING-type E3 ubiquitin transferase	4
A8BVJ1	GL50803_1383	83.9	Prefoldin subunit 4	Prefoldin subunit 4	Prefoldin subunit 4	Prefoldin subunit 4	Prefoldin subunit beta	137
A8BVK8	GL50803_13576	51.83	Uncharacterized protein	Neutral protease	F5/8 type C domain-containing protein	YfhO family protein	PA14 domain-containing protein	17
A8BWI4	GL50803_14983	80.57	Cathepsin L	Counting factor associated protein D	Cathepsin L	Counting factor associated protein D	Outer-membrane lipoprotein LolB	213
A8BVK6	GL50803_4239	60.11	Uncharacterized protein	Alpha-mannosidase	PTPS_related domain-containing protein	Alpha-mannosidase	DUF5110 domain-containing protein	8
A8BVJ6	GL50803_25855	75.73	4F5 protein family protein	None	4F5 domain-containing protein	None	4F5 domain-containing protein	1
A8BW60	GL50803_12150	79.44	alanine transaminase	Probable alanine aminotransferase, mitochondrial	ALT alanine transaminase	Aminotran_1_2 domain-containing protein	Aminotran_1_2 domain-containing protein	328
A8BW61	GL50803_15589	81.98	FERM domain-containing protein	E3 ubiquitin-protein ligase MYLIP-A	FERM domain-containing protein	Ceramide glucosyltransferase	FERM domain-containing protein	147
A8BWM5	GL50803_8682	83.65	6-phosphogluconolactonase/Glucose-6-phosphate 1-dehydrogenase	Glucose-6-phosphate 1-dehydrogenase	Glucose-6-phosphate 1-dehydrogenase	Glucose-6-phosphate 1-dehydrogenase	Glucose-6-phosphate 1-dehydrogenase	486
A8BWM8	GL50803_14759	93.88	6-phosphogluconate dehydrogenase, decarboxylating	6-phosphogluconate dehydrogenase, NADP(+)-dependent, decarboxylating	6-phosphogluconate dehydrogenase, decarboxylating	6-phosphogluconate dehydrogenase, decarboxylating	6-phosphogluconate dehydrogenase, decarboxylating	629
A8BVV3	GL50803_112305	79.44	High cysteine membrane protein VSP-like	Major surface-labeled trophozoite antigen 417	High cysteine membrane VSP-like protein	None	Variant-specific surface protein	61
A8BWR9	GL50803_61490	79.52	Kinase, NEK	Serine/threonine-protein kinase Nek7	NEK6 kinase	Serine/threonine-protein kinase Nek7	Protein kinase domain-containing protein	487
A8BWA7	GL50803_101120	40.61	Uncharacterized protein	None	None	None	None	0
A8BWK6	GL50803_101326	37.65	Uncharacterized protein	None	EMI domain-containing protein	None	EMI domain-containing protein	1
A8BWS7	GL50803_137693	31.82	Uncharacterized protein	None	None	None	None	0
A8BVX4	GL50803_101589	84.25	High cysteine membrane protein	Major surface-labeled trophozoite antigen 417	VSP with INR	Surface antigen-like protein	Variant-specific surface protein	206
A8BVM1	GL50803_13622	68.95	Reticulon-like protein	ADP-ribosylation factor-like protein 6-interacting protein 1	AR6P1 protein	ADP-ribosylation factor-like 6 interacting protein 1	ADP-ribosylation factor-like protein 6-interacting protein 1	12
A8BVS3	GL50803_5610	52.52	Uncharacterized protein	Protein kintoun	PIH1_CS domain-containing protein	Protein kintoun	Protein kintoun	23
A8BVT7	GL50803_22394	80.34	Cyclin	G1/S-specific cyclin-D1	Cyclin, N-terminal domain-containing protein	G1/S-specific cyclin-D1	Cyclin N-terminal domain-containing protein	114
A8BVK4	GL50803_13575	88.45	Dynein light chain	Dynein light chain Tctex-type 1	Outer arm dynein LC3	Dynein light chain Tctex-type 1	Dynein light chain Tctex-type 1	39
A8BW38	GL50803_17625	89.71	Kinase, CMGC GSK	Shaggy-related protein kinase theta	Non-specific serine/threonine protein kinase	Non-specific serine/threonine protein kinase	Protein kinase domain-containing protein	524
A8BWP4	GL50803_8692	87.96	CBS domain-containing protein	5'-AMP-activated protein kinase subunit gamma-1	CBS domain-containing protein	OJ1485_B09.7 protein	HlyC/CorC family transporter	207
A8BW36	GL50803_17626	86.48	HMG (High mobility group) box-containing protein	High mobility group protein	HMG box domain-containing protein	Unplaced genomic scaffold supercont1.5, whole genome shotgun sequence	HMG box domain-containing protein	314
A8BWD2	GL50803_15008	86.07	High cysteine membrane protein Group 1	None	High cysteine membrane protein Group 1	None	Variant-specific surface protein	18
A8BVT0	GL50803_8987	34.65	Uncharacterized protein	None	None	None	None	0
A8BW19	GL50803_95064	94.97	Queuine tRNA-ribosyltransferase catalytic subunit 1	Queuine tRNA-ribosyltransferase catalytic subunit 1	Queuine tRNA-ribosyltransferase catalytic subunit 1	Queuine tRNA-ribosyltransferase catalytic subunit 1	Queuine tRNA-ribosyltransferase	948
A8BXA7	GL50803_7422	52.18	Uncharacterized protein	Chloride conductance regulatory protein ICln	Vacuolar protein-sorting-associated protein 36	C2 domain-containing protein	Oxysterol-binding protein	5
A8BX53	GL50803_16681	32.14	Uncharacterized protein	None	None	None	None	0
A8BWV7	GL50803_7652	82.04	Translation initiation factor	Translation initiation factor eIF-2B subunit beta	Translation initiation factor	Translation initiation factor eIF-2B subunit beta	Methylthioribose-1-phosphate isomerase	446
A8BWS9	GL50803_3490	84.17	Kinase, NEK	Ankyrin repeat, PH and SEC7 domain containing protein secG	Ankyrin repeat protein	NIMA-related kinase 2	Protein kinase domain-containing protein	356
A8BXC1	GL50803_7413	77.42	Uncharacterized protein	NTF2-related export protein	NTF2-related export protein 2	NTF2 domain-containing protein	SnoaL-like domain-containing protein	84
A8BXB3	GL50803_14450	52.36	Uncharacterized protein	NAD(+) hydrolase ApTIR	WD_REPEATS_REGION domain-containing protein	Guanine nucleotide-binding protein subunit beta-like protein	Guanine nucleotide-binding protein subunit beta-like protein	7
A8BWY2	GL50803_94525	49.1	BZIP family protein	None	None	None	None	0
A8BXA2	GL50803_6000	78.12	Amino acid transporter family	Sodium-coupled neutral amino acid transporter 2	Amino acid transporter	Aa_trans domain-containing protein	Aa_trans domain-containing protein	157
A8BWX6	GL50803_1830	90.93	Ribosomal large subunit pseudouridine synthase D	RNA pseudouridylate synthase domain-containing protein 1	PseudoU_synth_2 domain-containing protein	RNA pseudouridylate synthase domain-containing protein 1	Pseudouridine synthase	493
A8BWY0	GL50803_37907	85.31	Signal recognition particle 19 kDa protein	Signal recognition particle 19 kDa protein	Signal recognition particle 19 kDa protein	Signal recognition particle subunit SRP19	Signal recognition particle 19 kDa protein	298
A8BXD1	GL50803_5661	68.19	Protein MAK16 homolog	Protein MAK16 homolog	Protein MAK16 homolog	Protein MAK16 homolog	Protein MAK16 homolog	201
A8BXC6	GL50803_112893	78.7	Uncharacterized protein	Protein GET4	Alpha-SNAP	Protein GET4	Tetratricopeptide repeat protein	77
A8BX25	GL50803_4985	74.81	Uncharacterized protein	None	Non-specific serine/threonine protein kinase	None	Non-specific serine/threonine protein kinase	1
A8BXE6	GL50803_32778	85.48	Ankyrin repeat protein 1	Serine/threonine-protein phosphatase 6 regulatory ankyrin repeat subunit A	Ankyrin repeat protein	Ankyrin repeat domain 44	Ankyrin repeat protein 1	115
A8BWU9	GL50803_16149	59.84	Mlh1-like protein	DNA mismatch repair protein MutL	DNA mismatch repair protein MutL	DNA_mis_repair domain-containing protein	DNA mismatch repair protein MutL	608
A8BXG8	GL50803_103437	94.93	Alpha-9 giardin	Giardin subunit alpha-9	Alpha-6 giardin	Annexin	Annexin	795
A8BX15	GL50803_16159	48.96	Chromo domain-containing protein	None	None	None	None	0
A8BX42	GL50803_23560	33.31	Uncharacterized protein	Preferentially expressed antigen in melanoma-like protein 1	F-box domain-containing protein	Preferentially expressed antigen in melanoma-like protein 1	Preferentially expressed antigen in melanoma-like protein 1	2
A8BXD9	GL50803_14004	71.21	Kinase, CMGC RCK/Long-flagella protein	Cyclin-dependent kinase 5 homolog	MOK protein kinase	Protein kinase domain-containing protein	Non-specific serine/threonine protein kinase	279
A8BXJ1	GL50803_11642	74.4	ceramide glucosyltransferase	Ceramide glucosyltransferase 3	Ceramide glucosyltransferase	Ceramide glucosyltransferase	Glyco_trans_2-like domain-containing protein	197
A8BX98	GL50803_5999	81.04	Kinase, NEK	Probable serine/threonine-protein kinase nek2	Protein kinase domain-containing protein	NimA-like kinase	Protein kinase domain-containing protein	391
A8BX22	GL50803_27310	90.65	Stress-induced-phosphoprotein 1	Stress-induced-phosphoprotein 1	STI1 domain-containing protein	Stress-induced protein sti1	Tetratricopeptide repeat protein	189
A8BWW5	GL50803_7653	78.7	Kinase, NEK	Serine/threonine-protein kinase Nek2	Other NEK kinase	Serine/threonine-protein kinase Nek2	Non-specific serine/threonine protein kinase	427
A8BX96	GL50803_14083	57.44	Sin-like protein	DNA-directed RNA polymerase III subunit rpc5	DNA-directed RNA polymerase III complex subunit Rpc37	DNA-directed RNA polymerase III subunit rpc5	EAF domain-containing protein	80
A8BXI4	GL50803_15460	64.16	Dynein-like protein	Thioredoxin 2	thioredoxin domain-containing protein 6	TPR_REGION domain-containing protein	Thioredoxin	9
A8BXI7	GL50803_11638	70.84	Topoisomerase I-related protein	Terminal nucleotidyltransferase 4A	PAP-associated domain-containing protein	PAP/OAS1 substrate-binding domain superfamily	Polynucleotide adenylyltransferase	143
A8BXG9	GL50803_11632	36.52	Uncharacterized protein	None	None	None	None	0
A8BX10	GL50803_3528	46.24	Uncharacterized protein	Focadhesin	Focadhesin	Focadhesin	Importin N-terminal domain-containing protein	16
A8BWU7	GL50803_24279	53.92	Nuclear pore complex protein	COP9 signalosome complex subunit 2	eIF-3c_N domain-containing protein	CSN8_PSD8_EIF3K domain-containing protein	Eukaryotic translation initiation factor 3 subunit K	6
A8BX32	GL50803_16156	91.78	Ankyrin repeat protein 1	GA-binding protein subunit beta-1	Ankyrin_rpt-contain_dom domain-containing protein	GA-binding protein transcription factor subunit beta 2b	Ankyrin repeat protein 1	116
A8BX75	GL50803_12031	79.46	Uncharacterized protein	None	None	None	None	0
A8BWT2	GL50803_3491	86.38	Uncharacterized protein	Serine/threonine-protein kinase 10	Mitogen-activated protein kinase kinase kinase 1	None	Methyl-accepting chemotaxis protein	18
A8BXB8	GL50803_7414	81.2	Ankyrin repeat protein 1	Ankyrin repeat domain-containing protein 6	Protein 21.1	Ankyrin repeat and KH domain-containing protein 1	Ankyrin_rpt-contain_dom domain-containing protein	87
A8BX50	GL50803_12046	87.25	SPEF1-like protein	Sperm flagellar protein 1	sperm flagellar protein 1-like	Sperm flagellar protein 1	Calponin-homology (CH) domain-containing protein	32
A8BXE1	GL50803_5665	77.06	50S ribosomal protein L40e	Ubiquitin-60S ribosomal protein L40	Ubiquitin/Ribosomal protein L40e	60S ribosomal protein L40	Ubiquitin	310
A8BWV4	GL50803_7649	84.71	DNA ligase	DNA ligase 1	DNA ligase	DNA ligase	DNA ligase	684
A8BX46	GL50803_38275	40.81	Clr5 domain-containing protein	None	None	None	None	0
A8BX77	GL50803_15555	77.62	ATP-dependent RNA helicase	Probable ATP-dependent RNA helicase DDX55 homolog	RNA helicase	Probable ATP-dependent RNA helicase DDX55 homolog	RNA helicase	351
A8BWT4	GL50803_3493	72.22	Bromodomain-containing protein	Transcription factor GTE6	Bromodomain-containing protein	Transcription factor GTE1	Bromo domain-containing protein	148
A8BXA9	GL50803_7421	85.11	Casein kinase II subunit beta	Casein kinase II subunit beta	Casein kinase II subunit beta	Casein kinase II subunit beta	Casein kinase II subunit beta	987
A8BX05	GL50803_3531	87.42	HZGJ	Dynein axonemal assembly factor 10	WD domain, G-beta repeat-containing protein	WD repeat-containing protein 92	WD_REPEATS_REGION domain-containing protein	83
A8BXD7	GL50803_101850	78.96	Kinase, CMGC DYRK	Dual specificity tyrosine-phosphorylation-regulated kinase 1B	Dual-specificity kinase	Dual-specificity kinase	Protein kinase domain-containing protein	367
A8BX64	GL50803_12035	84.2	Golgi apparatus membrane protein TVP23 homolog	Golgi apparatus membrane protein TVP23 homolog B	Golgi apparatus membrane protein TVP23 homolog	Golgi apparatus membrane protein TVP23	Golgi apparatus membrane protein TVP23 homolog	397
A8BXD0	GL50803_14002	49.45	Uncharacterized protein	None	Site-specific DNA-methyltransferase (adenine-specific)	None	Site-specific DNA-methyltransferase (adenine-specific)	1
A8BY06	GL50803_16085	31.93	Uncharacterized protein	None	None	None	None	0
A8BXQ9	GL50803_95653	62.36	Coiled-coil protein	None	Coiled-coil domain-containing protein 39	None	Coiled-coil domain-containing protein 39	1
A8BXK5	GL50803_11649	93.99	Alpha-8 giardin	Giardin subunit alpha-8	Alpha-6 giardin	Annexin A7	Annexin	800
A8BY96	GL50803_114120	86.5	Kinase, NEK	Inversin	Protein kinase domain-containing protein	Ankyrin repeat and SOCS box-containing 2b	Non-specific serine/threonine protein kinase	208
A8BXP9	GL50803_8445	89.43	Kinase, NEK	Serine/threonine-protein kinase Nek6	Kinase-like protein	Serine/threonine-protein kinase Nek6	Protein kinase domain-containing protein	378
A8BXV9	GL50803_9030	86.28	Ankyrin repeat protein 1	Ankyrin repeat domain-containing protein 35	Ankyrin repeat protein	Ankyrin repeat domain-containing protein 35	Ankyrin_rpt-contain_dom domain-containing protein	20
A8BYB0	GL50803_8652	43.12	Myb-like domain-containing protein	None	None	None	None	0
A8BXK3	GL50803_11648	73.67	Uncharacterized protein	None	None	None	None	0
A8BXX1	GL50803_91398	76.19	Eukaryotic translation initiation factor 2 beta subunit	Eukaryotic translation initiation factor 2 subunit 2	eIF2B_5 domain-containing protein	Eukaryotic translation initiation factor 2 subunit beta	Translation initiation factor 2 subunit beta	26
A8BXR2	GL50803_17023	62.3	Ankyrin repeat protein 1	Ankyrin repeat domain-containing protein 36C	Protein 21.1	Ankyrin repeat domain-containing protein 36C	Ankyrin repeat protein 1	69
A8BXZ0	GL50803_9046	91.39	Sugar transport family protein	Multidrug resistance protein MdtG	MFS domain-containing protein	Major facilitator superfamily transporter	MFS transporter	332
A8BY81	GL50803_13727	88.73	VSP	Major surface trophozoite antigen 11	VSP	R-spondin-4	Variant-specific surface protein	236
A8BXP8	GL50803_8446	49.1	Uncharacterized protein	None	Surfactant protein B	Ribosomal protein L34e superfamily protein	Surfactant protein B	1
A8BYA1	GL50803_8657	57.92	C2HC-type zinc-finger domain-containing protein	None	None	None	None	0
A8BXJ3	GL50803_15461	75.03	Very-long-chain (3R)-3-hydroxyacyl-CoA dehydratase	Very-long-chain (3R)-3-hydroxyacyl-CoA dehydratase PASTICCINO 2B	Very-long-chain (3R)-3-hydroxyacyl-CoA dehydratase	Very-long-chain (3R)-3-hydroxyacyl-CoA dehydratase PASTICCINO 2B	Very-long-chain (3R)-3-hydroxyacyl-CoA dehydratase	192
A8BXL6	GL50803_61453	77.81	Lipid-binding serum glycoprotein C-terminal domain-containing protein	Phospholipid transfer protein	BPI domain containing protein	Phospholipid transfer protein	Bactericidal permeability-increasing protein	114
A8BY44	GL50803_14745	69.04	Ankyrin repeat protein 1	M-phase phosphoprotein 8	SOCS box domain-containing protein	Ankyrin repeat family protein	Ankyrin_rpt-contain_dom domain-containing protein	42
A8BXY2	GL50803_21234	77.49	Uncharacterized protein	None	PNP_UDP_1 domain-containing protein	None	PNP_UDP_1 domain-containing protein	1
A8BY03	GL50803_91374	59.97	Coiled-coil protein	None	None	None	None	0
A8BY51	GL50803_14746	69.23	Uncharacterized protein	Non-structural maintenance of chromosomes element 1 homolog	MAGE domain-containing protein	MAGE domain-containing protein	Glycerol-3-phosphate acyltransferase	108
A8BYA8	GL50803_8654	58.22	GARP-like protein 2	None	Soluble scavenger receptor cysteine-rich domain-containing protein SSC5D	None	Soluble scavenger receptor cysteine-rich domain-containing protein SSC5D	1
A8BXW6	GL50803_14843	71.53	Chaperone protein dnaJ	DnaJ homolog subfamily C member 3	Chaperone protein dnaJ	DnaJ homolog subfamily C member 3	J domain-containing protein	225
A8BXK0	GL50803_11647	42.42	Uncharacterized protein	None	Small ubiquitin-related modifier, SUMO domain protein	None	Small ubiquitin-related modifier, SUMO domain protein	1
A8BY79	GL50803_13728	79.64	High cysteine protein	Variant-specific surface protein VSP4A1	High cysteine protein	Proprotein convertase subtilisin/kexin type 5b	Variant-specific surface protein	34
A8BY75	GL50803_22204	94.58	methionine--tRNA ligase	Methionine--tRNA ligase, mitochondrial	Methionine--tRNA ligase	Methionine--tRNA ligase	Methionine--tRNA ligase	625
A8BXV1	GL50803_114891	83.63	High cysteine membrane protein Group 3	Cadherin-4	Variant-specific surface protein	Cadherin-4	Variant-specific surface protein	23
A8BY40	GL50803_16220	64.32	Ankyrin repeat protein 1	KN motif and ankyrin repeat domain-containing protein 2	ANK_REP_REGION domain-containing protein	Ankyrin repeat domain-containing protein 36C	Ankyrin_rpt-contain_dom domain-containing protein	6
A8BXY7	GL50803_9045	75.45	Thioredoxin family protein	DnaJ homolog subfamily C member 10	Thioredoxin domain-containing protein	DnaJ homolog subfamily C member 16	Thioredoxin domain-containing protein	317
A8BY53	GL50803_8619	60.49	Palmitoyltransferase	Palmitoyltransferase ZDHHC18	Palmitoyltransferase	S-acyltransferase	Palmitoyltransferase	945
A8BY19	GL50803_117440	84.56	High cysteine protein	Variant-specific surface protein VSP4A1	High cysteine protein	Nesprin-2	Variant-specific surface protein	153
A8BYC5	GL50803_16077	38.09	Uncharacterized protein	None	None	None	None	0
A8BY70	GL50803_8627	56.73	REJ domain-containing protein	None	None	None	None	0
A8BXJ7	GL50803_16540	73.13	Dynein regulatory complex	None	Dynein regulatory complex subunit 4	None	Dynein regulatory complex subunit 4	6
A8BXS8	GL50803_6700	79.94	Kinase, CMGC RCK	Serine/threonine-protein kinase ICK	Protein kinase, ATP binding site-containing protein	Serine/threonine-protein kinase ICK	Protein kinase domain-containing protein	466
A8BXR5	GL50803_8438	80.56	Ankyrin repeat protein 2	Ankyrin homolog	NEK, Kinase	Ankyrin repeat and SOCS box protein 2	Protein 21.1	111
A8BXV6	GL50803_14841	96.6	Phosphoglycolate phosphatase	Phosphoglycolate phosphatase	HAD family hydrolase	Phosphoglycolate phosphatase 1	Phosphoglycolate phosphatase	234
A8BXS7	GL50803_14278	61.57	Chromosome segregation protein SMC	None	None	None	None	0
A8BXR8	GL50803_95661	69.3	Tubulin tyrosine ligase	Tubulin polyglutamylase TTLL5	TTL-domain-containing protein	None	TTL-domain-containing protein	2
A8BXW8	GL50803_9036	89.59	EamA-like transporter family protein	Solute carrier family 35 member F6	EamA domain-containing protein	Solute carrier family 35 member F6	TPT domain-containing protein	143
A8BXX3	GL50803_9038	85.12	nicotinate phosphoribosyltransferase	Nicotinate phosphoribosyltransferase	Nicotinate phosphoribosyltransferase	Nicotinate phosphoribosyltransferase	Nicotinate phosphoribosyltransferase	1132
A8BYC3	GL50803_15897	87.63	GiOR-2	NADPH-dependent diflavin oxidoreductase 1	Fe-hydrogenase 2 flavodoxin-fused protein	NADPH-dependent diflavin oxidoreductase 1	NAD(P)H dehydrogenase (quinone)	175
A8BXY1	GL50803_21233	83.33	RING-type domain-containing protein	Tripartite motif-containing protein 3	RING-type E3 ubiquitin transferase TRIM5	Tripartite motif-containing protein 3	B box-type domain-containing protein	53
A8BXK9	GL50803_16541	87.47	Ankyrin repeat protein 2	Serine/threonine-protein phosphatase 6 regulatory ankyrin repeat subunit B	ANK2 protein	Serine/threonine-protein phosphatase 6 regulatory ankyrin repeat subunit B	Ankyrin_rpt-contain_dom domain-containing protein	86
A8BXZ4	GL50803_9048	38.34	Uncharacterized protein	None	None	None	None	0
A8BYC4	GL50803_16076	90.22	Peroxiredoxin 1	Peroxiredoxin-1	Peroxiredoxin 1	Peroxiredoxin-1	Thioredoxin domain-containing protein	214
A8BXW1	GL50803_14842	95.39	rRNA adenine N(6)-methyltransferase	Probable dimethyladenosine transferase	rRNA adenine N(6)-methyltransferase	Probable dimethyladenosine transferase	Ribosomal RNA small subunit methyltransferase A	999
A8BY35	GL50803_3538	65.81	Uncharacterized protein	None	None	None	None	0
A8BYA6	GL50803_16114	75.61	Ribosomal protein L36-1	60S ribosomal protein L36-1	60S ribosomal protein L36	60S ribosomal protein L36	60S ribosomal protein L36	551
A8BXX8	GL50803_28703	45.02	Uncharacterized protein	Prefoldin subunit alpha	Prefoldin subunit alpha	None	Prefoldin subunit alpha	12
A8BXL1	GL50803_15464	55.25	Ankyrin repeat protein 1	Ankyrin repeat domain-containing protein 6	Ankyrin_rpt-contain_dom domain-containing protein	None	Ankyrin_rpt-contain_dom domain-containing protein	9
A8BY69	GL50803_8626	72.52	Chromosome segregation protein SMC	None	t-SNARE coiled-coil homology domain-containing protein	None	t-SNARE coiled-coil homology domain-containing protein	2
A8BXS1	GL50803_17025	68.18	Nuclear ATP/GTP-binding protein	Cytosolic carboxypeptidase 6	ATP/GTP binding protein-like 4	Cytosolic carboxypeptidase 6	Peptidase_M14 domain-containing protein	193
A8BYB4	GL50803_14753	85.7	Histone acetyltransferase type B subunit 2	Probable histone-binding protein lin-53	CAF1C_H4-bd domain-containing protein	BMA-LIN-53	WD_REPEATS_REGION domain-containing protein	117
A8BY17	GL50803_5070	74.48	DUF4485 domain-containing protein	None	None	None	None	0
A8BY00	GL50803_9051	46.96	Uncharacterized protein	None	None	None	None	0
A8BXY5	GL50803_9043	82.01	Magnesium transporter NIPA	Probable magnesium transporter NIPA6	Purine permease-related protein	Probable magnesium transporter	Probable magnesium transporter	155
A8BY66	GL50803_8623	66.51	Uncharacterized protein	Transducer protein Car	Chromosome partition protein Smc	None	Methyl-accepting chemotaxis protein	72
A8BXT0	GL50803_6702	87.74	Pseudouridylates U2 snRNA at position 35	Multisubstrate pseudouridine synthase 7	Pseudouridylates U2 snRNA at position 35	TRUD domain-containing protein	tRNA pseudouridine synthase D	385
A8BY78	GL50803_114670	82.44	DNA primase	DNA primase small subunit	DNA primase	DNA primase	DNA primase	497
A8BXZ2	GL50803_14845	59.27	Tim44	Mitochondrial import inner membrane translocase subunit TIM44	Tim44	Mitochondrial import inner membrane translocase subunit TIM44	Tim44 domain-containing protein	366
A8BYS6	GL50803_4329	80.64	Ankyrin repeat protein 2	Ankyrin repeat and SOCS box protein 2	Protein 21.1	Gankyrin	Ankyrin repeat protein 1	165
A8BYE6	GL50803_5554	59.72	Kinase, NEK	Serine/threonine-protein kinase Nek2	Other NEK kinase	NIMA (Never in mitosis gene a)-related kinase 2	Non-specific serine/threonine protein kinase	375
A8BYR3	GL50803_22136	62.87	Ubiquitin-like domain-containing protein	Protein ESC2	Ubiquitin-2 like Rad60 SUMO-like family and transmembrane domain-containing protein	TINCR ubiquitin domain-containing	Ubiquitin-like domain-containing protein	266
A8BYZ0	GL50803_7444	82.02	UvrB/uvrC motif-containing protein	None	Methyl-accepting chemotaxis protein	None	Methyl-accepting chemotaxis protein	3
A8BYH2	GL50803_3367	68.25	Histone H3	Histone H3.3 type a	histone-fold-containing protein	Histone domain-containing protein	Histone domain-containing protein	239
A8BYX6	GL50803_14456	93.52	acid phosphatase	Low molecular weight protein-tyrosine-phosphatase YfkJ	Low molecular weight phosphotyrosine protein phosphatase	Protein-tyrosine-phosphatase	Protein-tyrosine-phosphatase	320
A8BZ58	GL50803_15551	74.58	Ribosomal protein S18	40S ribosomal protein S18-A	Ribosomal protein S18	40S ribosomal protein S18-A	30S ribosomal protein S13	1255
A8BYI1	GL50803_8209	94.08	poly(A)-specific ribonuclease	Poly(A) ribonuclease pop2	Poly(A)-specific ribonuclease	Poly(A)-specific ribonuclease	Poly(A)-specific ribonuclease	711
A8BYU5	GL50803_7533	87.14	Angio-associated migratory cell protein	Angio-associated migratory cell protein	WD40-repeat-containing domain protein	Transducin family protein / WD-40 repeat family protein	WD_REPEATS_REGION domain-containing protein	112
A8BZ83	GL50803_16311	88.94	Centromere/microtubule binding protein CBF5	H/ACA ribonucleoprotein complex subunit cbf5	H/ACA ribonucleoprotein complex subunit 4	H:aca ribonucleoprotein complex subunit	tRNA pseudouridine synthase B	984
A8BYE1	GL50803_13964	67.91	Kinase, NEK	Serine/threonine-protein kinase Nek7	serine/threonine-protein kinase Nek7 isoform X1	Serine/threonine-protein kinase Nek7	Protein kinase domain-containing protein	397
A8BZ78	GL50803_16310	63.66	Ribosomal protein L27a	60S ribosomal protein L28	Ribosomal_L18e/L15P domain-containing protein	60S ribosomal protein L27a	50S ribosomal protein L15	888
A8BYI6	GL50803_111806	52.01	Uncharacterized protein	None	Tenascin-X	None	Ig-like domain-containing protein	2
A8BZ27	GL50803_16760	89.05	phenylalanine--tRNA ligase	Phenylalanine--tRNA ligase beta subunit, cytoplasmic	Phenylalanine--tRNA ligase beta subunit, cytoplasmic	Phenylalanine--tRNA ligase beta subunit, cytoplasmic	Phenylalanine--tRNA ligase beta subunit	870
A8BZ03	GL50803_2732	69.57	Helix-turn-helix domain-containing protein	Endothelial differentiation-related factor 1 homolog	HTH cro/C1-type domain-containing protein	Endothelial differentiation-related factor 1	HTH cro/C1-type domain-containing protein	315
A8BZ51	GL50803_89285	56.9	Uncharacterized protein	None	None	None	None	0
A8BYJ2	GL50803_8217	91.11	Uridine kinase	Threonine--tRNA ligase	Uridine kinase	Os02g0708200 protein	Threonine--tRNA ligase	881
A8BYQ2	GL50803_2053	94.35	Serine/threonine-protein phosphatase	Serine/threonine-protein phosphatase 4 catalytic subunit	Serine/threonine-protein phosphatase	Serine/threonine-protein phosphatase	Serine/threonine-protein phosphatase	1098
A8BYH5	GL50803_3372	77	Asparagine synthase	Asparagine synthetase domain-containing protein YML096W	Asparagine synthase	Asparagine synthase	Asparagine synthase (Glutamine-hydrolyzing)	309
A8BYE9	GL50803_5553	62.47	Kinase, NEK	Probable serine/threonine-protein kinase nek2	Protein kinase domain-containing protein	Protein kinase domain-containing protein	Protein kinase domain-containing protein	353
A8BYY5	GL50803_7439	92.43	Ser/Thr phosphatase 2A regulatory subunit A	Serine/threonine-protein phosphatase 2A 65 kDa regulatory subunit A alpha isoform	Serine/threonine-protein phosphatase PP2A 65 kDa regulatory subunit	Os09g0249700 protein	Protein kinase domain-containing protein	48
A8BYT4	GL50803_86431	35.27	Uncharacterized protein	None	None	None	None	0
A8BZ40	GL50803_11984	71.77	Ribosome biogenesis regulatory protein	Ribosome biogenesis regulatory protein homolog	Ribosome biogenesis regulatory protein	Ribosome biogenesis regulatory protein homolog	Ribosome biogenesis regulatory protein	369
A8BYV6	GL50803_7538	31.35	Uncharacterized protein	None	None	None	None	0
A8BZ35	GL50803_15546	79.17	Translation initiation factor eIF3 subunit	None	None	None	None	0
A8BZ31	GL50803_15545	72.16	Chromosome segregation protein SMC	None	SAS-6_N domain-containing protein	Kinesin motor domain-containing protein	Kinesin motor domain-containing protein	2
A8BYC9	GL50803_4463	93.45	Dynein light chain	Dynein axonemal light chain 1	dynein light chain 1, axonemal isoform X1	Dynein light chain 1, axonemal	Serine/threonine-protein kinase 11-interacting protein	42
A8BYG7	GL50803_13330	38.2	Uncharacterized protein	None	Nucleotide-binding universal stress protein, UspA family	GH12815p	Nucleotide-binding universal stress protein, UspA family	1
A8BZ45	GL50803_15549	67.71	Outer dynein arm-docking complex subunit 4	Outer dynein arm-docking complex subunit 4	Tetratricopeptide repeat protein	Outer dynein arm-docking complex subunit 4	Tetratricopeptide repeat protein	184
A8BZ59	GL50803_114546	49.16	Uncharacterized protein	None	None	None	None	0
A8BZ21	GL50803_4204	85.07	ADP-sugar diphosphatase	Nudix hydrolase 14, chloroplastic	MutT/nudix family protein	Nudix hydrolase domain-containing protein	Nudix hydrolase domain-containing protein	332
A8BYD0	GL50803_4465	40.73	Uncharacterized protein	None	None	None	None	0
A8BYI5	GL50803_8210	69.29	Myotubularin-like protein	Myotubularin	Phosphatidylinositol-3,5-bisphosphate 3-phosphatase	Myotubularin	Phosphatidylinositol-3-phosphate phosphatase	285
A8BYH3	GL50803_3370	40.02	Uncharacterized protein	None	None	None	None	0
A8BYY2	GL50803_14457	56.84	60S ribosomal protein L29	None	None	None	None	0
A8BZ41	GL50803_15547	63.05	MYND-type domain-containing protein	Zinc finger MYND domain-containing protein 12	Zinc finger, MYND-type containing 12	MYND-type domain-containing protein	Tetratricopeptide repeat protein	102
A8BYY6	GL50803_14458	82.59	Signal recognition particle receptor subunit beta	Immunity-related GTPase family M protein 1	Signal recognition particle receptor subunit beta	ADP-ribosylation factor F	Translation initiation factor IF-2	704
A8BZ00	GL50803_15847	87.53	Uncharacterized protein	Cytoskeletal signaling protein slm1	HDR116Wp	Cytoskeletal signaling protein slm1	PX domain-containing protein	20
A8BYE4	GL50803_13963	75.87	Kinase, NEK	G2-specific protein kinase nimA	Other NEK kinase	G2-specific protein kinase nim-1	Non-specific serine/threonine protein kinase	430
A8BYF7	GL50803_16230	35.14	Uncharacterized protein	None	None	None	None	0
A8BYC8	GL50803_16078	68.19	GH18 domain-containing protein	Glycosyl hydrolase DigH	T9SS type A sorting domain-containing protein	GHL10 domain-containing protein	GH18 domain-containing protein	286
A8BYL1	GL50803_13584	76.54	Chromosome segregation protein SMC	Coiled-coil domain-containing protein 68	Membrane fusion protein (MFP) family protein	Coiled-coil domain-containing protein 68	Membrane fusion protein (MFP) family protein	21
A8BYU1	GL50803_7532	70.16	H(+)-transporting two-sector ATPase	V-type proton ATPase catalytic subunit A	H(+)-transporting two-sector ATPase	V-type proton ATPase catalytic subunit A	ATP synthase subunit alpha	632
A8BYV1	GL50803_7537	85.08	Kinase, CK1 CK1	Casein kinase I	Protein kinase domain-containing protein	Protein kinase domain-containing protein	Protein kinase domain-containing protein	351
A8BYR9	GL50803_86440	69.29	aminoacyl-tRNA hydrolase	Peptidyl-tRNA hydrolase	Aminoacyl-tRNA hydrolase	Aminoacyl-tRNA hydrolase	Aminoacyl-tRNA hydrolase	931
A8BZ76	GL50803_22165	83.61	Kinase, STE STE20	Mitogen-activated protein kinase kinase 1c	Protein kinase domain-containing protein	Mitogen-activated protein kinase kinase 7	Protein kinase domain-containing protein	445
A8BZ49	GL50803_11990	53.36	Myb-like DNA-binding domain-containing protein	Protein REVEILLE 7	Myb-like domain-containing protein	Transcription factor MYB104	Myb-like domain-containing protein	11
A8BZ25	GL50803_4202	86.98	Kinase, NEK	Serine/threonine-protein kinase ATG1t	Protein kinase domain-containing protein	Protein kinase domain-containing protein	Protein kinase domain-containing protein	326
A8BYT6	GL50803_28234	90.58	Adenylate kinase	Adenylate kinase	Adenylate kinase	ATP:AMP phosphotransferase	Adenylate kinase	1369
A8BYF2	GL50803_13962	83.27	Hydroxymethylglutaryl-CoA synthase	Hydroxymethylglutaryl-CoA synthase B	Hydroxymethylglutaryl-CoA synthase	Hydroxymethylglutaryl-CoA synthase B	3-oxoacyl-[acyl-carrier-protein] synthase 3	472
A8BZ32	GL50803_11982	58.32	Uncharacterized protein	None	None	None	None	0
A8BYJ7	GL50803_16251	52.94	Kinase, NEK	Serine/threonine-protein kinase Nek6	AMPKR1 protein	Protein kinase domain-containing protein	Protein kinase domain-containing protein	242
A8BZ74	GL50803_12945	78.96	Yip1 domain-containing protein	Protein YIPF1 homolog	Yip1 domain containing protein	Protein YIP	Protein YIP	63
A8BYS3	GL50803_4328	83.25	TFIIH basal transcription factor complex helicase subunit	General transcription and DNA repair factor IIH helicase subunit XPD	General transcription and DNA repair factor IIH helicase subunit XPD	General transcription and DNA repair factor IIH helicase subunit XPD	DNA helicase	161
A8BZ22	GL50803_13561	87.71	Translation elongation factor	Elongation factor 1-beta	Translation elongation factor	Elongation factor 1-beta	Elongation factor 1-beta	253
A8BYH8	GL50803_34160	76.02	RING-type zinc-finger domain-containing protein	Breast cancer type 1 susceptibility protein homolog	RING-type domain-containing protein	E3 ubiquitin-protein ligase TRIM39	RING-type domain-containing protein	50
A8BYT1	GL50803_4331	86.47	26S proteasome non-ATPase regulatory subunit 6	26S proteasome non-ATPase regulatory subunit 6	26S proteasome non-ATPase regulatory subunit 6-like protein	26S proteasome non-ATPase regulatory subunit 6	PCI domain-containing protein	251
A8BYL9	GL50803_95789	89.83	Deoxyribonuclease, TatD family	Deoxyribonuclease Tat-D	Deoxyribonuclease, TatD family	Similar to TatD DNAse domain containing 1	TatD family deoxyribonuclease	77
A8BZM6	GL50803_100887	84.75	Cap-specific mRNA (nucleoside-2'-O-)-methyltransferase 1	Cap-specific mRNA (nucleoside-2'-O-)-methyltransferase 1	Cap-specific mRNA (nucleoside-2'-O-)-methyltransferase 1	Cap-specific mRNA (nucleoside-2'-O-)-methyltransferase 1	Cap-specific mRNA (nucleoside-2'-O-)-methyltransferase 1	362
D3KFZ5	GL50803_17612	61.43	Uncharacterized protein	None	Transcription initiation factor TFIID subunit 10	None	Transcription initiation factor TFIID subunit 10	1
D3KG12	GL50803_29682	30.49	Uncharacterized protein	None	None	None	None	0
D3KG03	GL50803_10339	58.78	Thioredoxin domain-containing protein	None	Thioredoxin domain-containing protein	Thioredoxin peroxidase	Thioredoxin domain-containing protein	17
D3KG11	GL50803_24985	25.57	Uncharacterized protein	None	None	None	None	0
A8BZA0	GL50803_8038	69.07	Nucleoporin	None	Peptidase S59 domain-containing protein	Peptidase S59 domain-containing protein	Peptidase S59 domain-containing protein	6
A8BZF2	GL50803_17044	91.12	Tat binding protein 1(TBP-1)-interacting protein	Homologous-pairing protein 2	TBPIP domain-containing protein	TBPIP domain-containing protein	Homologous-pairing protein 2 homolog	176
A8BZZ5	GL50803_92957	45.47	Uncharacterized protein	None	None	None	None	0
D3KG06	GL50803_5787	49.71	IQ calmodulin-binding motif-containing protein	None	None	None	None	0
A8BZ89	GL50803_14614	80.7	Eukaryotic translation initiation factor 5A	Eukaryotic translation initiation factor 5A	Eukaryotic translation initiation factor 5A	Eukaryotic translation initiation factor 5A	Elongation factor P	1149
A8BZY0	GL50803_7427	48.05	Uncharacterized protein	None	None	None	None	0
A8C034	GL50803_4563	77.37	Copine I	E3 ubiquitin-protein ligase RGLG5	Phospholipid-binding Copine Family Protein	VWFA domain-containing protein	VWFA domain-containing protein	230
A8BZB0	GL50803_8044	77.74	Seven transmembrane protein 1	Lysosomal amino acid transporter 1 homolog	Seven transmembrane protein 1	PQ loop repeat family protein	Bidirectional sugar transporter SWEET	50
A8BZF8	GL50803_2201	74.21	SPX domain-containing protein	Cytoskeletal protein syp1	Proteins of 100 residues with WXG	Cytoskeletal protein syp1	SLATT_2 domain-containing protein	19
D3KFZ8	GL50803_11563	53.25	Uncharacterized protein	Tetratricopeptide repeat protein 19, mitochondrial	Tetratricopeptide repeat protein	Protein BMH2	Tetratricopeptide repeat protein	158
A8BZG2	GL50803_14347	61.33	FHA domain-containing protein	None	FHAD1 protein	G-patch and FHA domain containing protein	FHA domain-containing protein	124
A8BZC9	GL50803_2352	71.84	Uncharacterized protein	Paralemmin-1	Ankyrin repeat protein 3	Paralemmin-1	Sensitive to high expression protein 9, mitochondrial	79
A8BZN8	GL50803_12160	62.08	Yip interacting protein	Receptor expression-enhancing protein 5	HVA22-like protein	HVA22-like protein	HVA22-like protein	46
A8BZD1	GL50803_2351	83.2	Ankyrin repeat protein 2	Ankycorbin	Protein 21.1	Ankyrin repeat domain-containing protein 50	Ankyrin repeat protein 1	80
D3KFY2	GL50803_17617	66.68	Uncharacterized protein	None	None	None	None	0
D3KG07	GL50803_5778	46.36	Uncharacterized protein	None	None	None	None	0
A8BZ84	GL50803_2452	97.82	Ornithine cyclodeaminase	Delta(1)-pyrroline-2-carboxylate reductase	Ornithine cyclodeaminase family protein	Ornithine cyclodeaminase family protein	Ornithine cyclodeaminase family protein	291
D3KFY7	GL50803_29263	77.25	Cyclin	PHO85 cyclin-5	Cyclin, N-terminal domain-containing protein	CYCLIN domain-containing protein	Cyclin N-terminal domain-containing protein	272
A8C008	GL50803_114674	83.28	VSP	Variant-specific surface protein VSP4A1	Variant-specific surface protein	Proprotein convertase subtilisin/kexin type 6	Variant-specific surface protein	186
A8BZJ7	GL50803_137706	74.95	Kinase, NEK	Serine/threonine-protein kinase Nek7	Protein kinase domain-containing protein	Unplaced genomic scaffold supercont1.7, whole genome shotgun sequence	Protein kinase domain-containing protein	370
A8BZ95	GL50803_8037	92.03	Kinase, CMGC CDK	Cyclin-dependent kinase 3	Cyclin-dependent kinase 17-like	Unplaced genomic scaffold supercont1.5, whole genome shotgun sequence	Non-specific serine/threonine protein kinase	413
D3KG01	GL50803_104984	31.37	Uncharacterized protein	Protein SEY1 homolog	FMN reductase	Protein ROOT HAIR DEFECTIVE 3 homolog	GTP-binding protein	13
D3KFZ4	GL50803_11551	29.95	Uncharacterized protein	None	None	None	None	0
D3KG09	GL50803_29692	34.14	Uncharacterized protein	None	None	None	None	0
D3KFZ2	GL50803_11548	33.41	Uncharacterized protein	None	None	None	None	0
A8BZA2	GL50803_95162	89.78	Tenascin-like	None	EGF-like domain-containing protein	None	63 kDa sperm flagellar membrane protein	2
D3KG13	GL50803_24980	43.45	Uncharacterized protein	Nucleolar protein 11	Beta-N-acetylhexosaminidase	Bm6789, isoform h	Ribosome biogenesis protein WDR12 homolog	13
A8BZI8	GL50803_9658	90.46	Kinase, NEK	Probable serine/threonine-protein kinase nek2	Other NEK kinase	Probable serine/threonine-protein kinase nek2	Non-specific serine/threonine protein kinase	575
A8BZM3	GL50803_137613	87.62	VSP with INR	Major surface-labeled trophozoite antigen 417	VSP	Furin	Variant-specific surface protein	229
A8BZA6	GL50803_16313	77.75	Pescadillo homolog	Pescadillo homolog	Pescadillo homolog	Pescadillo homolog	Pescadillo homolog	338
D3KG05	GL50803_4837	49.15	RING-type domain-containing protein	WD repeat, SAM and U-box domain-containing protein 1	Ubiquitinyl hydrolase 1	RING-type E3 ubiquitin transferase	RING-type E3 ubiquitin transferase	40
A8BZP5	GL50803_12163	59.91	Dynein regulatory complex protein 10	None	Methyl-accepting chemotaxis protein signaling domain protein	None	Dynein regulatory complex protein 10	2
D3KFY4	GL50803_23325	81.89	Ferredoxin	Ferredoxin-3	Ferredoxin	Dihydromethanopterin reductase (acceptor)	NADH-quinone oxidoreductase subunit I	226
A8BZG5	GL50803_33870	82.37	Ferrihemoglobin reductase	Cytochrome b5 reductase 4	Cytochrome b5-like Heme/Steroid binding domain protein	Cytochrome-b5 reductase	Cytochrome b5 heme-binding domain-containing protein	416
A8BZJ0	GL50803_9659	67.89	Coiled-coil protein	None	C-type lectin domain-containing protein	None	C-type lectin domain-containing protein	1
A8BZK3	GL50803_9668	52.25	Uncharacterized protein	None	None	None	None	0
A8BZN1	GL50803_29774	74.22	Uncharacterized protein	Threonine aspartase 1	L-asparaginase	Asparaginase 2 domain containing protein	Isoaspartyl peptidase/L-asparaginase	144
A8BZT5	GL50803_112938	81.06	Lipid-binding serum glycoprotein C-terminal domain-containing protein	Phospholipid transfer protein	BPI domain containing protein	BPI fold-containing family C	Bactericidal permeability-increasing protein	113
A8BZP8	GL50803_12164	88.04	Small nuclear ribonucleoprotein Sm D3	Small nuclear ribonucleoprotein Sm D3	Small nuclear ribonucleoprotein Sm D3	Small nuclear ribonucleoprotein Sm D3	Small nuclear ribonucleoprotein Sm D3	213
A8BZJ9	GL50803_9665	85.33	Kinase, NEK	Serine/threonine-protein kinase Nek2	Protein kinase domain-containing protein	Protein kinase domain-containing protein	Non-specific serine/threonine protein kinase	383
A8BZ94	GL50803_14615	42.17	Uncharacterized protein	ATP-dependent RNA helicase DDX55	RNA helicase	RNA helicase	UvrABC system protein B	19
A8BZD3	GL50803_12981	80.5	Ribosomal protein S5	40S ribosomal protein S5	SSU ribosomal protein S7P	40S ribosomal protein S5	30S ribosomal protein S7	1113
D3KG14	GL50803_8604	31.35	Uncharacterized protein	None	None	None	None	0
D3KFZ7	GL50803_8980	52.53	Uncharacterized protein	None	None	None	None	0
A8BZD5	GL50803_33866	51.4	Uncharacterized protein	WD repeat-containing protein WRAP73	WRP73 protein	Transducin/WD40 repeat-like superfamily protein	WD repeat domain phosphoinositide-interacting protein 2	42
A8BZP3	GL50803_12162	84.17	phenylalanine--tRNA ligase	Phenylalanine--tRNA ligase alpha subunit, cytoplasmic	Phenylalanine--tRNA ligase	Phenylalanine--tRNA ligase	Phenylalanine--tRNA ligase alpha subunit	908
D3KG00	GL50803_15436	65.36	N-acetyltransferase domain-containing protein	Ribosomal-protein-serine acetyltransferase	N-acetyltransferase domain-containing protein	N-acetyltransferase domain-containing protein	N-acetyltransferase domain-containing protein	333
D3KFY5	GL50803_102921	78.68	Transporter, MFS superfamily protein	Multidrug resistance protein MdtG	MFS transporter	Probable major facilitator superfamily (MFS) transporter	MFS domain-containing protein	334
D3KFY3	GL50803_4341	82.13	Galactose oxidase, central domain-containing protein	Protein GLUTELIN PRECURSOR ACCUMULATION 3	T9SS type A sorting domain-containing protein	Protein GLUTELIN PRECURSOR ACCUMULATION 3	BTB domain-containing protein	91
A8BZJ3	GL50803_9662	93.97	Ferredoxin Fd1, Fd2	Ferredoxin-3	Ferredoxin Fd1, Fd2	Polyferredoxin protein FwdG	NAD(P)H-quinone oxidoreductase subunit I, chloroplastic	175
A8BZI2	GL50803_4558	93.07	Deoxyguanosine kinase/deoxyadenosine kinase subunit	Deoxyguanosine kinase	Deoxyguanosine kinase	Deoxyguanosine kinase	Adenylate kinase	483
D3KFZ6	GL50803_14248	47.2	Uncharacterized protein	None	None	None	None	0
A8C0R2	GL50803_15400	85.14	VSP	None	VSP	None	Variant-specific surface protein	21
A8BZK2	GL50803_23630	57.87	CDT1 Geminin-binding domain-containing protein	Double-strand-break repair protein rad21 homolog	PIN7 domain-containing protein	Double-strand-break repair protein rad21 homolog	Double-strand-break repair protein rad21 homolog	2
A8BZH8	GL50803_13652	85.44	Calmodulin	Dynein regulatory complex protein 8	Calmodulin	Dynein regulatory complex protein 8	Calmodulin	147
A8BZE2	GL50803_17046	68.23	Ankyrin repeat protein 1	Eye-specific diacylglycerol kinase	Acetyl-coenzyme A transporter 1	ANK_REP_REGION domain-containing protein	Ankyrin_rpt-contain_dom domain-containing protein	20
A8BZJ2	GL50803_15011	64.51	MARVEL domain-containing protein	Chemokine-like factor	Predicted protein	Chemokine-like factor	Four helix bundle protein	14
D3KFZ0	GL50803_6341	37.43	Uncharacterized protein	Ribosome-recycling factor	Cytochrome c	None	Ribosome-recycling factor	1
D3KG56	GL50803_6452	67.29	LisH domain-containing protein	Set3 complex subunit hif2	WD40 domain containing protein	Set3 complex subunit hif2	PQQ-binding-like beta-propeller repeat protein	24
D3KG25	GL50803_6929	43.38	Uncharacterized protein	None	None	None	None	0
D3KG67	GL50803_2170	33.26	Uncharacterized protein	None	None	None	None	0
D3KG52	GL50803_11054	52.94	RING-type domain-containing protein	E3 ubiquitin-protein ligase RNF8	Unplaced genomic scaffold CY34scaffold_3, whole genome shotgun sequence	E3 ubiquitin-protein ligase RNF8	RING-type domain-containing protein	59
D3KG78	GL50803_15530	74.63	Uncharacterized protein	Protein Abitram	Actin-binding transcription modulator	Protein Abitram	Glycine cleavage system H protein	981
D3KG41	GL50803_5988	50.68	Uncharacterized protein	None	FUN14 domain-containing protein 1	None	Histidine kinase	12
D3KG28	GL50803_7390	83.39	tRNA-dihydrouridine synthase 2	tRNA-dihydrouridine(20) synthase [NAD(P)+]	tRNA-dihydrouridine synthase 2	Aldolase-type TIM barrel family protein	Dihydroorotate dehydrogenase (quinone)	317
D3KG23	GL50803_14290	48.06	Uncharacterized protein	None	CAND1 isoform 4	Os01g0524100 protein	CAND1 isoform 4	1
D3KG73	GL50803_13056	51.79	Uncharacterized protein	None	Flagellar FliJ protein	None	Flagellar FliJ protein	1
D3KG89	GL50803_14569	47.96	Ankyrin repeat protein 1	None	Inversin	None	Inversin	1
D3KG79	GL50803_15529	59.63	Uncharacterized protein	None	ATP-dependent DNA helicase	None	ATP-dependent DNA helicase	1
D3KG95	GL50803_15989	52.17	Zinc finger protein	None	PHD-type domain-containing protein	None	PHD-type domain-containing protein	1
D3KG59	GL50803_6458	43.56	Uncharacterized protein	None	None	None	None	0
D3KG88	GL50803_28336	55.79	Uncharacterized protein	Netrin unc-6	Right-handed parallel beta-helix repeat-containing protein	Netrin unc-6	DNA internalization-related competence protein ComEC/Rec2	46
D3KG84	GL50803_11952	36.24	Uncharacterized protein	None	None	None	None	0
D3KG37	GL50803_14407	65.04	Leucine-rich repeat protein	Leucine-rich repeat-containing protein 45	Leucine-rich repeat-containing protein 45	Leucine-rich repeat-containing 45	NACHT domain-containing protein	35
D3KG33	GL50803_33989	55.07	Uncharacterized protein	Metallo-beta-lactamase type 2	Lactamase_B domain-containing protein	ETHE1 persulfide dioxygenase	MBL fold metallo-hydrolase	139
D3KG65	GL50803_27635	40.3	Uncharacterized protein	None	None	None	None	0
D3KG19	GL50803_19381	38.42	Uncharacterized protein	None	None	None	None	0
D3KG51	GL50803_11055	51.8	NOT2 / NOT3 / NOT5 family protein	Probable NOT transcription complex subunit VIP2	NOT2_3_5 domain-containing protein	BMA-NTL-3, isoform d	NOT2_3_5 domain-containing protein	413
D3KG61	GL50803_17145	46.34	Uncharacterized protein	SVP1-like protein 2	Outer membrane protein assembly factor BamB	Os02g0748300 protein	Quinonprotein alcohol dehydrogenase	27
D3KGB2	GL50803_17276	40.19	Serine/threonine protein kinase	None	None	None	None	0
D3KG44	GL50803_14603	78.64	NUDIX domain-containing protein	NAD-capped RNA hydrolase NudC	Nudix hydrolase domain-containing protein	NAD-capped RNA hydrolase NudC	Nudix hydrolase domain-containing protein	316
D3KG82	GL50803_17591	88.77	Actin	Actin-related protein 6	Actin	Actin-related protein 6	Chaperone protein DnaK	202
D3KG99	GL50803_13164	69.69	Transcription factor CBF/NF-Y/archaeal histone domain-containing protein	Nuclear transcription factor Y subunit B-6	Histone-fold-containing protein	HAP3 subunit of HAP complex	CBFD_NFYB_HMF domain-containing protein	149
D3KG57	GL50803_6451	31.82	Uncharacterized protein	None	None	None	None	0
D3KG87	GL50803_14565	37.84	Uncharacterized protein	None	None	None	None	0
D3KG18	GL50803_16476	59.68	Uncharacterized protein	Protein misato homolog 1	Misat_Tub_SegII domain-containing protein	Protein misato homolog 1	Protein misato homolog 1	51
D3KG31	GL50803_27713	34.75	Uncharacterized protein	None	None	None	None	0
D3KG60	GL50803_2848	41.07	Uncharacterized protein	None	None	None	None	0
D3KGB4	GL50803_27880	60.91	Torus domain-containing protein	Pre-mRNA-splicing factor CWC2	Torus domain-containing protein	Polyadenylate-binding protein RBP47B	RRM domain-containing protein	205
D3KGA3	GL50803_22027	42.04	Uncharacterized protein	Cytosolic carboxypeptidase 1	HSPBP1	Protein kinase domain-containing protein	Cytosolic carboxypeptidase 1	2
D3KG91	GL50803_26835	49.27	PIG-X / PBN1 family protein	None	None	None	None	0
D3KG92	GL50803_17599	32.03	Uncharacterized protein	None	None	None	None	0
D3KG85	GL50803_11960	80.04	Uncharacterized protein	Importin subunit alpha-1	Karyopherin alpha 2 (RAG cohort 1, importin alpha 1)	Os07g0688300 protein	RING-type E3 ubiquitin transferase	137
D3KG20	GL50803_21592	73.99	5'-deoxynucleotidase	5'-deoxynucleotidase hdd1	5'-deoxynucleotidase	5'-deoxynucleotidase	5'-deoxynucleotidase	172
D3KG68	GL50803_9530	30.29	Uncharacterized protein	None	None	None	None	0
D3KG71	GL50803_28022	35.84	Uncharacterized protein	None	None	None	None	0
D3KGB5	GL50803_6485	55.38	Rad21/Rec8-like protein C-terminal eukaryotic domain-containing protein	Probable C4-dicarboxylate response regulator DctR	Transcriptional regulator	Transcriptional regulatory protein	Transcriptional regulatory protein	5
D3KG93	GL50803_8744	28	Uncharacterized protein	None	None	None	None	0
D3KG90	GL50803_7851	71.38	Uncharacterized protein	Rho GTPase-activating protein 10	rho GTPase-activating protein 10 isoform X4	MHD domain-containing protein	Membrane fusion protein (MFP) family protein	40
D3KGB7	GL50803_14322	72.66	Uncharacterized protein	Testis-expressed protein 10 homolog	Pre-rRNA-processing protein	Testis expressed gene 10 (Predicted)	RING-type E3 ubiquitin transferase	82
D3KG32	GL50803_6056	68.42	Serine/threonine protein kinase	Serine/threonine-protein kinase Nek11	Kinase, NEK	Serine/threonine-protein kinase Nek11	Protein kinase domain-containing protein	334
D3KG21	GL50803_14520	75.5	Uncharacterized protein	MAD2L1-binding protein	MAD2L1-binding protein	Os05g0251400 protein	MAD2L1 binding protein	21
D3KG43	GL50803_14601	66.08	Ankyrin repeat protein 1	Palmitoyltransferase AKR1	Ankyrin_rpt-contain_dom domain-containing protein	ANK_REP_REGION domain-containing protein	Ankyrin_rpt-contain_dom domain-containing protein	79
D3KG66	GL50803_14381	64.73	Uncharacterized protein	U-box domain-containing protein 26	Importin subunit beta-1	ADP-ribosyl cyclase/cyclic ADP-ribose hydrolase	Importin N-terminal domain-containing protein	38
D3KG83	GL50803_11951	31.41	Uncharacterized protein	None	None	None	None	0
D3KG58	GL50803_14208	42.88	Flap endonuclease XPG family protein	Flap endonuclease 1	PIN domain-like protein	Flap endonuclease 1	Flap endonuclease 1	63
D3KGB1	GL50803_103895	43.16	Spindle pole protein	None	None	None	None	0
D3KG39	GL50803_23884	41.55	Calcineurin-like phosphoesterase domain-containing protein	None	5'-nucleotidase C-terminal domain-containing protein	None	5'-nucleotidase C-terminal domain-containing protein	1
D3KG96	GL50803_23597	71.45	Uncharacterized protein	Extragenic suppressor of kinetochore protein 1	Phosphorylase B kinase gamma catalytic chain	Unplaced genomic scaffold supercont1.5, whole genome shotgun sequence	Cytosolic carboxypeptidase 1	14
D3KGA0	GL50803_3467	36.67	Uncharacterized protein	None	None	None	None	0
D3KGA4	GL50803_13857	53.64	Uncharacterized protein	Serine/threonine-protein kinase ULK4	Mon2_C domain-containing protein	TRAF-like family protein	Protein dip1	3
D3KG15	GL50803_29387	43.01	Uncharacterized protein	None	None	None	None	0
D3KG98	GL50803_9367	42.17	Uncharacterized protein	None	Non-specific serine/threonine protein kinase	None	Non-specific serine/threonine protein kinase	4
D3KG29	GL50803_17314	49.41	Cep57 centrosome microtubule-binding domain-containing protein	None	Histone	None	Chromatin modification-related protein	2
D3KGI0	GL50803_11190	79.45	Pre-mRNA-processing factor 39	Pre-mRNA-processing factor 39	Suf domain-containing protein	Pre-mRNA-processing factor 39	Tetratricopeptide repeat protein	240
D3KGD0	GL50803_8145	63.79	Uncharacterized protein	Exocyst complex component SEC6	Exocyst complex component Sec6-domain-containing protein	Vacuolar protein sorting-associated protein 53 homolog	Vacuolar protein sorting-associated protein 51 homolog	4
D3KGC0	GL50803_33674	45.58	Uncharacterized protein	Seven-bladed beta-propeller protein Rv1057	YncE family protein	Seven-bladed beta-propeller protein Rv1057	YncE family protein	64
D3KGL1	GL50803_17407	64.89	Myb-like DNA-binding domain-containing protein	Telomere repeat-binding protein 4	At3g12560-like protein	None	Telomere repeat-binding protein 4	1
D3KGD9	GL50803_8253	63.57	OST3 / OST6 family, transporter family protein	Probable dolichyl-diphosphooligosaccharide--protein glycosyltransferase subunit 3B	WD-repeat family protein	Probable dolichyl-diphosphooligosaccharide--protein glycosyltransferase subunit 3B	PGG domain-containing protein	16
D3KGK0	GL50803_10400	46.19	Uncharacterized protein	Thyroid adenoma-associated protein homolog	Armadillo	Thyroid adenoma-associated protein homolog	Tetratricopeptide repeat protein	7
D3KGK2	GL50803_6672	70.42	Ankyrin repeat protein 1	Ankyrin repeat domain-containing protein 6	Ankyrin_rpt-contain_dom domain-containing protein	Ankyrin_rpt-contain_dom domain-containing protein	Ankyrin_rpt-contain_dom domain-containing protein	48
D3KGH8	GL50803_17546	52.39	Ankyrin repeat protein	Protein lin-12	Ankyrin repeats (3 copies)	Protein lin-12	Ankyrin_rpt-contain_dom domain-containing protein	22
D3KGD2	GL50803_11116	58.52	Uncharacterized protein	tRNA (guanine-N(7)-)-methyltransferase non-catalytic subunit TRM82	WD_REPEATS_REGION domain-containing protein	tRNA (guanine-N(7)-)-methyltransferase non-catalytic subunit	WD_REPEATS_REGION domain-containing protein	51
D3KGL8	GL50803_104870	33.91	Uncharacterized protein	None	None	None	None	0
D3KGJ8	GL50803_13504	45.68	Uncharacterized protein	MAP kinase-activating death domain protein	DnaJ homolog subfamily C member 13	TH1 domain-containing protein	MAP kinase-activating death domain protein	5
D3KGD6	GL50803_28629	82.43	Uncharacterized protein	U3 small nucleolar RNA-associated protein 4 homolog	Valyl-tRNA synthetase	U3 small nucleolar RNA-associated protein 4 homolog	Guanine nucleotide-binding protein subunit beta-like protein	66
D3KGK3	GL50803_16428	47.46	Uncharacterized protein	Clathrin heavy chain 1	FG-GAP repeat protein	Clathrin heavy chain 1	Clathrin heavy chain 1	4
D3KGF2	GL50803_6579	58.18	Uncharacterized protein	Protein phosphatase methylesterase 1	6-phosphogluconate dehydrogenase	Protein phosphatase methylesterase 1	Protein phosphatase methylesterase 1	18
D3KGC6	GL50803_21133	29.61	Uncharacterized protein	None	None	None	None	0
D3KGJ9	GL50803_26917	93.05	Uncharacterized protein	DNA damage-regulated autophagy modulator protein 1	Transmembrane domain-containing protein	DNA-damage-regulated autophagy modulator 1	DUF998 domain-containing protein	58
D3KGB8	GL50803_6919	49.84	Coiled-coil protein	None	None	None	None	0
D3KGE8	GL50803_8063	31.99	Uncharacterized protein	None	None	None	None	0
D3KGF1	GL50803_3116	60.73	Uncharacterized protein	None	Methyl-CpG binding domain protein 1	None	Methyl-CpG binding domain protein 1	1
D3KGI6	GL50803_115571	25.99	Pecanex-like protein	None	None	None	None	0
D3KGF6	GL50803_15157	72.87	Lipase	Diacylglycerol lipase-beta	Lipase	Lipase_3 domain-containing protein	Lipase_3 domain-containing protein	454
D3KGC5	GL50803_6982	60.11	Uncharacterized protein	U5 small nuclear ribonucleoprotein 40 kDa protein	Fbox/WD repeatcontaining protein 1Alike [Bombyx mori]	WD repeat-containing protein 61	WD_REPEATS_REGION domain-containing protein	65
D3KGC9	GL50803_17115	44.23	Spindle pole body component	None	None	None	None	0
D3KGD1	GL50803_8148	33.15	Uncharacterized protein	None	None	None	None	0
D3KGG0	GL50803_10821	29.9	Uncharacterized protein	None	None	None	None	0
D3KGD3	GL50803_11113	46.63	Uncharacterized protein	None	None	None	None	0
D3KGI9	GL50803_10898	46.41	Uncharacterized protein	None	None	None	None	0
D3KGE9	GL50803_14668	77.67	Uncharacterized protein	Protein GLUTELIN PRECURSOR ACCUMULATION 3	F-box only protein 42	Protein ral2	N-acetylneuraminate epimerase	58
D3KGL0	GL50803_17405	23.55	Uncharacterized protein	None	None	None	None	0
D3KGJ3	GL50803_16981	42.34	Uncharacterized protein	None	None	None	None	0
D3KGG5	GL50803_10452	42.72	Uncharacterized protein	None	None	None	None	0
D3KGI8	GL50803_15311	91.5	GDSL-like Lipase/Acylhydrolase family protein	Arylesterase	GDSL-like Lipase/Acylhydrolase family protein	Esterase TesA	SGNH_hydro domain-containing protein	334
D3KGH1	GL50803_14400	51.82	Nucleoporin Nup54 alpha-helical domain-containing protein	None	None	None	None	0
D3KGF8	GL50803_29119	34.1	Uncharacterized protein	None	None	None	None	0
D3KGE5	GL50803_4007	80.48	Maf1 regulator	Repressor of RNA polymerase III transcription	Maf1 regulator protein	Repressor of RNA polymerase III transcription	Repressor of RNA polymerase III transcription MAF1	156
D3KGJ2	GL50803_10912	61.52	Uncharacterized protein	Casparian strip membrane protein 5	CASP-like protein	Casparian strip membrane protein 5	MARVEL domain-containing protein	21
D3KGG3	GL50803_13469	82.99	Uncharacterized protein	Pre-mRNA-processing factor 19	Coatomer beta' subunit	WD_REPEATS_REGION domain-containing protein	WD_REPEATS_REGION domain-containing protein	61
D3KGE2	GL50803_8263	64.11	Ubiquitin-like domain-containing protein	Protein ANKUB1	Predicted protein	BAG family molecular chaperone regulator 1A	Ubiquitin-like domain-containing protein	89
D3KGD5	GL50803_5497	34.69	Uncharacterized protein	None	None	None	None	0
D3KGC7	GL50803_13196	42.42	Uncharacterized protein	Cap-specific mRNA (nucleoside-2'-O-)-methyltransferase 1A	Cap-specific mRNA (nucleoside-2'-O-)-methyltransferase 1	Cap-specific mRNA (nucleoside-2'-O-)-methyltransferase 1	Cap-specific mRNA (nucleoside-2'-O-)-methyltransferase 1	16
D3KGJ4	GL50803_112572	72.56	Ankyrin repeat protein 1	Ankyrin repeat domain-containing protein 6	Palmitoyltransferase	Unplaced genomic scaffold supercont1.5, whole genome shotgun sequence	Ankyrin_rpt-contain_dom domain-containing protein	22
D3KGG2	GL50803_7343	55.33	Spindle pole body component	Sorting nexin-4	Sorting nexin,Snx4, involved in maturation of the vacuolar aminopeptidase I	Sorting nexin-41	PX domain-containing protein	65
D3KGG1	GL50803_27657	27.5	Uncharacterized protein	None	None	None	None	0
D3KGK8	GL50803_2964	78.11	Signal peptidase subunit	Probable signal peptidase complex subunit 3	Signal peptidase subunit	Signal peptidase complex subunit 3	Signal peptidase complex subunit 3	100
D3KGD4	GL50803_16732	72.86	Uncharacterized protein	None	Tropomyosin	None	Tropomyosin	1
D3KGE3	GL50803_3141	68.87	Uncharacterized protein	None	None	None	None	0
D3KGH0	GL50803_13279	65.34	Uncharacterized protein	Nuclear distribution protein nudE homolog 1	EF-hand calcium-binding domain-containing protein 4A isoform X2	None	Nuclear distribution protein nudE homolog 1	2
D3KGG4	GL50803_16638	27.45	Uncharacterized protein	None	None	None	None	0
D3KGJ6	GL50803_11174	37.55	Uncharacterized protein	None	None	None	None	0
D3KGL9	GL50803_11763	87.75	Thiamine diphosphokinase	Thiamin pyrophosphokinase 1	Thiamin pyrophosphokinase	Thiamin pyrophosphokinase 1	Thiamine diphosphokinase	817
D3KGI2	GL50803_9118	49.59	Uncharacterized protein	Junction plakoglobin	MI domain-containing protein	Junction plakoglobin	Junction plakoglobin	2
D3KGC8	GL50803_2217	26.58	Uncharacterized protein	None	None	None	None	0
D3KGJ5	GL50803_32041	39.45	Uncharacterized protein	None	None	None	None	0
D3KGJ0	GL50803_20066	37.73	Uncharacterized protein	None	Zn(2)-C6 fungal-type domain-containing protein	None	Zn(2)-C6 fungal-type domain-containing protein	4
D3KGJ1	GL50803_10901	40.75	Uncharacterized protein	None	None	None	None	0
D3KGB9	GL50803_2777	52.66	Uncharacterized protein	Ras guanine nucleotide exchange factor R	VBS domain-containing protein	Ras guanine nucleotide exchange factor R	Histidine kinase	22
D3KGI1	GL50803_11191	37.2	Uncharacterized protein	None	None	None	None	0
D3KGH4	GL50803_32801	77.34	Uncharacterized protein	Adenylyltransferase and sulfurtransferase uba4	Dinucleotide-utilizing enzyme	Adenylyltransferase and sulfurtransferase uba4	ThiF domain-containing protein	308
D3KGT5	GL50803_113415	29.84	Mediator of RNA polymerase II transcription subunit 18	None	None	None	None	0
D3KGT1	GL50803_8946	90.69	Leucine-rich repeat protein	Probable U2 small nuclear ribonucleoprotein A'	Leucine-rich repeat protein	Probable U2 small nuclear ribonucleoprotein A'	U2 small nuclear ribonucleoprotein A'	39
D3KGM2	GL50803_20652	40.26	Uncharacterized protein	None	None	None	None	0
D3KGW5	GL50803_19364	82.14	Uncharacterized protein	Proteasome assembly chaperone 4	Proteasome assembly chaperone	GH19585p	Proteasome assembly chaperone 3	47
D3KGS6	GL50803_3948	87.8	Methyltransferase domain-containing protein	eEF1A lysine and N-terminal methyltransferase	Methyltransf_11 domain-containing protein	S-adenosyl-L-methionine-dependent methyltransferase superfamily protein	Ribosomal protein L11 methyltransferase	272
D3KGS7	GL50803_3950	68.81	Lipase class 3 family protein	Diacylglycerol lipase-beta	Lipase_3 domain-containing protein	Diacylglycerol lipase-beta	Lipase_3 domain-containing protein	451
D3KGV1	GL50803_2226	52.19	Uncharacterized protein	None	TMF_TATA_bd domain-containing protein	None	TMF_TATA_bd domain-containing protein	1
D3KGS4	GL50803_14998	53.71	RNA polymerase III transcription factor subunit	None	Tau95 domain-containing protein	None	DUF1738 domain-containing protein	2
D3KGP9	GL50803_5532	47.14	Uncharacterized protein	Chaperone protein DnaK	Chromosome 2 SCAF14623, whole genome shotgun sequence	None	Chaperone protein DnaK	23
D3KGV9	GL50803_14922	29.16	Uncharacterized protein	None	None	None	None	0
D3KGM5	GL50803_40793	49.48	Uncharacterized protein	Eukaryotic translation initiation factor 4B	RRM domain-containing protein	RRM domain-containing protein	Non-specific serine/threonine protein kinase	6
D3KGN9	GL50803_9150	31.64	Uncharacterized protein	None	None	None	None	0
D3KGV7	GL50803_9294	81.53	TFIIB-type domain-containing protein	Cyclin-D1-1	TFIIB-type domain-containing protein	Cyclin-D1-1	Cyclin N-terminal domain-containing protein	25
D3KGS2	GL50803_9622	41.06	Cytosolic protein	None	None	None	None	0
D3KGU1	GL50803_95290	31.67	Uncharacterized protein	None	None	None	None	0
D3KGS8	GL50803_10803	77.17	Qa-SNARE 5	Integral membrane protein SED5	Syntaxin-5	Golgi SNAP receptor complex member 2	t-SNARE coiled-coil homology domain-containing protein	17
D3KGS0	GL50803_7285	37.51	Uncharacterized protein	None	None	None	None	0
D3KGT2	GL50803_16875	44.81	Uncharacterized protein	Serum paraoxonase/arylesterase 2	Paraoxonase 2	Serum paraoxonase/lactonase 3	Paraoxonase	28
D3KGW3	GL50803_16471	69.92	Ankyrin repeat protein 1	Ankyrin repeat and SAM domain-containing protein 3	Ankyrin repeat and SAM domain-containing protein 3	Ankyrin repeat and SAM domain-containing protein 3	Ankyrin_rpt-contain_dom domain-containing protein	27
D3KGS9	GL50803_13844	21.6	Uncharacterized protein	None	None	None	None	0
D3KGR9	GL50803_32766	35.17	Uncharacterized protein	None	None	None	None	0
D3KGV3	GL50803_6713	31.57	Uncharacterized protein	None	None	None	None	0
D3KGM0	GL50803_11761	57.56	Uncharacterized protein	Interferon-related developmental regulator 1	interferon-related developmental regulator 1 isoform X1	Interferon-related developmental regulator 1	TOG domain-containing protein	19
D3KGN4	GL50803_9090	66.64	Uncharacterized protein	RING finger protein B	ACB domain-containing protein	Acyl-CoA-binding domain-containing protein 4	Striatin domain-containing protein	6
D3KGU8	GL50803_26749	75.97	GINS subunit domain-containing protein	Probable DNA replication complex GINS protein PSF3	GINS complex subunit 3	Sld5 domain-containing protein	DNA replication complex GINS protein PSF3	264
D3KGN3	GL50803_9086	51.21	Uncharacterized protein	None	None	None	None	0
D3KGT9	GL50803_14727	39.83	Uncharacterized protein	Importin-7	Similar to Saccharomyces cerevisiae YJR132W NMD5 Karyopherin	RING-type E3 ubiquitin transferase	Importin N-terminal domain-containing protein	12
D3KGM1	GL50803_15496	53.28	Uncharacterized protein	Exportin-2	Importin subunit alpha	ARM repeat superfamily protein	Importin N-terminal domain-containing protein	27
D3KGQ9	GL50803_17256	74.61	PH domain-containing protein	Oxysterol-binding protein 1	Exocyst complex component Sec6	Myosin X,-like 3	PH domain-containing protein	138
D3KGQ7	GL50803_21330	46.81	Uncharacterized protein	Importin-13	ARMC8 protein	Transportin 3	Importin N-terminal domain-containing protein	52
D3KGR1	GL50803_8702	51.57	Nuclear pore complex protein	G-protein-signaling modulator 1	Nuclear pore complex protein	G-protein-signaling modulator 1	G-protein-signaling modulator 1	3
D3KGM4	GL50803_28514	82.6	Uncharacterized protein	Cysteine proteinase inhibitor 3	Cystatin	Cysteine proteinase inhibitor 5	Cystatin domain-containing protein	157
D3KGP0	GL50803_28737	44.97	Uncharacterized protein	None	Histidine kinase	None	GGDEF domain-containing protein	9
D3KGV0	GL50803_12941	87.1	Uncharacterized protein	CCR4-NOT transcription complex subunit 9	Cell differentiation protein rcd1	Cell differentiation protein rcd1	RING-type E3 ubiquitin transferase	113
D3KGW4	GL50803_3847	26.67	Uncharacterized protein	None	None	None	None	0
D3KGT6	GL50803_16452	46.39	Uncharacterized protein	None	None	None	None	0
D3KGW6	GL50803_3713	47.08	Uncharacterized protein	Phenylalanine-4-hydroxylase	Acetolactate synthase	Acetolactate synthase	Homoserine dehydrogenase	140
D3KGT8	GL50803_8501	65.49	High cysteine membrane protein	None	None	None	None	0
D3KGQ0	GL50803_5536	56.62	Uncharacterized protein	None	Protein brambleberry	None	Protein brambleberry	1
D3KGP5	GL50803_10051	64.18	Purple acid phosphatase N-terminal domain-containing protein	Purple acid phosphatase 5	Metallophos domain-containing protein	Purple acid phosphatase	Metallophosphoesterase family protein	108
D3KGQ5	GL50803_16506	75.54	Uncharacterized protein	WD repeat-containing protein 61	Protein kinase domain-containing protein	CCR4-associated factor 4	ANAPC4_WD40 domain-containing protein	107
D3KGN0	GL50803_10682	89.05	Uncharacterized protein	3-ketodihydrosphingosine reductase	SDR family oxidoreductase	Probable short-chain dehydrogenase	SDR family oxidoreductase	190
D3KGS3	GL50803_9612	69.42	Uncharacterized protein	Ras-like protein 1	HHL063Wp	Ras-related protein Rab-21	Translation initiation factor IF-2	11
D3KGR3	GL50803_6153	44.87	Uncharacterized protein	None	None	Histidine kinase	Histidine kinase	1
D3KGU9	GL50803_16126	34.65	Uncharacterized protein	None	None	None	None	0
D3KGM8	GL50803_10677	89.01	Helix-hairpin-helix domain-containing protein	DNA excision repair protein ERCC-1	Helix-hairpin-helix domain-containing protein	Rad10 domain containing protein	UvrABC system protein C	387
D3KGN2	GL50803_14861	44.65	SHIPPO repeat domain-containing protein	None	None	None	None	0
D3KGQ2	GL50803_29229	41.36	Uncharacterized protein	None	None	None	None	0
D3KGU2	GL50803_10979	73.28	Uncharacterized protein	NAI2-like protein	PrlC protein	None	Kinesin-like protein	2
D3KGR2	GL50803_14765	42.42	Uncharacterized protein	None	None	None	None	0
D3KGS5	GL50803_2754	36.37	Uncharacterized protein	None	LysM domain-containing protein	None	LysM domain-containing protein	1
D3KGY3	GL50803_6147	35.79	Uncharacterized protein	None	None	None	None	0
D3KH21	GL50803_14236	81.51	N-acetylglucosaminylphosphatidylinositol deacetylase	N-acetylglucosaminyl-phosphatidylinositol de-N-acetylase	N-acetylglucosaminylphosphatidylinositol deacetylase	N-acetylglucosaminylphosphatidylinositol deacetylase	N-acetylglucosaminylphosphatidylinositol deacetylase	472
D3KGX4	GL50803_17175	23.92	Uncharacterized protein	None	None	None	None	0
D3KH18	GL50803_16813	36.04	Uncharacterized protein	None	Vesicle-associated membrane protein	None	Vesicle-associated membrane protein	1
D3KGZ9	GL50803_102263	80.54	Kelch motif-containing protein	Tip elongation aberrant protein 1	Kelch motif-containing protein	tRNA(Phe) (4-demethylwyosine(37)-C(7)) aminocarboxypropyltransferase	F-box domain-containing protein	76
D3KH29	GL50803_16713	24.2	Uncharacterized protein	None	None	None	None	0
D3KH51	GL50803_9175	26.6	Uncharacterized protein	None	None	None	None	0
D3KH12	GL50803_113952	41.1	Component of oligomeric Golgi complex 8	None	None	None	None	0
D3KH13	GL50803_9598	32.95	Uncharacterized protein	None	None	None	None	0
D3KH26	GL50803_88922	75.26	Cyclin N-terminal domain-containing protein	PHO85 cyclin-5	Cyclin, N-terminal domain-containing protein	Cyclin	Cyclin N-terminal domain-containing protein	319
D3KH41	GL50803_95001	44.02	Uncharacterized protein	None	None	None	None	0
D3KGX1	GL50803_17161	84.04	Tom40	Probable mitochondrial import receptor subunit TOM40-2	Mitochondrial protein translocase, MPT family isoform 1	Probable mitochondrial import receptor subunit TOM40-2	LPS-assembly protein LptD	111
D3KH06	GL50803_20666	65.19	Uncharacterized protein	None	None	None	None	0
D3KH48	GL50803_9181	31.57	Uncharacterized protein	None	None	None	None	0
D3KH30	GL50803_16486	57.1	Uncharacterized protein	None	None	None	None	0
D3KH38	GL50803_26955	62.2	Nucleolus and neural progenitor protein-like N-terminal domain-containing protein	Nucleolus and neural progenitor protein	DUF4477 domain-containing protein	Nucleolus and neural progenitor protein	DUF4477 domain-containing protein	160
D3KH45	GL50803_7555	24.9	Uncharacterized protein	None	None	None	None	0
D3KH50	GL50803_14891	31.67	Uncharacterized protein	None	None	None	None	0
D3KH47	GL50803_13886	36.42	Uncharacterized protein	None	NAGPA domain-containing protein	None	T9SS type A sorting domain-containing protein	4
D3KGX6	GL50803_27364	55.85	Diphthamide-ammonia ligase	2-(3-amino-3-carboxypropyl)histidine synthase subunit 2	2-(3-amino-3-carboxypropyl)histidine synthase subunit 2	2-(3-amino-3-carboxypropyl)histidine synthase subunit 2	2-(3-amino-3-carboxypropyl)histidine synthase subunit 2	77
D3KGX8	GL50803_35140	25.03	Uncharacterized protein	None	None	None	None	0
D3KH19	GL50803_26379	55.75	Uncharacterized protein	Splicing factor YJU2	Splicing factor YJU2	Coiled-coil protein (DUF572)	Splicing factor YJU2	393
D3KH25	GL50803_9755	65.03	Uncharacterized protein	None	NLP/P60-family secreted protein	None	NLP/P60-family secreted protein	1
D3KH28	GL50803_90659	24.34	Uncharacterized protein	None	None	None	None	0
D3KH58	GL50803_12056	42.76	Uncharacterized protein	None	None	Group-specific antigen	Group-specific antigen	1
D3KH09	GL50803_15454	74.31	PCI domain-containing protein	Probable 26S proteasome regulatory subunit rpn3	PCI domain-containing protein	26S proteasome non-ATPase regulatory subunit 3	MarR family transcriptional regulator	296
D3KGX5	GL50803_103883	60.08	FAD/NAD(P)-binding domain-containing protein	Dihydrolipoyl dehydrogenase	Si-specific NAD(P)(+) transhydrogenase	Dihydrolipoyl dehydrogenase	tRNA uridine 5-carboxymethylaminomethyl modification enzyme MnmG	357
D3KH15	GL50803_16821	27.94	Uncharacterized protein	None	None	None	None	0
D3KGY7	GL50803_1470	89.1	DNA-binding domain-containing protein	Schlafen-like protein 1	AAA-4 domain protein	Schlafen-like protein 1	AlbA_2 domain-containing protein	292
D3KH23	GL50803_16647	79.02	Uncharacterized protein	PRKCA-binding protein	SPHINGOLIPID LONG CHAIN BASE-RESPONSIVE PROTEIN PIL1	PRKCA-binding protein	AH domain-containing protein	54
D3KGW9	GL50803_11438	60.89	Ankyrin repeat protein 1	Ankyrin repeat domain-containing protein 34A	Ankyrin_rpt-contain_dom domain-containing protein	S-acyltransferase	Ankyrin_rpt-contain_dom domain-containing protein	7
D3KGX9	GL50803_8862	33.7	Uncharacterized protein	Pre-mRNA-splicing factor RSE1	WD domain, G-beta repeat	Lethal (3) 72Dn, isoform B	TBC1 domain family member 31	5
D3KGZ1	GL50803_28069	43.17	Uncharacterized protein	None	None	None	None	0
D3KH61	GL50803_17494	41.31	Uncharacterized protein	None	None	None	None	0
D3KGZ5	GL50803_17435	29.15	Uncharacterized protein	None	None	None	None	0
D3KH04	GL50803_10141	55.68	MRG family protein	Chromatin modification-related protein EAF3	MRG domain-containing protein	Os05g0132400 protein	Chromatin modification-related protein EAF3	29
D3KH39	GL50803_114651	56.17	RRN7-type domain-containing protein	None	TATA box-binding protein associated factor RNA polymerase I subunit	None	TATA box-binding protein associated factor RNA polymerase I subunit	1
D3KGZ0	GL50803_1597	28.77	Uncharacterized protein	None	None	None	None	0
D3KH03	GL50803_29081	36.61	Uncharacterized protein	None	None	None	None	0
D3KH44	GL50803_14482	66.92	Eukaryotic initiation factor 4E	Eukaryotic translation initiation factor 4E	Eukaryotic initiation factor 4E	Eukaryotic translation initiation factor 4E	eIF-4F 25 kDa subunit	148
D3KH60	GL50803_12066	67.11	Endoglycosylceramidase	Endoglycoceramidase	Endoglycosylceramidase	Endoglycosylceramidase	Beta-galactosidase	109
D3KGZ7	GL50803_2973	80.27	Ubiquitin-like domain-containing protein	UPF0538 protein C2C4.04c	Altered inheritance rate of mitochondria protein29	UPF0538 protein C2C4.04c	Ubiquitin-like domain-containing protein	37
D3KH54	GL50803_11363	86.08	Uncharacterized protein	Cleavage and polyadenylation specificity factor subunit 6	Lantibiotic ABC transporter permease	Bidirectional sugar transporter SWEET	Tryptophan-rich sensory protein	88
D3KH42	GL50803_4017	58.69	Dynein assembly factor 3 C-terminal domain-containing protein	Dynein assembly factor 3, axonemal	DUF4471 domain-containing protein	Dynein assembly factor 3, axonemal	DUF4470 domain-containing protein	44
D3KGX3	GL50803_14438	52.09	Uncharacterized protein	Transport protein particle subunit trs23	V4R domain-containing protein	Trafficking protein particle complex subunit	AP complex subunit sigma	129
D3KH17	GL50803_6292	41.33	Uncharacterized protein	None	None	None	None	0
D3KH24	GL50803_31743	58.47	Uncharacterized protein	AP-2 complex subunit alpha-1	DUF1080 domain-containing protein	AP-2 complex subunit alpha	HEAT repeat domain-containing protein	109
D3KH16	GL50803_14161	36.9	Uncharacterized protein	None	None	None	None	0
D3KGY2	GL50803_14819	29.72	Uncharacterized protein	None	None	None	None	0
D3KH01	GL50803_14298	31.23	Uncharacterized protein	None	None	None	None	0
D3KH10	GL50803_15445	26.45	Uncharacterized protein	None	None	None	None	0
D3KGY4	GL50803_16582	32.73	Uncharacterized protein	None	None	None	None	0
D3KH08	GL50803_14949	59.8	Uncharacterized protein	Cilia- and flagella-associated protein 52	WD40 repeat domain-containing protein	Cilia- and flagella-associated protein 52	Eukaryotic translation initiation factor 3 subunit I	61
D3KH43	GL50803_19189	79.07	Uncharacterized protein	Protein tyrosine phosphatase type IVA 1	Tyrosine phosphatase IVA1	Protein tyrosine phosphatase 4A2a	Protein-tyrosine-phosphatase	134
D3KHF4	GL50803_10766	38.42	Uncharacterized protein	Nucleotide-binding protein CMS1991	ATP-binding protein	None	RNase adaptor protein RapZ	3
D3KH79	GL50803_8804	42.95	Uncharacterized protein	RING finger and CHY zinc finger domain-containing protein 1	RING finger and CHY zinc finger domain-containing protein 1-like	Ring finger and CHY zinc finger domain-containing 1	RING-type domain-containing protein	62
D3KH96	GL50803_5925	55.78	ERCC4 domain-containing protein	DNA repair protein rad16	ERCC4 domain-containing protein	DNA repair protein rad16	ERCC4 domain-containing protein	227
D3KHA4	GL50803_2328	44.96	Uncharacterized protein	None	None	None	None	0
D3KHA6	GL50803_16903	54.64	Ankyrin repeat protein 1	High affinity nerve growth factor receptor	Kinase, NEK	Guanylate cyclase	Ankyrin_rpt-contain_dom domain-containing protein	166
D3KH89	GL50803_14680	34.47	Uncharacterized protein	None	None	None	None	0
D3KHE6	GL50803_86933	71.1	GPI-anchored wall transfer protein 1	GPI-anchored wall transfer protein 1	GPI-anchored wall transfer protein	DUF5009 domain-containing protein	Acyl_transf_3 domain-containing protein	189
D3KHC3	GL50803_25715	34.86	Uncharacterized protein	None	None	None	None	0
D3KHD3	GL50803_31391	30.91	Uncharacterized protein	Protein translocase subunit SecA	Ead/Ea22-like family protein	None	Ead/Ea22-like family protein	3
D3KHG0	GL50803_112235	36.13	Uncharacterized protein	Regulator of G-protein signaling 9-binding protein B	t-SNARE coiled-coil homology domain-containing protein	None	t-SNARE coiled-coil homology domain-containing protein	2
D3KHE3	GL50803_16560	45.24	Uncharacterized protein	None	Podospora anserina S mat+ genomic DNA chromosome 6, supercontig 4	None	Podospora anserina S mat+ genomic DNA chromosome 6, supercontig 4	1
D3KHF2	GL50803_10758	69.94	Calponin-homology (CH) domain-containing protein	Taxis protein CheF1	Target of rapamycin complex 2 subunit MAPKAP1	Protein FAN	PH domain-containing protein	45
D3KHF7	GL50803_10571	21.96	Uncharacterized protein	None	None	None	None	0
D3KH71	GL50803_7966	66.29	Uncharacterized protein	NACHT, LRR and PYD domains-containing protein 5	Leucine-rich repeat-containing protein 34	Si:dkey-261j11.2	NACHT domain-containing protein	149
D3KH69	GL50803_7970	38.88	Uncharacterized protein	None	None	None	None	0
D3KHC2	GL50803_93856	43.92	Myb-like domain-containing protein	None	SANT/Myb domain	MYB-related transcription factor	HTH myb-type domain-containing protein	2
D3KH97	GL50803_5929	80.35	Uncharacterized protein	Forkhead box protein K1	FOXK1	Forkhead box K2	FHA domain-containing protein	535
D3KH83	GL50803_5567	81.91	Leucine-rich repeat protein	Protein NLRC5	Protein NLRC3	F-actin-uncapping protein LRRC16A	NLRC3 protein	5
D3KHD7	GL50803_3647	41.14	Uncharacterized protein	None	cullin-1-like	None	cullin-1-like	1
D3KHB6	GL50803_11200	40.8	Uncharacterized protein	None	FmdE, Molybdenum formylmethanofuran dehydrogenase operon	None	FmdE, Molybdenum formylmethanofuran dehydrogenase operon	1
D3KHA5	GL50803_95878	32.18	ELMO/CED-12 family protein	None	ELMO domain-containing protein	None	ELMO domain-containing protein	1
D3KH63	GL50803_28954	57.52	Uncharacterized protein	WD repeat-containing protein 61	Aladin	LD17611p	WD_REPEATS_REGION domain-containing protein	64
D3KHD5	GL50803_1902	83.79	Uncharacterized protein	Methyltransferase N6AMT1	MTS domain-containing protein	N-6 adenine-specific DNA methyltransferase 1	Ribosomal RNA small subunit methyltransferase H	264
D3KHC7	GL50803_6558	33.14	Uncharacterized protein	None	None	None	None	0
D3KHA1	GL50803_16240	49.34	E2F/DP family winged-helix DNA-binding domain-containing protein	Transcription factor E2F3	E2F_TDP domain-containing protein	Transcription factor E2F/dimerisation partner (TDP) family protein	Transcription factor E2F3	1
D3KH92	GL50803_9128	35.76	Uncharacterized protein	Protein ELC	UEV domain-containing protein	None	UEV domain-containing protein	3
D3KHB3	GL50803_14903	32.09	Uncharacterized protein	None	None	None	None	0
D3KH65	GL50803_27024	72.46	SWIM-type domain-containing protein	Zinc finger SWIM domain-containing protein 7 homolog	SWIM-type domain-containing protein	At4g33925	SWIM-type domain-containing protein	224
D3KHD6	GL50803_14198	25.27	SHIPPO repeat domain-containing protein	None	None	None	None	0
D3KH76	GL50803_5804	48.26	C3H1-type domain-containing protein	Zinc finger CCCH domain-containing protein 28	Protein phosphatase 2C	None	Zinc finger CCCH domain-containing protein 28	1
D3KH98	GL50803_24488	66.47	PX domain-containing protein	Sorting nexin-24	PX domain-containing protein	Sorting nexin-24	PX domain-containing protein	217
D3KHB2	GL50803_14906	32.63	Uncharacterized protein	None	None	None	None	0
D3KHD9	GL50803_15285	55.24	Uncharacterized protein	Nuclear distribution protein PAC1	WD40-repeat-containing domain protein	ANAPC4_WD40 domain-containing protein	U3 small nucleolar RNA-associated protein 15 homolog	42
D3KH88	GL50803_11488	62.94	Uncharacterized protein	Probable inactive serine/threonine-protein kinase DDB_G0278909	Rhabdoid tumor deletion region protein 1	RING-type E3 ubiquitin transferase	RING-type E3 ubiquitin transferase	117
D3KHA0	GL50803_4579	75.05	Uncharacterized protein	tRNA-splicing endonuclease	tRNA int end N2 domain containing protein	tRNA int end N2 domain containing protein	tRNA_int_end_N2 domain-containing protein	181
D3KHB0	GL50803_5167	71.2	Uncharacterized protein	None	Spindle assembly abnormal protein 6-like protein	None	Spindle assembly abnormal protein 6-like protein	1
D3KHD8	GL50803_2461	30.67	Uncharacterized protein	None	None	None	None	0
D3KHB7	GL50803_15369	46.56	Uncharacterized protein	None	None	None	None	0
D3KHA2	GL50803_115464	68.51	Endonuclease VIII-like 1	None	Endonuclease VIII-like 1	None	Endonuclease VIII-like 1	2
D3KHF6	GL50803_14560	54.01	Uncharacterized protein	None	None	None	None	0
D3KH99	GL50803_4578	37.41	Uncharacterized protein	None	None	None	None	0
D3KH66	GL50803_4245	68.19	Chromosome segregation protein SMC	E3 ubiquitin-protein ligase rnf8-A	asialoglycoprotein receptor 1-like	None	Ubiquitous surface protein A2	3
D3KHE1	GL50803_32838	80.96	Nfu	NFU1 iron-sulfur cluster scaffold homolog, mitochondrial	Nfu	NFU1 iron-sulfur cluster scaffold homolog, mitochondrial	Arginine repressor	421
D3KHE0	GL50803_3420	52.07	Uncharacterized protein	F-box protein At4g00755	F-box domain-containing protein	F-box protein	SUN domain-containing protein	121
D3KHG2	GL50803_14167	50.14	Uncharacterized protein	Peroxisomal biogenesis factor 8	Pre-rRNA-processing protein RIX1	Protein EFR3 homolog	Protein EFR3 homolog	3
D3KH80	GL50803_87774	64	Uncharacterized protein	Ran-binding protein 6	Heat domain-containing protein	Protein phosphatase 2A structural subunit	HEAT repeat domain-containing protein	36
D3KHF3	GL50803_10764	46.64	Protein 21.1	TPR repeat-containing protein MJ0940	Tetratricopeptide repeat protein	TPR repeat-containing protein MJ0940	Tetratricopeptide repeat protein	29
D3KHF5	GL50803_7831	35.01	Uncharacterized protein	None	None	None	None	0
D3KH62	GL50803_12074	48.06	Uncharacterized protein	None	None	None	None	0
D3KH67	GL50803_22455	40.55	DCUN1 domain-containing protein	None	Defective in cullin neddylation protein	None	Defective in cullin neddylation protein	1
D3KHE2	GL50803_10551	65.1	Endonuclease/Exonuclease/phosphatase family protein	Exodeoxyribonuclease III	Endo/exonuclease/phosphatase domain-containing protein	Endonuclease/Exonuclease/phosphatase family protein, expressed	Endo/exonuclease/phosphatase domain-containing protein	319
D3KHG1	GL50803_23424	62.5	Uncharacterized protein	None	Mediator of RNA polymerase II transcription subunit 9	None	Mediator of RNA polymerase II transcription subunit 9	1
D3KHC4	GL50803_16323	36.71	Uncharacterized protein	None	None	None	None	0
D3KH93	GL50803_14877	81.34	Spindle assembly abnormal protein 6 N-terminal domain-containing protein	Collectin-12	Spindle assembly abnormal protein 6 homolog	PH domain-containing protein	PH domain-containing protein	2
D3KH70	GL50803_7969	70.07	Uncharacterized protein	Meiotically up-regulated gene 162 protein	Tryptophan-rich sensory protein	Si:dkey-29d8.3	Tryptophan-rich sensory protein	125
D3KH78	GL50803_16271	72.82	TPR repeat family protein	Tetratricopeptide repeat protein 19, mitochondrial	Tetratricopeptide repeat protein	Tetratricopeptide repeat protein 19, mitochondrial	Tetratricopeptide repeat protein	215
D3KHH8	GL50803_17259	50.66	Protein kinase domain-containing protein	Cyclin-dependent kinase-like 2	Glycogen synthase kinase-3	Glycogen synthase kinase 3	Protein kinase domain-containing protein	33
D3KHP4	GL50803_2572	35.63	Uncharacterized protein	None	None	None	None	0
D3KHI1	GL50803_9847	90.1	Exoribonuclease phosphorolytic domain-containing protein	Exosome complex component RRP42	RRP42	Exosome complex component RRP42	Ribonuclease PH	718
D3KHI7	GL50803_16288	30.7	Uncharacterized protein	None	PF14771 domain protein	None	Exo-alpha-sialidase	4
D3KHH4	GL50803_7517	59.43	mRNA cleavage and polyadenylation factor CLP1 P-loop domain-containing protein	Polynucleotide 5'-hydroxyl-kinase nol9	CLP1_P domain-containing protein	Polynucleotide 5'-hydroxyl-kinase nol9	CLP1_P domain-containing protein	356
D3KHN4	GL50803_8847	35.28	Uncharacterized protein	None	None	None	None	0
D3KHM2	GL50803_2863	38.79	Uncharacterized protein	None	None	None	None	0
D3KHI2	GL50803_9857	55.4	Uncharacterized protein	None	None	None	None	0
D3KHQ9	GL50803_12218	52.15	Uncharacterized protein	PH and SEC7 domain-containing protein 3	ING domain-containing protein	None	PH and SEC7 domain-containing protein 3	1
D3KHR3	GL50803_19631	45.15	Uncharacterized protein	None	None	None	None	0
D3KHN2	GL50803_9057	81.76	Uncharacterized protein	Cell division control protein 6 homolog B	ATPase_AAA_core domain-containing protein	Cell division control protein	Holliday junction ATP-dependent DNA helicase RuvB	592
D3KHN5	GL50803_14085	58.38	Ankyrin repeat protein	None	Ankyrin repeat protein	None	Ankyrin repeat protein	2
D3KHQ5	GL50803_15226	25.07	Uncharacterized protein	None	None	None	None	0
D3KHQ1	GL50803_10871	85.59	Kelch motif-containing protein	Tip elongation aberrant protein 1	N-acetylneuraminate epimerase	Laminin EGF and Kelch 6 and Kelch 3 domain contai ning protein	N-acetylneuraminate epimerase	49
D3KHS1	GL50803_16402	28.06	Uncharacterized protein	None	None	None	None	0
D3KHM1	GL50803_15939	66.7	DNA recombination and repair protein Rad51-like C-terminal domain-containing protein	DNA repair protein RAD51 homolog 2	Rad51 domain-containing protein	DNA repair protein RAD51 homolog 2	Protein RecA	329
D3KHJ4	GL50803_17242	40.66	Transcription factor IIIC putative zinc-finger domain-containing protein	Polycomb group protein FIE2	UBA domain-containing protein	Nuclear pore protein (SEH1)	WD40 repeat-like protein	10
D3KHL1	GL50803_4151	24.44	Uncharacterized protein	None	None	None	None	0
D3KHL5	GL50803_7877	28.63	Uncharacterized protein	None	None	None	None	0
D3KHK2	GL50803_6331	43.51	Uncharacterized protein	None	None	None	None	0
D3KHN6	GL50803_14086	38.67	High cysteine membrane protein	None	None	None	None	0
D3KHI9	GL50803_8204	29.61	Uncharacterized protein	None	None	None	None	0
D3KHL0	GL50803_3307	30.77	Uncharacterized protein	None	None	None	None	0
D3KHJ1	GL50803_8200	89.46	GSKIP domain-containing protein	RIO-type serine/threonine-protein kinase Rio1	DUF727 domain-containing protein	DUF727 domain-containing protein	Flagellar protein	107
D3KHJ7	GL50803_4911	90.18	Major facilitator family protein	Multidrug resistance protein MdtG	MFS domain-containing protein	Probable major facilitator superfamily (MFS) transporter	MFS domain-containing protein	340
D3KHQ7	GL50803_14250	30.77	Uncharacterized protein	None	None	None	None	0
D3KHR8	GL50803_5273	46.12	Uncharacterized protein	None	Cse1 domain-containing protein	Heat shock transcription factor 2-binding protein	Cse1 domain-containing protein	1
D3KHH9	GL50803_23897	22.82	Uncharacterized protein	None	None	None	None	0
D3KHI0	GL50803_9846	58.44	Uncharacterized protein	PAN2-PAN3 deadenylation complex catalytic subunit Pan2	M20_dimer domain-containing protein	PAN2-PAN3 deadenylation complex catalytic subunit Pan2	F-box domain-containing protein	69
D3KHH3	GL50803_15145	55.76	AAA family protein	Chromosome transmission fidelity protein 18	AAA domain-containing protein	AAA domain-containing protein	Replication factor C subunit 1	339
D3KHK8	GL50803_100969	41.51	Uncharacterized protein	None	None	None	None	0
D3KHQ6	GL50803_24097	69.89	Uncharacterized protein	TPR repeat-containing protein PA0015	Peptidyl-prolyl isomerase PASTICCINO1-like	TPR repeat-containing protein PA0015	Tetratricopeptide repeat protein	90
D3KHK3	GL50803_11716	33	tRNA-intron lyase	None	None	None	None	0
D3KHK1	GL50803_6885	56.47	Uncharacterized protein	None	bPH_2 domain-containing protein	None	23, 7 kDa protein	3
D3KHL4	GL50803_16369	56.58	Uncharacterized protein	Probable sister chromatid cohesion protein DCC1	Sister chromatid cohesion protein DCC1	Probable sister chromatid cohesion protein DCC1	TFIIIC_sub6 domain-containing protein	97
D3KHP2	GL50803_5324	34.93	Uncharacterized protein	mRNA export factor mex67	mRNA export factor mex67	None	Tropomodulin	4
D3KHH0	GL50803_113616	61.72	Uncharacterized protein	None	Kinesin-like protein	None	Kinesin-like protein	1
D3KHR0	GL50803_12230	32.84	Uncharacterized protein	None	None	None	None	0
D3KHN0	GL50803_137692	43.56	Uncharacterized protein	Microtubule-associated protein 10	RPGR interacting protein 1	C2 domain-containing protein	C2 domain-containing protein	294
D3KHH1	GL50803_10218	33.42	Ubiquitinyl hydrolase 1	None	None	None	None	0
D3KHR4	GL50803_9900	76.19	Ditrans,polycis-polyprenyl diphosphate synthase ((2E,6E)-farnesyldiphosphate specific)	Dehydrodolichyl diphosphate synthase complex subunit nus1	Ditrans,polycis-polyprenyl diphosphate synthase ((2E,6E)-farnesyldiphosphate specific)	Ditrans,polycis-polyprenyl diphosphate synthase ((2E,6E)-farnesyldiphosphate specific)	Isoprenyl transferase	279
D3KHQ8	GL50803_12207	36.02	Uncharacterized protein	None	None	None	None	0
D3KHK4	GL50803_11715	48.33	Uncharacterized protein	None	GGDEF domain-containing protein	None	V-SNARE domain-containing protein	5
D3KHH2	GL50803_10221	87.69	Phospholipid/glycerol acyltransferase domain-containing protein	Lysophospholipid acyltransferase LPEAT1	PlsC domain-containing protein	PlsC domain-containing protein	PlsC domain-containing protein	325
D3KHI5	GL50803_15067	57.62	Chromosome segregation protein SMC	None	None	None	None	0
D3KHR9	GL50803_13882	49.7	Uncharacterized protein	Protein unc-45 homolog B	Xpo1 domain-containing protein	Telomere repeat-binding bouquet formation protein 1	Tetratricopeptide repeat protein	7
D3KHR2	GL50803_9913	71.52	DNA-directed DNA polymerase	NAD-dependent protein deacylase	Deacetylase sirtuin-type domain-containing protein	None	Deacetylase sirtuin-type domain-containing protein	13
D3KHJ3	GL50803_17238	38.68	Uncharacterized protein	None	GP-PDE domain-containing protein	None	Glycerophosphodiester phosphodiesterase	7
D3KHK0	GL50803_14313	39.4	Uncharacterized protein	None	None	None	None	0
D3KHL9	GL50803_8123	36.61	Uncharacterized protein	None	None	None	None	0
D3KHR5	GL50803_9899	74.72	Eukaryotic translation initiation factor eIF2A	Eukaryotic translation initiation factor 2A	Eukaryotic translation initiation factor 2A	Eukaryotic translation initiation factor 2A	Eukaryotic translation initiation factor 2A	362
D3KHI4	GL50803_9859	70.1	Protein MCM10 homolog	Protein MCM10 homolog	Protein MCM10 homolog	Protein MCM10 homolog	Protein MCM10 homolog	200
D3KHG4	GL50803_94150	45.3	TOG domain-containing protein	Protein STU1	CLIP-associating protein 1	TIP120 domain-containing protein	TOG domain-containing protein	3
D3KHG8	GL50803_300001	60.95	Pam18	Mitochondrial import inner membrane translocase subunit TIM14	Molecular chaperones (DnaJ family)	Mitochondrial import inner membrane translocase s ubunit TIM14	J domain-containing protein	418
D3KHJ0	GL50803_14662	30.65	Uncharacterized protein	None	None	None	None	0
D3KHM5	GL50803_4364	42.33	Uncharacterized protein	None	GPR89A	None	GPR89A	1
D3KHN8	GL50803_4644	41.62	Uncharacterized protein	Transmembrane and coiled-coil domain-containing protein 6	SAPS-domain-containing protein	Transmembrane and coiled-coil domains 6	Transmembrane and coiled-coil domain-containing protein 6	6
D3KHZ1	GL50803_86498	81.45	Annexin	Annexin A8	Annexin	Annexin A10	Annexin	752
D3KHW9	GL50803_10932	27.47	Uncharacterized protein	None	None	None	None	0
D3KHV4	GL50803_4687	32.01	Uncharacterized protein	None	None	None	None	0
D3KHU4	GL50803_20594	61.81	Zinc finger PHD-type domain-containing protein	None	PHD domain-containing protein	None	PHD domain-containing protein	1
D3KHT1	GL50803_16464	47.5	RING-H2 zinc finger domain-containing protein	Transmembrane E3 ubiquitin-protein ligase FLY1	RING-type domain-containing protein	RING-type domain-containing protein	RING-type domain-containing protein	172
D3KHY7	GL50803_4414	33.21	Uncharacterized protein	None	MYND-type domain-containing protein	None	MYND-type domain-containing protein	1
D3KHV8	GL50803_12866	31.19	Uncharacterized protein	None	None	None	None	0
D3KHZ6	GL50803_9336	69.69	Proteasome assembly chaperone 1	Bifunctional protein HldE	Adenosine kinase	Adenosine kinase	Adenosine kinase	81
D3KHX5	GL50803_27835	29.64	Uncharacterized protein	None	None	None	None	0
D3KHU0	GL50803_4819	55.25	Sfi1 spindle body domain-containing protein	None	None	None	None	0
D3KHW0	GL50803_2549	33.66	Uncharacterized protein	None	None	None	None	0
D3KHY5	GL50803_17532	30.46	Uncharacterized protein	None	None	None	None	0
D3KHV0	GL50803_6038	76.39	SWF/SNF family helicase	Pleckstrin homology domain-containing family M member 1	SWF/SNF family helicase	Pleckstrin homology domain-containing, family M (with RUN domain) member 1	TH1 domain-containing protein	67
D3KHT4	GL50803_17369	52.08	Uncharacterized protein	RAD51-like protein 1	Rad51 domain-containing protein	RAD51-like protein 1	ATP synthase subunit beta, chloroplastic	86
D3KHZ0	GL50803_137699	50.1	Uncharacterized protein	Elicitor-responsive protein 1	TKL protein kinase	C2 domain-containing protein	C2 domain-containing protein	288
D3KHT8	GL50803_24139	38.25	Uncharacterized protein	None	None	None	None	0
D3KHS4	GL50803_6407	61.8	SET domain-containing protein	SET and MYND domain-containing protein DDB_G0292454	SET domain-containing protein	SET and MYND domain-containing protein DDB_G0292454	SET domain-containing protein	369
D3KHW3	GL50803_7190	51.42	Uncharacterized protein	None	None	None	None	0
D3KI01	GL50803_3073	76.46	Uncharacterized protein	None	Pr6Pr family membrane protein	RT08066p	Pr6Pr family membrane protein	20
D3KHW1	GL50803_2548	59.35	Leucine-rich repeat protein	Centrosomal protein of 78 kDa	Centrosomal protein of 78 kDa	Centrosomal protein of 78 kDa	NLRC3 protein	13
D3KHW7	GL50803_8357	34.78	Uncharacterized protein	None	None	None	None	0
D3KHY8	GL50803_4416	61.37	E2F/DP family winged-helix DNA-binding domain-containing protein	Major pilus subunit operon regulatory protein	Transcriptional regulator, IclR family	D-beta-hydroxybutyrate permease	40S ribosomal protein S25	117
D3KHW2	GL50803_6174	31.72	Uncharacterized protein	None	None	None	None	0
D3KHV1	GL50803_14094	28.23	Spindle pole protein	None	None	None	None	0
D3KHZ2	GL50803_7792	81.83	Leucine-rich repeat protein	Leucine-rich repeat-containing protein 56	LRC56 protein	Si:ch211-103e16.5	Leucine-rich repeat domain-containing protein	106
D3KHV7	GL50803_27739	46.58	Uncharacterized protein	None	Phage major capsid protein	None	Phage major capsid protein	1
D3KI08	GL50803_16247	41.4	Uncharacterized protein	None	TOG domain-containing protein	None	TOG domain-containing protein	1
D3KHT5	GL50803_5248	71.65	Myb-like DNA-binding domain-containing protein	None	Myb-like DNA-binding domain-containing protein	Bas1p	Myb-like DNA-binding domain-containing protein	2
D3KI07	GL50803_14018	39.03	Uncharacterized protein	F-box protein At1g30790	F-box domain-containing protein	None	F-box protein At1g30790	1
D3KHZ4	GL50803_7790	76.29	Trafficking protein particle complex subunit	Trafficking protein particle complex subunit 6B	Trafficking protein particle complex subunit 6B	Os07g0291100 protein	Trafficking protein particle complex subunit	67
D3KI04	GL50803_14180	42.32	Uncharacterized protein	None	None	None	None	0
D3KHT9	GL50803_7599	57.23	Chromosome segregation protein SMC	None	RND family efflux transporter, MFP subunit	None	HlyD family efflux transporter periplasmic adaptor subunit	4
D3KHZ5	GL50803_14544	90.49	HhH-GPD domain-containing protein	8-oxoguanine DNA glycosylase/AP lyase	Endonuclease III	8-oxoguanine DNA glycosylase/AP lyase	Endonuclease III	954
D3KI06	GL50803_16956	38.64	Uncharacterized protein	None	GAF domain-containing sensor histidine kinase	None	GAF domain-containing sensor histidine kinase	1
D3KI02	GL50803_15887	24.04	Uncharacterized protein	None	None	None	None	0
D3KHS8	GL50803_4873	56.93	Ubiquitin-like domain-containing protein	NEDD8-like protein 2	Ubiquitin-like domain-containing protein	Ubiquitin-like domain-containing protein	Ubiquitin-like domain-containing protein	108
D3KHV2	GL50803_27699	63	C2H2-type domain-containing protein	None	C2H2-type domain-containing protein	Telomere repeat-binding zinc finger protein	C2H2-type domain-containing protein	22
D3KHX0	GL50803_29353	47.39	Uncharacterized protein	None	TIGR04255 family protein	Degenerate transposase (Orf1)	TIGR04255 family protein	4
D3KHU2	GL50803_5749	66.58	Uncharacterized protein	None	Nuclear pore complex protein Nup85	Nuclear pore protein	Tetratricopeptide repeat protein	15
D3KHU3	GL50803_21318	61.97	Exocyst complex component Sec8	Exocyst complex component 1	Exocyst complex component Sec3-domain-containing protein	Sec3_C domain-containing protein	Component of oligomeric Golgi complex 3	32
D3KHZ9	GL50803_14326	84.62	Knr4/Smi1-like domain-containing protein	Tubulin polyglutamylase complex subunit 2	Peroxin 19-1	SMI1_KNR4 domain-containing protein	SMI1_KNR4 domain-containing protein	241
D3KHX9	GL50803_7577	40.53	Uncharacterized protein	Coatomer subunit zeta-2	Coatomer subunit zeta	Robl_LC7 domain-containing protein	Coatomer subunit zeta	151
D3KHY4	GL50803_14275	85.13	Uncharacterized protein	Protein lifeguard 1	Fas apoptotic inhibitory molecule 2b	BMA-XBX-6	Bax inhibitor-1/YccA family protein	49
D3KHX1	GL50803_116574	31.11	Uncharacterized protein	None	None	None	None	0
D3KI03	GL50803_14182	48.97	Uncharacterized protein	None	None	None	None	0
D3KHT6	GL50803_5247	67.4	Uncharacterized protein	None	UBN_AB domain-containing protein	None	UBN_AB domain-containing protein	1
D3KHT7	GL50803_5246	49.58	Uncharacterized protein	None	None	None	None	0
D3KHS2	GL50803_16405	37.27	DUF4708 domain-containing protein	None	None	None	None	0
D3KI00	GL50803_26589	78.14	Uncharacterized protein	Inositol-pentakisphosphate 2-kinase	Inositol-pentakisphosphate 2-kinase	Inositol-pentakisphosphate 2-kinase	Inositol-pentakisphosphate 2-kinase	183
D3KHV9	GL50803_3680	37.9	Uncharacterized protein	None	None	None	None	0
D3KHY3	GL50803_101877	58.91	DNA polymerase alpha subunit B	DNA polymerase delta subunit 2	DNA polymerase alpha subunit B	DNA polymerase alpha subunit B	DNA polymerase alpha subunit B	113
D3KHV5	GL50803_4689	30.62	Uncharacterized protein	None	None	None	None	0
D3KI50	GL50803_16860	61.84	Uncharacterized protein	Tetratricopeptide repeat protein 27	CHAT domain-containing protein	Bm6393	Tetratricopeptide repeat protein	172
D3KI10	GL50803_2861	74.89	EF-hand domain-containing protein	Troponin C	EF-hand domain-containing protein	Probable calcium-binding protein CML13	Calmodulin	316
D3KI17	GL50803_15888	36.34	Uncharacterized protein	None	None	None	None	0
D3KI82	GL50803_16723	29.23	Uncharacterized protein	None	None	None	None	0
D3KI28	GL50803_15594	76.67	Uncharacterized protein	AP-1 complex subunit gamma-1	AP-2 complex subunit alpha	AP-4 complex subunit epsilon	Importin N-terminal domain-containing protein	88
D3KIA2	GL50803_8620	35.43	Uncharacterized protein	None	None	None	None	0
D3KI91	GL50803_29595	81.42	Uncharacterized protein	None	None	None	None	0
D3KIA3	GL50803_8625	53.67	dolichol kinase	None	None	None	None	0
D3KI51	GL50803_19910	32.07	Uncharacterized protein	None	None	None	None	0
D3KI26	GL50803_15944	84.05	SRR1 domain-containing protein	SRR1-like protein	SRR1 domain-containing protein	SRR1 domain-containing protein	Ribosomal RNA small subunit methyltransferase G	150
D3KI67	GL50803_14984	47.46	Uncharacterized protein	None	None	None	None	0
D3KI62	GL50803_29772	51.18	Uncharacterized protein	TPR repeat-containing protein PA0015	Tetratricopeptide repeat protein	Peptidylprolyl isomerase	Tetratricopeptide repeat protein	206
D3KIB2	GL50803_114445	42.07	Uncharacterized protein	None	None	None	None	0
D3KIA7	GL50803_12795	80.51	Phosducin family protein	Phosducin-like protein 3	Phosducin-like family protein	Viral IAP-associated factor homolog	Phosducin domain-containing protein	207
D3KI63	GL50803_12905	59.43	Uncharacterized protein	U3 small nucleolar RNA-associated protein 15 homolog	WD repeat-containing protein 5B	COMPASS component SWD3	WD_REPEATS_REGION domain-containing protein	46
D3KIA5	GL50803_8651	39.79	Uncharacterized protein	None	None	None	None	0
D3KI85	GL50803_116745	30.33	Uncharacterized protein	None	None	None	None	0
D3KIA0	GL50803_3539	74.5	B box-type domain-containing protein	Transcription intermediary factor 1-beta	B box-type domain-containing protein	Transcription intermediary factor 1-beta	B box-type domain-containing protein	26
D3KI70	GL50803_14987	58.83	Uncharacterized protein	Probable inactive serine/threonine-protein kinase lvsG	VCBS repeat-containing protein	WD_REPEATS_REGION domain-containing protein	ASTRA-associated protein 1	5
D3KI81	GL50803_15556	29.76	Uncharacterized protein	None	None	None	None	0
D3KI90	GL50803_4897	79.82	Ring finger domain-containing protein	RING finger protein 32	Ring finger domain-containing protein	Ring finger protein 32	RING-type domain-containing protein	147
D3KIA4	GL50803_8658	47.29	Uncharacterized protein	None	None	None	None	0
D3KI69	GL50803_9565	47.43	Uncharacterized protein	U3 small nucleolar RNA-associated protein 10	Importin N-terminal domain-containing protein	Importin subunit beta-3	Importin N-terminal domain-containing protein	23
D3KI59	GL50803_3294	86.35	Ankyrin repeat protein	Pre-rRNA-processing protein ESF2	Ankyrin repeat protein	Pre-rRNA-processing protein esf2	Activator of basal transcription 1	217
D3KI75	GL50803_87577	56.58	Uncharacterized protein	3-phenylpropionate/cinnamic acid dioxygenase ferredoxin--NAD(+) reductase component	FAD-dependent oxidoreductase	3-phenylpropionate/cinnamic acid dioxygenase ferredoxin--NAD(+) reductase component	Siroheme synthase	47
D3KIB4	GL50803_22133	83.1	HAT C-terminal dimerisation domain-containing protein	General transcription factor II-I repeat domain-containing protein 2A	general transcription factor II-I repeat domain-containing protein 2-like	Dimer_Tnp_hAT domain-containing protein	DUF4371 domain-containing protein	87
D3KIA9	GL50803_102874	51.78	Condensin II complex subunit H2 N-terminal domain-containing protein	None	None	None	None	0
D3KI45	GL50803_31144	34.16	Uncharacterized protein	None	None	None	None	0
D3KI33	GL50803_4324	36.62	Uncharacterized protein	None	None	None	None	0
D3KI23	GL50803_11245	64.74	Leucine-rich repeat protein	F-box/LRR-repeat protein 7	F-box/LRR-repeat protein	F-box/LRR-repeat protein 7	F-box domain-containing protein	182
D3KI84	GL50803_5657	37.95	Uncharacterized protein	None	None	None	None	0
D3KI16	GL50803_87492	37.76	Uncharacterized protein	None	None	None	None	0
D3KIA1	GL50803_8616	57.82	Uncharacterized protein	None	None	None	None	0
D3KI61	GL50803_12147	40.89	Uncharacterized protein	None	Protein BREAST CANCER SUSCEPTIBILITY B	None	Protein BREAST CANCER SUSCEPTIBILITY B	1
D3KI95	GL50803_8449	34.93	Uncharacterized protein	None	None	None	None	0
D3KI29	GL50803_6615	38.9	FHA domain-containing protein	None	FHA domain-containing protein	FHA domain-containing protein	FHA domain-containing protein	24
D3KI83	GL50803_7411	59.62	Uncharacterized protein	Antiviral protein SKI8	WD40 repeat-like protein	WD_REPEATS_REGION domain-containing protein	WD40 repeat-like protein	17
D3KI30	GL50803_5063	51.44	Uncharacterized protein	None	None	None	None	0
D3KI13	GL50803_87461	70.86	DinF protein	Protein DETOXIFICATION 54	MATE family efflux transporter	Protein DETOXIFICATION	Protein DETOXIFICATION	181
D3KIB6	GL50803_15553	57.31	Leucine-rich repeat protein	Ribonuclease inhibitor	RNI-like protein	Si:dkey-286j17.4	F-box domain-containing protein	48
D3KI64	GL50803_2118	41.47	Uncharacterized protein	None	None	None	None	0
D3KI24	GL50803_7685	72.17	Nucleoporin NSP1-like C-terminal domain-containing protein	None	None	None	None	0
D3KI20	GL50803_2362	67.03	Kelch motif-containing protein	RING finger protein B	Kelch motif-containing protein	SAM domain-containing protein	BTB domain-containing protein	32
D3KI72	GL50803_14989	34.55	Uncharacterized protein	None	None	None	None	0
D3KI21	GL50803_17569	59.55	Uncharacterized protein	Ubiquitin carboxyl-terminal hydrolase 17	Ubiquitin carboxyl-terminal hydrolase	Ubiquitin carboxyl-terminal hydrolase	Ubiquitin carboxyl-terminal hydrolase	19
D3KI41	GL50803_17079	62.92	DDE Tnp4 domain-containing protein	None	Transposase	DDE Tnp4 domain-containing protein	DDE Tnp4 domain-containing protein	83
D3KI42	GL50803_34850	65.19	Protein kish	Serine--tRNA ligase	Membrane protein	C2H2-type domain-containing protein	Serine--tRNA ligase	9
D3KI22	GL50803_11244	31.08	Uncharacterized protein	None	None	None	None	0
D3KI73	GL50803_9571	72.8	Uncharacterized protein	Checkpoint protein hus1 homolog	Checkpoint protein	Checkpoint protein hus1 homolog	Checkpoint protein	56
D3KI40	GL50803_5474	32.83	Uncharacterized protein	None	None	None	None	0
D3KI35	GL50803_11139	40.27	Uncharacterized protein	None	None	None	None	0
D3KI15	GL50803_15948	92.84	WD domain, G-beta repeat-containing protein	WD repeat and FYVE domain-containing protein 1	WD-40 repeat-containing protein	WD repeat and FYVE domain-containing protein 1	WD_REPEATS_REGION domain-containing protein	95
D3KI25	GL50803_33863	39.25	DinF protein	None	None	None	None	0
D3KI76	GL50803_7651	32.32	Uncharacterized protein	Elongation factor 2	Tr-type G domain-containing protein	Elongation factor 2	Elongation factor 4	174
D3KI79	GL50803_16157	52.18	RING-type zinc-finger domain-containing protein	Intersectin-1	Membrane fusion protein (Multidrug efflux system)	Intersectin-1	Flagellar FliJ protein	35
D3KI60	GL50803_17623	80.03	Kelch motif-containing protein	Nitrile-specifier protein 5	Ankyrin repeat protein	SAM domain-containing protein	F-box domain-containing protein	79
D3KIB5	GL50803_15769	79.32	Uncharacterized protein	Zinc finger BED domain-containing protein 5	General transcription factor II-I repeat domain-containing protein 2B	DUF4371 domain-containing protein	DUF4371 domain-containing protein	97
D3KI38	GL50803_111911	43.18	Component of oligomeric Golgi complex 8	None	Component of oligomeric Golgi complex 3	None	Component of oligomeric Golgi complex 3	1
D3KI31	GL50803_10239	47.29	Uncharacterized protein	Endothelial cell-selective adhesion molecule	Basigin	None	Ig-like domain-containing protein	4
D3KI77	GL50803_13382	30.47	Uncharacterized protein	None	None	None	None	0
E2RTQ7	GL50803_5358	91.63	Aurora kinase	Aurora kinase A	Aurora kinase	Aurora kinase	Non-specific serine/threonine protein kinase	497
E2RTU0	GL50803_17563	91.65	Mitogen-activated protein kinase	Extracellular signal-regulated kinase 1	Mitogen-activated protein kinase	Mitogen-activated protein kinase	Protein kinase domain-containing protein	430
E2RTS8	GL50803_16217	74.22	UDP-N-acetylglucosamine pyrophosphorylase	Probable uridylyltransferase SSP0716	UDP-N-acetylglucosamine pyrophosphorylase	Unplaced genomic scaffold supercont1.3, whole genome shotgun sequence	2-C-methyl-D-erythritol 4-phosphate cytidylyltransferase	173
E2RTS2	GL50803_103891	93.9	Chaperonin 60	60 kDa chaperonin	Chaperonin GroEL	Chaperonin_HSP60_-_mitochondrial_precursor	60 kDa chaperonin	911
E2RTQ8	GL50803_4631	70.37	BC2-ORF2	Isoprenyl transferase	BC2-ORF2/B	Ditrans,polycis-undecaprenyl-diphosphate synthase ((2E,6E)-farnesyl-diphosphate specific)	Isoprenyl transferase	789
E2RTT8	GL50803_13996	93.41	Alpha-15 giardin	Giardin subunit alpha-4	Alpha-15 giardin	Annexin	Annexin	639
E2RTU2	GL50803_8565	83.6	Yip	Protein YIPF7	Yip	Protein YIP	Protein YIPF	215
E2RTT4	GL50803_14670	88.57	Protein disulfide isomerase PDI3	Thioredoxin domain-containing protein 5 homolog	Thioredoxin domain-containing protein	Protein disulfide-isomerase	Thioredoxin	585
E2RTS3	GL50803_7662	76.95	RNase L inhibitor	Translation initiation factor RLI1	Ribosome biogenesis/translation initiation ATPase RLI	Translation initiation factor RLI1	ABC transporter ATP-binding protein	310
E2RTR3	GL50803_2897	80.79	Furin putative serine protease	Furin-like protease 1, isoform 1-CRR	P/Homo B domain-containing protein	P/Homo B domain-containing protein	P/Homo B domain-containing protein	344
E2RTT9	GL50803_17540	53.32	ARID1 AT-rich interaction domain protein	High mobility group B protein 15	ARID1 AT-rich interaction domain protein	ARID domain-containing protein	ARID domain-containing protein	28
E2RTW0	GL50803_3760	95.29	Ankyrin repeat protein 1	Ankyrin-3	Ankyrin repeat protein	ANK_REP_REGION domain-containing protein	Ankyrin_rpt-contain_dom domain-containing protein	138
E2RTU7	GL50803_4812	82.05	Beta-giardin	SF-assemblin	Beta-giardin	None	SF-assemblin	1
E2RTP8	GL50803_17198	65.14	Leucine-rich repeat protein	Leucine-rich repeat extensin-like protein 2	Leucine-rich repeat protein	LRR receptor-like serine/threonine-protein kinase EFR	LRRNT_2 domain-containing protein	163
E2RTU1	GL50803_6626	92.14	Mnd1	Meiotic nuclear division protein 1 homolog	Mnd1, meiotic nuclear division protein 1	Meiotic nuclear division protein 1 homolog	Meiotic nuclear division protein 1 homolog	86
E2RTS5	GL50803_8722	49.72	Myb 1-like protein	snRNA-activating protein complex subunit 4	Myb domain 4r1	Myb domain protein 93	MYB family protein	4
E2RTN7	GL50803_17230	55.87	Gamma giardin	None	None	None	None	0
E2RTV1	GL50803_11992	91.79	T-complex protein 1 subunit epsilon	T-complex protein 1 subunit epsilon	CCT-epsilon	CCT-epsilon	60 kDa chaperonin	668
E2RTT5	GL50803_5328	90.82	AP complex subunit sigma	AP-2 complex subunit sigma	AP complex subunit sigma	AP complex subunit sigma	AP complex subunit sigma	296
E2RTN9	GL50803_33232	72.48	GARP-like protein 4	None	HTH myb-type domain-containing protein	None	HTH myb-type domain-containing protein	2
E2RTQ9	GL50803_7796	94.89	Alpha-2 giardin	Giardin subunit alpha-2	Alpha-2 giardin	Annexin	Annexin	788
E2RTN8	GL50803_13194	86.44	VSP AS8	Variant-specific surface protein VSP4A1	VSP AS8	None	Variant-specific surface protein	208
E2RTN4	GL50803_16086	65.09	Ribosomal protein L2	60S ribosomal protein L2	Ribosomal protein L2	60S ribosomal protein L8	50S ribosomal protein L2	1331
E2RTN2	GL50803_16069	95.48	phosphoglucomutase (alpha-D-glucose-1,6-bisphosphate-dependent)	Phosphoglucomutase/phosphomannomutase	Phosphoglucosamine mutase	Phosphoglucosamine mutase	Phosphoglucosamine mutase	945
E2RTT6	GL50803_10311	94.87	Ornithine carbamoyltransferase	Ornithine carbamoyltransferase	Ornithine transcarbamylase	Ornithine carbamoyltransferase	Aspartate carbamoyltransferase	882
E2RTV0	GL50803_4125	74.56	Transcription factor IIIB 70 kDa subunit BRF	Transcription factor IIIB 70 kDa subunit	B-related factor 1	B-related factor 1	Transcription initiation factor IIB	288
E2RTW1	GL50803_114119	83.2	Alpha-7.2 giardin	Giardin subunit alpha-9	Alpha-6 giardin	Annexin	Annexin	747
E2RTW5	GL50803_4026	83.99	Alpha-19 giardin	Annexin E1	Annexin	Annexin	Annexin	774
E2RTS0	GL50803_6563	94.4	uracil phosphoribosyltransferase	Uracil phosphoribosyltransferase	Uracil phosphoribosyltransferase	Uracil phosphoribosyltransferase	Uracil phosphoribosyltransferase	853
E2RTV5	GL50803_16424	72.18	Disc-associated protein	Myeloid leukemia factor 1	Disc-associated protein	Myeloid leukemia factor 1	Myeloid leukemia factor 1	48
E2RTS9	GL50803_8471	75.7	Gp49, putative	Acid ceramidase	TMP52	N-acylethanolamine-hydrolyzing acid amidase	Ceramidase	27
E2RTR4	GL50803_86444	85.74	Kinase, AGC PKA	Serine/threonine-protein kinase Sgk2	Non-specific serine/threonine protein kinase	Serine/threonine-protein kinase Sgk2	Non-specific serine/threonine protein kinase	401
E2RTS4	GL50803_10036	77.33	Alpha-16 giardin	Giardin subunit alpha-1	Alpha-16 giardin	Annexin	Annexin	771
E2RTP2	GL50803_14581	95.02	Chaperone protein DnaK HSP70	Chaperone protein dnaK2	Chaperone protein DnaK	Hsp70 family ATPase	Chaperone protein DnaK	656
E2RTV9	GL50803_14451	73.34	ATP-dependent RNA helicase	ATP-dependent RNA helicase ROK1	RNA helicase	Probable ATP-dependent RNA helicase ddx52	RNA helicase	405
E2RTQ2	GL50803_16945	76.8	Kinesin-like protein	Kinesin-related protein 6	Kinesin-like protein	Kinesin-like protein	Kinesin-like protein	649
E2RTS6	GL50803_11118	94.42	phosphopyruvate hydratase	Enolase	Phosphopyruvate hydratase	Phosphopyruvate hydratase	Enolase	1012
E2RTP3	GL50803_3593	96.43	Alcohol dehydrogenase 3	Long-chain primary alcohol dehydrogenase AdhA	Iron-containing alcohol dehydrogenase	Probable iron-containing alcohol dehydrogenase	Iron-containing alcohol dehydrogenase	317
E2RTN3	GL50803_10829	91.97	Glucosamine-6-phosphate isomerase	Glucosamine-6-phosphate isomerase 2	Glucosamine-6-phosphate deaminase	Glucosamine-6-phosphate isomerase	Glucosamine-6-phosphate deaminase	859
D3KIC6	GL50803_12161	41.18	Uncharacterized protein	None	None	None	None	0
D3KIC4	GL50803_93601	51.08	Uncharacterized protein	Myotilin	Por_Secre_tail domain-containing protein	None	Allorecognition 2	9
E2RTS7	GL50803_5435	75.26	Cyst wall protein 2	Probable LRR receptor-like serine/threonine-protein kinase At1g63430	Fibronectin type-III domain-containing protein	Protein kinase domain-containing protein	Protein kinase domain-containing protein	135
D3KIC5	GL50803_15013	39.31	Uncharacterized protein	Calcium-binding protein SPEC 1A	Calcineurin regulatory subunit	None	Calcium-binding protein SPEC 1A	1
E2RTS1	GL50803_9368	96.73	Pyruvate formate-lyase activating enzyme	Pyruvate formate-lyase 1-activating enzyme	Pyruvate-formate lyase-activating enzyme lateral transfer candidate	Probable pyruvate formate lyase activating protein PflA (Formate acetyltransferase activating enzyme) ([pyruvate formate-lyase] activating enzyme)	Biotin synthase	606
E2RTP7	GL50803_13346	92.21	Dmc1b	Meiotic recombination protein DMC1 homolog B	Dmc1b	Meiotic recombination protein DMC1 homolog B	Protein RecA	372
E2RTU5	GL50803_6436	85.69	Guanine phosphoribosyltransferase	Hypoxanthine phosphoribosyltransferase	Hypoxanthine-guanine-xanthine phosphoribosyltransferase	Hypoxanthine phosphoribosyltransferase	Hypoxanthine phosphoribosyltransferase	789
E2RTU3	GL50803_15868	52.05	Mitogen-activated protein kinase kinase kinase 1	None	E3 ubiquitin-ligase ZSWIM2	Zinc finger, SWIM-type-containing 2	SWIM-type domain-containing protein	4
E2RTT2	GL50803_5333	73.35	Calmodulin	Calmodulin	Calmodulin	Calmodulin	Calmodulin	320
E2RTU4	GL50803_17153	93.39	Alpha-11 giardin	Giardin subunit alpha-9	Giardin subunit alpha-9	Annexin	Annexin	781
E2RTR0	GL50803_91919	92.88	T-complex protein 1 subunit alpha	T-complex protein 1 subunit alpha	CCT-alpha	CCT-alpha	60 kDa chaperonin	669
E2RTN5	GL50803_8917	87.58	Mu adaptin	AP-2 complex subunit mu	MHD domain-containing protein	Unplaced genomic scaffold supercont1.7, whole genome shotgun sequence	MHD domain-containing protein	200
E2RTR8	GL50803_29487	92.08	Protein disulfide isomerase	Thioredoxin domain-containing protein C13F5.05, mitochondrial	Thioredoxin domain-containing protein	Thioredoxin	Thioredoxin domain-containing protein	362
E2RTR9	GL50803_1076	86.78	Alpha-13 giardin	Giardin subunit alpha-4	Alpha-13 giardin	Annexin	Annexin	718
E2RTP6	GL50803_103373	83.86	Alpha-7.1 giardin	Giardin subunit alpha-9	Alpha-6 giardin	Annexin	Annexin	735
E2RTQ4	GL50803_7309	87.37	Qa-SNARE 1	Golgi SNAP receptor complex member 1	Syntaxin-32 isoform B	t-SNARE coiled-coil homology domain-containing protein	t-SNARE coiled-coil homology domain-containing protein	58
E2RTP4	GL50803_11654	95.09	Alpha-1 giardin	Giardin subunit alpha-1	Alpha-1 giardin	Annexin	Annexin	788
E2RTN0	GL50803_15955	76.27	DNA-directed RNA polymerase II RPB6	Probable DNA-directed RNA polymerases I, II, and III subunit RPABC2	DNA-directed RNA polymerase II RPB6	Probable DNA-directed RNA polymerases I, II, and III subunit RPABC2	DNA-directed RNA polymerase subunit K	237
E2RTV3	GL50803_16501	85.96	VSP with INR	Variant-specific surface protein VSP4A1	VSP	None	Variant-specific surface protein	252
E2RTP0	GL50803_11214	91.31	Kinase, AGC PKA	cAMP-dependent protein kinase catalytic subunit 3	Protein kinase X-linked	Protein kinase A catalytic subunit	Non-specific serine/threonine protein kinase	478
E2RTY8	GL50803_10358	84.69	A-type flavoprotein	Nitric oxide reductase	A-type flavoprotein	Type A flavoprotein FprA	MBL fold metallo-hydrolase	158
E2RTX9	GL50803_8102	68.7	ARID2 AT-rich interaction domain protein	None	ARID2 AT-rich interaction domain protein	FBD-like domain family protein	DNA-binding protein RAP1	17
E2RTY0	GL50803_11364	71.35	kinase, AGC Akt	Serine/threonine-protein kinase Sgk2	Serine/threonine-protein kinase Sgk1-like	Serine/threonine-protein kinase Sgk2	Non-specific serine/threonine protein kinase	488
E2RTW7	GL50803_14497	93.62	20S proteasome alpha subunit 3	Proteasome subunit alpha type-4	Proteasome subunit alpha type	Proteasome subunit alpha type	Proteasome subunit beta	447
E2RU29	GL50803_135231	69.55	Histone H3	Histone H3.2	Histone H3	Histone H3	Histone domain-containing protein	296
E2RTZ5	GL50803_2851	79.45	Histone acetyltransferase	Histone acetyltransferase of the MYST family 1	Histone acetyltransferase	Histone acetyltransferase	Histone acetyltransferase	886
E2RU24	GL50803_940	94.44	Rab13	Ras-related protein Rab-39B	Rab_A74 protein	RAB family	GTP-binding protein	76
E2RTW9	GL50803_96994	86.77	Qa-SNARE 3	Syntaxin-1A	t-SNARE coiled-coil homology domain-containing protein	Os06g0168500 protein	t-SNARE coiled-coil homology domain-containing protein	234
E2RU45	GL50803_23833	78.34	Vacuolar protein sorting 35	Vacuolar protein sorting-associated protein 35C	Vacuolar protein sorting-associated protein 35	Vacuolar protein sorting-associated protein 35	Vacuolar protein sorting-associated protein 35	161